geoAreaCode,geoAreaName,year,value,series,time_detail,source
4,Afghanistan,2000.0,1.04,EG_EGY_PRIM,,"Energy Balances, UN Statistics Division (2024)"
4,Afghanistan,2001.0,1.15,EG_EGY_PRIM,,"Energy Balances, UN Statistics Division (2024)"
4,Afghanistan,2002.0,1.07,EG_EGY_PRIM,,"Energy Balances, UN Statistics Division (2024)"
4,Afghanistan,2003.0,1.06,EG_EGY_PRIM,,"Energy Balances, UN Statistics Division (2024)"
4,Afghanistan,2004.0,0.92,EG_EGY_PRIM,,"Energy Balances, UN Statistics Division (2024)"
4,Afghanistan,2005.0,1.07,EG_EGY_PRIM,,"Energy Balances, UN Statistics Division (2024)"
4,Afghanistan,2006.0,1.15,EG_EGY_PRIM,,"Energy Balances, UN Statistics Division (2024)"
4,Afghanistan,2007.0,1.17,EG_EGY_PRIM,,"Energy Balances, UN Statistics Division (2024)"
4,Afghanistan,2008.0,1.49,EG_EGY_PRIM,,"Energy Balances, UN Statistics Division (2024)"
4,Afghanistan,2009.0,1.74,EG_EGY_PRIM,,"Energy Balances, UN Statistics Division (2024)"
4,Afghanistan,2010.0,2.01,EG_EGY_PRIM,,"Energy Balances, UN Statistics Division (2024)"
4,Afghanistan,2011.0,2.49,EG_EGY_PRIM,,"Energy Balances, UN Statistics Division (2024)"
4,Afghanistan,2012.0,1.99,EG_EGY_PRIM,,"Energy Balances, UN Statistics Division (2024)"
4,Afghanistan,2013.0,1.87,EG_EGY_PRIM,,"Energy Balances, UN Statistics Division (2024)"
4,Afghanistan,2014.0,1.7,EG_EGY_PRIM,,"Energy Balances, UN Statistics Division (2024)"
4,Afghanistan,2015.0,1.8,EG_EGY_PRIM,,"Energy Balances, UN Statistics Division (2024)"
4,Afghanistan,2016.0,1.69,EG_EGY_PRIM,,"Energy Balances, UN Statistics Division (2024)"
4,Afghanistan,2017.0,1.73,EG_EGY_PRIM,,"Energy Balances, UN Statistics Division (2024)"
4,Afghanistan,2018.0,1.84,EG_EGY_PRIM,,"Energy Balances, UN Statistics Division (2024)"
4,Afghanistan,2019.0,1.81,EG_EGY_PRIM,,"Energy Balances, UN Statistics Division (2024)"
4,Afghanistan,2020.0,1.94,EG_EGY_PRIM,,"Energy Balances, UN Statistics Division (2024)"
4,Afghanistan,2021.0,2.08,EG_EGY_PRIM,,"Energy Balances, UN Statistics Division (2024)"
4,Afghanistan,2022.0,2.25,EG_EGY_PRIM,,"Energy Balances, UN Statistics Division (2024)"
2,Africa,2000.0,4.95,EG_EGY_PRIM,,"IEA (2024), World Energy Balances; Energy Balances, UN Statistics Division (2024)"
2,Africa,2001.0,4.88,EG_EGY_PRIM,,"IEA (2024), World Energy Balances; Energy Balances, UN Statistics Division (2024)"
2,Africa,2002.0,4.74,EG_EGY_PRIM,,"IEA (2024), World Energy Balances; Energy Balances, UN Statistics Division (2024)"
2,Africa,2003.0,4.76,EG_EGY_PRIM,,"IEA (2024), World Energy Balances; Energy Balances, UN Statistics Division (2024)"
2,Africa,2004.0,4.76,EG_EGY_PRIM,,"IEA (2024), World Energy Balances; Energy Balances, UN Statistics Division (2024)"
2,Africa,2005.0,4.67,EG_EGY_PRIM,,"IEA (2024), World Energy Balances; Energy Balances, UN Statistics Division (2024)"
2,Africa,2006.0,4.54,EG_EGY_PRIM,,"IEA (2024), World Energy Balances; Energy Balances, UN Statistics Division (2024)"
2,Africa,2007.0,4.44,EG_EGY_PRIM,,"IEA (2024), World Energy Balances; Energy Balances, UN Statistics Division (2024)"
2,Africa,2008.0,4.41,EG_EGY_PRIM,,"IEA (2024), World Energy Balances; Energy Balances, UN Statistics Division (2024)"
2,Africa,2009.0,4.38,EG_EGY_PRIM,,"IEA (2024), World Energy Balances; Energy Balances, UN Statistics Division (2024)"
2,Africa,2010.0,4.24,EG_EGY_PRIM,,"IEA (2024), World Energy Balances; Energy Balances, UN Statistics Division (2024)"
2,Africa,2011.0,4.32,EG_EGY_PRIM,,"IEA (2024), World Energy Balances; Energy Balances, UN Statistics Division (2024)"
2,Africa,2012.0,4.22,EG_EGY_PRIM,,"IEA (2024), World Energy Balances; Energy Balances, UN Statistics Division (2024)"
2,Africa,2013.0,4.15,EG_EGY_PRIM,,"IEA (2024), World Energy Balances; Energy Balances, UN Statistics Division (2024)"
2,Africa,2014.0,4.17,EG_EGY_PRIM,,"IEA (2024), World Energy Balances; Energy Balances, UN Statistics Division (2024)"
2,Africa,2015.0,4.05,EG_EGY_PRIM,,"IEA (2024), World Energy Balances; Energy Balances, UN Statistics Division (2024)"
2,Africa,2016.0,4.09,EG_EGY_PRIM,,"IEA (2024), World Energy Balances; Energy Balances, UN Statistics Division (2024)"
2,Africa,2017.0,4.04,EG_EGY_PRIM,,"IEA (2024), World Energy Balances; Energy Balances, UN Statistics Division (2024)"
2,Africa,2018.0,3.93,EG_EGY_PRIM,,"IEA (2024), World Energy Balances; Energy Balances, UN Statistics Division (2024)"
2,Africa,2019.0,3.96,EG_EGY_PRIM,,"IEA (2024), World Energy Balances; Energy Balances, UN Statistics Division (2024)"
2,Africa,2020.0,3.92,EG_EGY_PRIM,,"IEA (2024), World Energy Balances; Energy Balances, UN Statistics Division (2024)"
2,Africa,2021.0,3.98,EG_EGY_PRIM,,"IEA (2024), World Energy Balances; Energy Balances, UN Statistics Division (2024)"
2,Africa,2022.0,3.91,EG_EGY_PRIM,,"IEA (2024), World Energy Balances; Energy Balances, UN Statistics Division (2024)"
8,Albania,2000.0,3.71,EG_EGY_PRIM,,"IEA (2024), World Energy Balances"
8,Albania,2001.0,3.49,EG_EGY_PRIM,,"IEA (2024), World Energy Balances"
8,Albania,2002.0,3.68,EG_EGY_PRIM,,"IEA (2024), World Energy Balances"
8,Albania,2003.0,3.41,EG_EGY_PRIM,,"IEA (2024), World Energy Balances"
8,Albania,2004.0,3.55,EG_EGY_PRIM,,"IEA (2024), World Energy Balances"
8,Albania,2005.0,3.37,EG_EGY_PRIM,,"IEA (2024), World Energy Balances"
8,Albania,2006.0,3.1,EG_EGY_PRIM,,"IEA (2024), World Energy Balances"
8,Albania,2007.0,2.8,EG_EGY_PRIM,,"IEA (2024), World Energy Balances"
8,Albania,2008.0,2.7,EG_EGY_PRIM,,"IEA (2024), World Energy Balances"
8,Albania,2009.0,2.67,EG_EGY_PRIM,,"IEA (2024), World Energy Balances"
8,Albania,2010.0,2.56,EG_EGY_PRIM,,"IEA (2024), World Energy Balances"
8,Albania,2011.0,2.61,EG_EGY_PRIM,,"IEA (2024), World Energy Balances"
8,Albania,2012.0,2.31,EG_EGY_PRIM,,"IEA (2024), World Energy Balances"
8,Albania,2013.0,2.66,EG_EGY_PRIM,,"IEA (2024), World Energy Balances"
8,Albania,2014.0,2.63,EG_EGY_PRIM,,"IEA (2024), World Energy Balances"
8,Albania,2015.0,2.41,EG_EGY_PRIM,,"IEA (2024), World Energy Balances"
8,Albania,2016.0,2.4,EG_EGY_PRIM,,"IEA (2024), World Energy Balances"
8,Albania,2017.0,2.43,EG_EGY_PRIM,,"IEA (2024), World Energy Balances"
8,Albania,2018.0,2.32,EG_EGY_PRIM,,"IEA (2024), World Energy Balances"
8,Albania,2019.0,2.25,EG_EGY_PRIM,,"IEA (2024), World Energy Balances"
8,Albania,2020.0,2.16,EG_EGY_PRIM,,"IEA (2024), World Energy Balances"
8,Albania,2021.0,2.09,EG_EGY_PRIM,,"IEA (2024), World Energy Balances"
8,Albania,2022.0,1.89,EG_EGY_PRIM,,"IEA (2024), World Energy Balances"
12,Algeria,2000.0,3.16,EG_EGY_PRIM,,"IEA (2024), World Energy Balances"
12,Algeria,2001.0,3.08,EG_EGY_PRIM,,"IEA (2024), World Energy Balances"
12,Algeria,2002.0,3.12,EG_EGY_PRIM,,"IEA (2024), World Energy Balances"
12,Algeria,2003.0,3.12,EG_EGY_PRIM,,"IEA (2024), World Energy Balances"
12,Algeria,2004.0,3.02,EG_EGY_PRIM,,"IEA (2024), World Energy Balances"
12,Algeria,2005.0,2.98,EG_EGY_PRIM,,"IEA (2024), World Energy Balances"
12,Algeria,2006.0,3.11,EG_EGY_PRIM,,"IEA (2024), World Energy Balances"
12,Algeria,2007.0,3.19,EG_EGY_PRIM,,"IEA (2024), World Energy Balances"
12,Algeria,2008.0,3.16,EG_EGY_PRIM,,"IEA (2024), World Energy Balances"
12,Algeria,2009.0,3.41,EG_EGY_PRIM,,"IEA (2024), World Energy Balances"
12,Algeria,2010.0,3.33,EG_EGY_PRIM,,"IEA (2024), World Energy Balances"
12,Algeria,2011.0,3.36,EG_EGY_PRIM,,"IEA (2024), World Energy Balances"
12,Algeria,2012.0,3.59,EG_EGY_PRIM,,"IEA (2024), World Energy Balances"
12,Algeria,2013.0,3.61,EG_EGY_PRIM,,"IEA (2024), World Energy Balances"
12,Algeria,2014.0,3.77,EG_EGY_PRIM,,"IEA (2024), World Energy Balances"
12,Algeria,2015.0,3.89,EG_EGY_PRIM,,"IEA (2024), World Energy Balances"
12,Algeria,2016.0,3.7,EG_EGY_PRIM,,"IEA (2024), World Energy Balances"
12,Algeria,2017.0,3.75,EG_EGY_PRIM,,"IEA (2024), World Energy Balances"
12,Algeria,2018.0,3.94,EG_EGY_PRIM,,"IEA (2024), World Energy Balances"
12,Algeria,2019.0,4.03,EG_EGY_PRIM,,"IEA (2024), World Energy Balances"
12,Algeria,2020.0,4.05,EG_EGY_PRIM,,"IEA (2024), World Energy Balances"
12,Algeria,2021.0,4.19,EG_EGY_PRIM,,"IEA (2024), World Energy Balances"
12,Algeria,2022.0,4.25,EG_EGY_PRIM,,"IEA (2024), World Energy Balances"
16,American Samoa,2000.0,,EG_EGY_PRIM,,"Energy Balances, UN Statistics Division (2024)"
16,American Samoa,2001.0,,EG_EGY_PRIM,,"Energy Balances, UN Statistics Division (2024)"
16,American Samoa,2002.0,,EG_EGY_PRIM,,"Energy Balances, UN Statistics Division (2024)"
16,American Samoa,2003.0,,EG_EGY_PRIM,,"Energy Balances, UN Statistics Division (2024)"
16,American Samoa,2004.0,,EG_EGY_PRIM,,"Energy Balances, UN Statistics Division (2024)"
16,American Samoa,2005.0,,EG_EGY_PRIM,,"Energy Balances, UN Statistics Division (2024)"
16,American Samoa,2006.0,,EG_EGY_PRIM,,"Energy Balances, UN Statistics Division (2024)"
16,American Samoa,2007.0,,EG_EGY_PRIM,,"Energy Balances, UN Statistics Division (2024)"
16,American Samoa,2008.0,,EG_EGY_PRIM,,"Energy Balances, UN Statistics Division (2024)"
16,American Samoa,2009.0,,EG_EGY_PRIM,,"Energy Balances, UN Statistics Division (2024)"
16,American Samoa,2010.0,,EG_EGY_PRIM,,"Energy Balances, UN Statistics Division (2024)"
16,American Samoa,2011.0,,EG_EGY_PRIM,,"Energy Balances, UN Statistics Division (2024)"
16,American Samoa,2012.0,,EG_EGY_PRIM,,"Energy Balances, UN Statistics Division (2024)"
16,American Samoa,2013.0,,EG_EGY_PRIM,,"Energy Balances, UN Statistics Division (2024)"
16,American Samoa,2014.0,,EG_EGY_PRIM,,"Energy Balances, UN Statistics Division (2024)"
16,American Samoa,2015.0,,EG_EGY_PRIM,,"Energy Balances, UN Statistics Division (2024)"
16,American Samoa,2016.0,,EG_EGY_PRIM,,"Energy Balances, UN Statistics Division (2024)"
16,American Samoa,2017.0,,EG_EGY_PRIM,,"Energy Balances, UN Statistics Division (2024)"
16,American Samoa,2018.0,,EG_EGY_PRIM,,"Energy Balances, UN Statistics Division (2024)"
16,American Samoa,2019.0,,EG_EGY_PRIM,,"Energy Balances, UN Statistics Division (2024)"
16,American Samoa,2020.0,,EG_EGY_PRIM,,"Energy Balances, UN Statistics Division (2024)"
16,American Samoa,2021.0,,EG_EGY_PRIM,,"Energy Balances, UN Statistics Division (2024)"
16,American Samoa,2022.0,,EG_EGY_PRIM,,"Energy Balances, UN Statistics Division (2024)"
19,Americas,2000.0,5.29,EG_EGY_PRIM,,"IEA (2024), World Energy Balances; Energy Balances, UN Statistics Division (2024)"
19,Americas,2001.0,5.17,EG_EGY_PRIM,,"IEA (2024), World Energy Balances; Energy Balances, UN Statistics Division (2024)"
19,Americas,2002.0,5.18,EG_EGY_PRIM,,"IEA (2024), World Energy Balances; Energy Balances, UN Statistics Division (2024)"
19,Americas,2003.0,5.12,EG_EGY_PRIM,,"IEA (2024), World Energy Balances; Energy Balances, UN Statistics Division (2024)"
19,Americas,2004.0,5.01,EG_EGY_PRIM,,"IEA (2024), World Energy Balances; Energy Balances, UN Statistics Division (2024)"
19,Americas,2005.0,4.89,EG_EGY_PRIM,,"IEA (2024), World Energy Balances; Energy Balances, UN Statistics Division (2024)"
19,Americas,2006.0,4.72,EG_EGY_PRIM,,"IEA (2024), World Energy Balances; Energy Balances, UN Statistics Division (2024)"
19,Americas,2007.0,4.67,EG_EGY_PRIM,,"IEA (2024), World Energy Balances; Energy Balances, UN Statistics Division (2024)"
19,Americas,2008.0,4.54,EG_EGY_PRIM,,"IEA (2024), World Energy Balances; Energy Balances, UN Statistics Division (2024)"
19,Americas,2009.0,4.45,EG_EGY_PRIM,,"IEA (2024), World Energy Balances; Energy Balances, UN Statistics Division (2024)"
19,Americas,2010.0,4.43,EG_EGY_PRIM,,"IEA (2024), World Energy Balances; Energy Balances, UN Statistics Division (2024)"
19,Americas,2011.0,4.3,EG_EGY_PRIM,,"IEA (2024), World Energy Balances; Energy Balances, UN Statistics Division (2024)"
19,Americas,2012.0,4.18,EG_EGY_PRIM,,"IEA (2024), World Energy Balances; Energy Balances, UN Statistics Division (2024)"
19,Americas,2013.0,4.18,EG_EGY_PRIM,,"IEA (2024), World Energy Balances; Energy Balances, UN Statistics Division (2024)"
19,Americas,2014.0,4.13,EG_EGY_PRIM,,"IEA (2024), World Energy Balances; Energy Balances, UN Statistics Division (2024)"
19,Americas,2015.0,4.02,EG_EGY_PRIM,,"IEA (2024), World Energy Balances; Energy Balances, UN Statistics Division (2024)"
19,Americas,2016.0,3.96,EG_EGY_PRIM,,"IEA (2024), World Energy Balances; Energy Balances, UN Statistics Division (2024)"
19,Americas,2017.0,3.87,EG_EGY_PRIM,,"IEA (2024), World Energy Balances; Energy Balances, UN Statistics Division (2024)"
19,Americas,2018.0,3.85,EG_EGY_PRIM,,"IEA (2024), World Energy Balances; Energy Balances, UN Statistics Division (2024)"
19,Americas,2019.0,3.8,EG_EGY_PRIM,,"IEA (2024), World Energy Balances; Energy Balances, UN Statistics Division (2024)"
19,Americas,2020.0,3.66,EG_EGY_PRIM,,"IEA (2024), World Energy Balances; Energy Balances, UN Statistics Division (2024)"
19,Americas,2021.0,3.62,EG_EGY_PRIM,,"IEA (2024), World Energy Balances; Energy Balances, UN Statistics Division (2024)"
19,Americas,2022.0,3.57,EG_EGY_PRIM,,"IEA (2024), World Energy Balances; Energy Balances, UN Statistics Division (2024)"
20,Andorra,2000.0,2.48,EG_EGY_PRIM,,"Energy Balances, UN Statistics Division (2024)"
20,Andorra,2001.0,2.31,EG_EGY_PRIM,,"Energy Balances, UN Statistics Division (2024)"
20,Andorra,2002.0,2.26,EG_EGY_PRIM,,"Energy Balances, UN Statistics Division (2024)"
20,Andorra,2003.0,2.11,EG_EGY_PRIM,,"Energy Balances, UN Statistics Division (2024)"
20,Andorra,2004.0,2.07,EG_EGY_PRIM,,"Energy Balances, UN Statistics Division (2024)"
20,Andorra,2005.0,2.01,EG_EGY_PRIM,,"Energy Balances, UN Statistics Division (2024)"
20,Andorra,2006.0,1.85,EG_EGY_PRIM,,"Energy Balances, UN Statistics Division (2024)"
20,Andorra,2007.0,1.84,EG_EGY_PRIM,,"Energy Balances, UN Statistics Division (2024)"
20,Andorra,2008.0,1.96,EG_EGY_PRIM,,"Energy Balances, UN Statistics Division (2024)"
20,Andorra,2009.0,1.99,EG_EGY_PRIM,,"Energy Balances, UN Statistics Division (2024)"
20,Andorra,2010.0,2.04,EG_EGY_PRIM,,"Energy Balances, UN Statistics Division (2024)"
20,Andorra,2011.0,1.94,EG_EGY_PRIM,,"Energy Balances, UN Statistics Division (2024)"
20,Andorra,2012.0,2.06,EG_EGY_PRIM,,"Energy Balances, UN Statistics Division (2024)"
20,Andorra,2013.0,2.09,EG_EGY_PRIM,,"Energy Balances, UN Statistics Division (2024)"
20,Andorra,2014.0,1.99,EG_EGY_PRIM,,"Energy Balances, UN Statistics Division (2024)"
20,Andorra,2015.0,1.96,EG_EGY_PRIM,,"Energy Balances, UN Statistics Division (2024)"
20,Andorra,2016.0,1.92,EG_EGY_PRIM,,"Energy Balances, UN Statistics Division (2024)"
20,Andorra,2017.0,1.91,EG_EGY_PRIM,,"Energy Balances, UN Statistics Division (2024)"
20,Andorra,2018.0,1.98,EG_EGY_PRIM,,"Energy Balances, UN Statistics Division (2024)"
20,Andorra,2019.0,1.91,EG_EGY_PRIM,,"Energy Balances, UN Statistics Division (2024)"
20,Andorra,2020.0,1.73,EG_EGY_PRIM,,"Energy Balances, UN Statistics Division (2024)"
20,Andorra,2021.0,1.71,EG_EGY_PRIM,,"Energy Balances, UN Statistics Division (2024)"
20,Andorra,2022.0,1.61,EG_EGY_PRIM,,"Energy Balances, UN Statistics Division (2024)"
24,Angola,2000.0,2.64,EG_EGY_PRIM,,"IEA (2024), World Energy Balances"
24,Angola,2001.0,2.62,EG_EGY_PRIM,,"IEA (2024), World Energy Balances"
24,Angola,2002.0,2.39,EG_EGY_PRIM,,"IEA (2024), World Energy Balances"
24,Angola,2003.0,2.48,EG_EGY_PRIM,,"IEA (2024), World Energy Balances"
24,Angola,2004.0,2.25,EG_EGY_PRIM,,"IEA (2024), World Energy Balances"
24,Angola,2005.0,1.85,EG_EGY_PRIM,,"IEA (2024), World Energy Balances"
24,Angola,2006.0,1.85,EG_EGY_PRIM,,"IEA (2024), World Energy Balances"
24,Angola,2007.0,1.79,EG_EGY_PRIM,,"IEA (2024), World Energy Balances"
24,Angola,2008.0,1.78,EG_EGY_PRIM,,"IEA (2024), World Energy Balances"
24,Angola,2009.0,1.93,EG_EGY_PRIM,,"IEA (2024), World Energy Balances"
24,Angola,2010.0,1.84,EG_EGY_PRIM,,"IEA (2024), World Energy Balances"
24,Angola,2011.0,1.84,EG_EGY_PRIM,,"IEA (2024), World Energy Balances"
24,Angola,2012.0,1.93,EG_EGY_PRIM,,"IEA (2024), World Energy Balances"
24,Angola,2013.0,1.84,EG_EGY_PRIM,,"IEA (2024), World Energy Balances"
24,Angola,2014.0,1.6,EG_EGY_PRIM,,"IEA (2024), World Energy Balances"
24,Angola,2015.0,1.9,EG_EGY_PRIM,,"IEA (2024), World Energy Balances"
24,Angola,2016.0,1.79,EG_EGY_PRIM,,"IEA (2024), World Energy Balances"
24,Angola,2017.0,1.84,EG_EGY_PRIM,,"IEA (2024), World Energy Balances"
24,Angola,2018.0,1.7,EG_EGY_PRIM,,"IEA (2024), World Energy Balances"
24,Angola,2019.0,1.81,EG_EGY_PRIM,,"IEA (2024), World Energy Balances"
24,Angola,2020.0,1.86,EG_EGY_PRIM,,"IEA (2024), World Energy Balances"
24,Angola,2021.0,1.98,EG_EGY_PRIM,,"IEA (2024), World Energy Balances"
24,Angola,2022.0,1.98,EG_EGY_PRIM,,"IEA (2024), World Energy Balances"
660,Anguilla,2000.0,,EG_EGY_PRIM,,"Energy Balances, UN Statistics Division (2024)"
660,Anguilla,2001.0,,EG_EGY_PRIM,,"Energy Balances, UN Statistics Division (2024)"
660,Anguilla,2002.0,,EG_EGY_PRIM,,"Energy Balances, UN Statistics Division (2024)"
660,Anguilla,2003.0,,EG_EGY_PRIM,,"Energy Balances, UN Statistics Division (2024)"
660,Anguilla,2004.0,,EG_EGY_PRIM,,"Energy Balances, UN Statistics Division (2024)"
660,Anguilla,2005.0,,EG_EGY_PRIM,,"Energy Balances, UN Statistics Division (2024)"
660,Anguilla,2006.0,,EG_EGY_PRIM,,"Energy Balances, UN Statistics Division (2024)"
660,Anguilla,2007.0,,EG_EGY_PRIM,,"Energy Balances, UN Statistics Division (2024)"
660,Anguilla,2008.0,,EG_EGY_PRIM,,"Energy Balances, UN Statistics Division (2024)"
660,Anguilla,2009.0,,EG_EGY_PRIM,,"Energy Balances, UN Statistics Division (2024)"
660,Anguilla,2010.0,,EG_EGY_PRIM,,"Energy Balances, UN Statistics Division (2024)"
660,Anguilla,2011.0,,EG_EGY_PRIM,,"Energy Balances, UN Statistics Division (2024)"
660,Anguilla,2012.0,,EG_EGY_PRIM,,"Energy Balances, UN Statistics Division (2024)"
660,Anguilla,2013.0,,EG_EGY_PRIM,,"Energy Balances, UN Statistics Division (2024)"
660,Anguilla,2014.0,,EG_EGY_PRIM,,"Energy Balances, UN Statistics Division (2024)"
660,Anguilla,2015.0,,EG_EGY_PRIM,,"Energy Balances, UN Statistics Division (2024)"
660,Anguilla,2016.0,,EG_EGY_PRIM,,"Energy Balances, UN Statistics Division (2024)"
660,Anguilla,2017.0,,EG_EGY_PRIM,,"Energy Balances, UN Statistics Division (2024)"
660,Anguilla,2018.0,,EG_EGY_PRIM,,"Energy Balances, UN Statistics Division (2024)"
660,Anguilla,2019.0,,EG_EGY_PRIM,,"Energy Balances, UN Statistics Division (2024)"
660,Anguilla,2020.0,,EG_EGY_PRIM,,"Energy Balances, UN Statistics Division (2024)"
660,Anguilla,2021.0,,EG_EGY_PRIM,,"Energy Balances, UN Statistics Division (2024)"
660,Anguilla,2022.0,,EG_EGY_PRIM,,"Energy Balances, UN Statistics Division (2024)"
28,Antigua and Barbuda,2000.0,2.67,EG_EGY_PRIM,,"Energy Balances, UN Statistics Division (2024)"
28,Antigua and Barbuda,2001.0,2.91,EG_EGY_PRIM,,"Energy Balances, UN Statistics Division (2024)"
28,Antigua and Barbuda,2002.0,3.12,EG_EGY_PRIM,,"Energy Balances, UN Statistics Division (2024)"
28,Antigua and Barbuda,2003.0,3.12,EG_EGY_PRIM,,"Energy Balances, UN Statistics Division (2024)"
28,Antigua and Barbuda,2004.0,3.08,EG_EGY_PRIM,,"Energy Balances, UN Statistics Division (2024)"
28,Antigua and Barbuda,2005.0,3.08,EG_EGY_PRIM,,"Energy Balances, UN Statistics Division (2024)"
28,Antigua and Barbuda,2006.0,2.95,EG_EGY_PRIM,,"Energy Balances, UN Statistics Division (2024)"
28,Antigua and Barbuda,2007.0,2.78,EG_EGY_PRIM,,"Energy Balances, UN Statistics Division (2024)"
28,Antigua and Barbuda,2008.0,2.8,EG_EGY_PRIM,,"Energy Balances, UN Statistics Division (2024)"
28,Antigua and Barbuda,2009.0,3.28,EG_EGY_PRIM,,"Energy Balances, UN Statistics Division (2024)"
28,Antigua and Barbuda,2010.0,3.48,EG_EGY_PRIM,,"Energy Balances, UN Statistics Division (2024)"
28,Antigua and Barbuda,2011.0,3.54,EG_EGY_PRIM,,"Energy Balances, UN Statistics Division (2024)"
28,Antigua and Barbuda,2012.0,3.5,EG_EGY_PRIM,,"Energy Balances, UN Statistics Division (2024)"
28,Antigua and Barbuda,2013.0,3.54,EG_EGY_PRIM,,"Energy Balances, UN Statistics Division (2024)"
28,Antigua and Barbuda,2014.0,3.52,EG_EGY_PRIM,,"Energy Balances, UN Statistics Division (2024)"
28,Antigua and Barbuda,2015.0,3.55,EG_EGY_PRIM,,"Energy Balances, UN Statistics Division (2024)"
28,Antigua and Barbuda,2016.0,3.5,EG_EGY_PRIM,,"Energy Balances, UN Statistics Division (2024)"
28,Antigua and Barbuda,2017.0,3.45,EG_EGY_PRIM,,"Energy Balances, UN Statistics Division (2024)"
28,Antigua and Barbuda,2018.0,3.31,EG_EGY_PRIM,,"Energy Balances, UN Statistics Division (2024)"
28,Antigua and Barbuda,2019.0,3.32,EG_EGY_PRIM,,"Energy Balances, UN Statistics Division (2024)"
28,Antigua and Barbuda,2020.0,3.96,EG_EGY_PRIM,,"Energy Balances, UN Statistics Division (2024)"
28,Antigua and Barbuda,2021.0,3.77,EG_EGY_PRIM,,"Energy Balances, UN Statistics Division (2024)"
28,Antigua and Barbuda,2022.0,3.46,EG_EGY_PRIM,,"Energy Balances, UN Statistics Division (2024)"
32,Argentina,2000.0,3.09,EG_EGY_PRIM,,"IEA (2024), World Energy Balances"
32,Argentina,2001.0,3.02,EG_EGY_PRIM,,"IEA (2024), World Energy Balances"
32,Argentina,2002.0,3.35,EG_EGY_PRIM,,"IEA (2024), World Energy Balances"
32,Argentina,2003.0,3.32,EG_EGY_PRIM,,"IEA (2024), World Energy Balances"
32,Argentina,2004.0,3.38,EG_EGY_PRIM,,"IEA (2024), World Energy Balances"
32,Argentina,2005.0,3.08,EG_EGY_PRIM,,"IEA (2024), World Energy Balances"
32,Argentina,2006.0,3.0,EG_EGY_PRIM,,"IEA (2024), World Energy Balances"
32,Argentina,2007.0,2.88,EG_EGY_PRIM,,"IEA (2024), World Energy Balances"
32,Argentina,2008.0,2.86,EG_EGY_PRIM,,"IEA (2024), World Energy Balances"
32,Argentina,2009.0,2.8,EG_EGY_PRIM,,"IEA (2024), World Energy Balances"
32,Argentina,2010.0,2.72,EG_EGY_PRIM,,"IEA (2024), World Energy Balances"
32,Argentina,2011.0,2.65,EG_EGY_PRIM,,"IEA (2024), World Energy Balances"
32,Argentina,2012.0,2.76,EG_EGY_PRIM,,"IEA (2024), World Energy Balances"
32,Argentina,2013.0,2.76,EG_EGY_PRIM,,"IEA (2024), World Energy Balances"
32,Argentina,2014.0,2.84,EG_EGY_PRIM,,"IEA (2024), World Energy Balances"
32,Argentina,2015.0,2.8,EG_EGY_PRIM,,"IEA (2024), World Energy Balances"
32,Argentina,2016.0,2.85,EG_EGY_PRIM,,"IEA (2024), World Energy Balances"
32,Argentina,2017.0,2.77,EG_EGY_PRIM,,"IEA (2024), World Energy Balances"
32,Argentina,2018.0,2.76,EG_EGY_PRIM,,"IEA (2024), World Energy Balances"
32,Argentina,2019.0,2.79,EG_EGY_PRIM,,"IEA (2024), World Energy Balances"
32,Argentina,2020.0,2.85,EG_EGY_PRIM,,"IEA (2024), World Energy Balances"
32,Argentina,2021.0,2.77,EG_EGY_PRIM,,"IEA (2024), World Energy Balances"
32,Argentina,2022.0,2.74,EG_EGY_PRIM,,"IEA (2024), World Energy Balances"
51,Armenia,2000.0,5.81,EG_EGY_PRIM,,"IEA (2024), World Energy Balances"
51,Armenia,2001.0,5.28,EG_EGY_PRIM,,"IEA (2024), World Energy Balances"
51,Armenia,2002.0,4.3,EG_EGY_PRIM,,"IEA (2024), World Energy Balances"
51,Armenia,2003.0,3.99,EG_EGY_PRIM,,"IEA (2024), World Energy Balances"
51,Armenia,2004.0,3.81,EG_EGY_PRIM,,"IEA (2024), World Energy Balances"
51,Armenia,2005.0,4.01,EG_EGY_PRIM,,"IEA (2024), World Energy Balances"
51,Armenia,2006.0,3.61,EG_EGY_PRIM,,"IEA (2024), World Energy Balances"
51,Armenia,2007.0,3.54,EG_EGY_PRIM,,"IEA (2024), World Energy Balances"
51,Armenia,2008.0,3.48,EG_EGY_PRIM,,"IEA (2024), World Energy Balances"
51,Armenia,2009.0,3.52,EG_EGY_PRIM,,"IEA (2024), World Energy Balances"
51,Armenia,2010.0,3.28,EG_EGY_PRIM,,"IEA (2024), World Energy Balances"
51,Armenia,2011.0,3.43,EG_EGY_PRIM,,"IEA (2024), World Energy Balances"
51,Armenia,2012.0,3.5,EG_EGY_PRIM,,"IEA (2024), World Energy Balances"
51,Armenia,2013.0,3.3,EG_EGY_PRIM,,"IEA (2024), World Energy Balances"
51,Armenia,2014.0,3.46,EG_EGY_PRIM,,"IEA (2024), World Energy Balances"
51,Armenia,2015.0,3.47,EG_EGY_PRIM,,"IEA (2024), World Energy Balances"
51,Armenia,2016.0,3.32,EG_EGY_PRIM,,"IEA (2024), World Energy Balances"
51,Armenia,2017.0,3.25,EG_EGY_PRIM,,"IEA (2024), World Energy Balances"
51,Armenia,2018.0,2.99,EG_EGY_PRIM,,"IEA (2024), World Energy Balances"
51,Armenia,2019.0,3.01,EG_EGY_PRIM,,"IEA (2024), World Energy Balances"
51,Armenia,2020.0,3.43,EG_EGY_PRIM,,"IEA (2024), World Energy Balances"
51,Armenia,2021.0,3.34,EG_EGY_PRIM,,"IEA (2024), World Energy Balances"
51,Armenia,2022.0,3.16,EG_EGY_PRIM,,"IEA (2024), World Energy Balances"
533,Aruba,2000.0,15.07,EG_EGY_PRIM,,"Energy Balances, UN Statistics Division (2024)"
533,Aruba,2001.0,14.57,EG_EGY_PRIM,,"Energy Balances, UN Statistics Division (2024)"
533,Aruba,2002.0,14.82,EG_EGY_PRIM,,"Energy Balances, UN Statistics Division (2024)"
533,Aruba,2003.0,15.11,EG_EGY_PRIM,,"Energy Balances, UN Statistics Division (2024)"
533,Aruba,2004.0,14.26,EG_EGY_PRIM,,"Energy Balances, UN Statistics Division (2024)"
533,Aruba,2005.0,14.66,EG_EGY_PRIM,,"Energy Balances, UN Statistics Division (2024)"
533,Aruba,2006.0,14.49,EG_EGY_PRIM,,"Energy Balances, UN Statistics Division (2024)"
533,Aruba,2007.0,14.48,EG_EGY_PRIM,,"Energy Balances, UN Statistics Division (2024)"
533,Aruba,2008.0,13.65,EG_EGY_PRIM,,"Energy Balances, UN Statistics Division (2024)"
533,Aruba,2009.0,15.37,EG_EGY_PRIM,,"Energy Balances, UN Statistics Division (2024)"
533,Aruba,2010.0,15.46,EG_EGY_PRIM,,"Energy Balances, UN Statistics Division (2024)"
533,Aruba,2011.0,14.9,EG_EGY_PRIM,,"Energy Balances, UN Statistics Division (2024)"
533,Aruba,2012.0,6.49,EG_EGY_PRIM,,"Energy Balances, UN Statistics Division (2024)"
533,Aruba,2013.0,3.11,EG_EGY_PRIM,,"Energy Balances, UN Statistics Division (2024)"
533,Aruba,2014.0,3.21,EG_EGY_PRIM,,"Energy Balances, UN Statistics Division (2024)"
533,Aruba,2015.0,3.31,EG_EGY_PRIM,,"Energy Balances, UN Statistics Division (2024)"
533,Aruba,2016.0,3.21,EG_EGY_PRIM,,"Energy Balances, UN Statistics Division (2024)"
533,Aruba,2017.0,3.02,EG_EGY_PRIM,,"Energy Balances, UN Statistics Division (2024)"
533,Aruba,2018.0,2.93,EG_EGY_PRIM,,"Energy Balances, UN Statistics Division (2024)"
533,Aruba,2019.0,2.86,EG_EGY_PRIM,,"Energy Balances, UN Statistics Division (2024)"
533,Aruba,2020.0,3.72,EG_EGY_PRIM,,"Energy Balances, UN Statistics Division (2024)"
533,Aruba,2021.0,3.06,EG_EGY_PRIM,,"Energy Balances, UN Statistics Division (2024)"
533,Aruba,2022.0,2.84,EG_EGY_PRIM,,"Energy Balances, UN Statistics Division (2024)"
142,Asia,2000.0,5.8,EG_EGY_PRIM,,"IEA (2024), World Energy Balances; Energy Balances, UN Statistics Division (2024)"
142,Asia,2001.0,5.73,EG_EGY_PRIM,,"IEA (2024), World Energy Balances; Energy Balances, UN Statistics Division (2024)"
142,Asia,2002.0,5.71,EG_EGY_PRIM,,"IEA (2024), World Energy Balances; Energy Balances, UN Statistics Division (2024)"
142,Asia,2003.0,5.75,EG_EGY_PRIM,,"IEA (2024), World Energy Balances; Energy Balances, UN Statistics Division (2024)"
142,Asia,2004.0,5.81,EG_EGY_PRIM,,"IEA (2024), World Energy Balances; Energy Balances, UN Statistics Division (2024)"
142,Asia,2005.0,5.75,EG_EGY_PRIM,,"IEA (2024), World Energy Balances; Energy Balances, UN Statistics Division (2024)"
142,Asia,2006.0,5.68,EG_EGY_PRIM,,"IEA (2024), World Energy Balances; Energy Balances, UN Statistics Division (2024)"
142,Asia,2007.0,5.54,EG_EGY_PRIM,,"IEA (2024), World Energy Balances; Energy Balances, UN Statistics Division (2024)"
142,Asia,2008.0,5.45,EG_EGY_PRIM,,"IEA (2024), World Energy Balances; Energy Balances, UN Statistics Division (2024)"
142,Asia,2009.0,5.46,EG_EGY_PRIM,,"IEA (2024), World Energy Balances; Energy Balances, UN Statistics Division (2024)"
142,Asia,2010.0,5.45,EG_EGY_PRIM,,"IEA (2024), World Energy Balances; Energy Balances, UN Statistics Division (2024)"
142,Asia,2011.0,5.35,EG_EGY_PRIM,,"IEA (2024), World Energy Balances; Energy Balances, UN Statistics Division (2024)"
142,Asia,2012.0,5.23,EG_EGY_PRIM,,"IEA (2024), World Energy Balances; Energy Balances, UN Statistics Division (2024)"
142,Asia,2013.0,5.08,EG_EGY_PRIM,,"IEA (2024), World Energy Balances; Energy Balances, UN Statistics Division (2024)"
142,Asia,2014.0,4.96,EG_EGY_PRIM,,"IEA (2024), World Energy Balances; Energy Balances, UN Statistics Division (2024)"
142,Asia,2015.0,4.74,EG_EGY_PRIM,,"IEA (2024), World Energy Balances; Energy Balances, UN Statistics Division (2024)"
142,Asia,2016.0,4.55,EG_EGY_PRIM,,"IEA (2024), World Energy Balances; Energy Balances, UN Statistics Division (2024)"
142,Asia,2017.0,4.47,EG_EGY_PRIM,,"IEA (2024), World Energy Balances; Energy Balances, UN Statistics Division (2024)"
142,Asia,2018.0,4.41,EG_EGY_PRIM,,"IEA (2024), World Energy Balances; Energy Balances, UN Statistics Division (2024)"
142,Asia,2019.0,4.36,EG_EGY_PRIM,,"IEA (2024), World Energy Balances; Energy Balances, UN Statistics Division (2024)"
142,Asia,2020.0,4.41,EG_EGY_PRIM,,"IEA (2024), World Energy Balances; Energy Balances, UN Statistics Division (2024)"
142,Asia,2021.0,4.37,EG_EGY_PRIM,,"IEA (2024), World Energy Balances; Energy Balances, UN Statistics Division (2024)"
142,Asia,2022.0,4.31,EG_EGY_PRIM,,"IEA (2024), World Energy Balances; Energy Balances, UN Statistics Division (2024)"
36,Australia,2000.0,5.13,EG_EGY_PRIM,,"IEA (2024), World Energy Balances"
36,Australia,2001.0,4.89,EG_EGY_PRIM,,"IEA (2024), World Energy Balances"
36,Australia,2002.0,4.74,EG_EGY_PRIM,,"IEA (2024), World Energy Balances"
36,Australia,2003.0,4.77,EG_EGY_PRIM,,"IEA (2024), World Energy Balances"
36,Australia,2004.0,4.66,EG_EGY_PRIM,,"IEA (2024), World Energy Balances"
36,Australia,2005.0,4.56,EG_EGY_PRIM,,"IEA (2024), World Energy Balances"
36,Australia,2006.0,4.62,EG_EGY_PRIM,,"IEA (2024), World Energy Balances"
36,Australia,2007.0,4.57,EG_EGY_PRIM,,"IEA (2024), World Energy Balances"
36,Australia,2008.0,4.63,EG_EGY_PRIM,,"IEA (2024), World Energy Balances"
36,Australia,2009.0,4.55,EG_EGY_PRIM,,"IEA (2024), World Energy Balances"
36,Australia,2010.0,4.45,EG_EGY_PRIM,,"IEA (2024), World Energy Balances"
36,Australia,2011.0,4.34,EG_EGY_PRIM,,"IEA (2024), World Energy Balances"
36,Australia,2012.0,4.13,EG_EGY_PRIM,,"IEA (2024), World Energy Balances"
36,Australia,2013.0,4.11,EG_EGY_PRIM,,"IEA (2024), World Energy Balances"
36,Australia,2014.0,3.97,EG_EGY_PRIM,,"IEA (2024), World Energy Balances"
36,Australia,2015.0,3.87,EG_EGY_PRIM,,"IEA (2024), World Energy Balances"
36,Australia,2016.0,3.76,EG_EGY_PRIM,,"IEA (2024), World Energy Balances"
36,Australia,2017.0,3.81,EG_EGY_PRIM,,"IEA (2024), World Energy Balances"
36,Australia,2018.0,3.73,EG_EGY_PRIM,,"IEA (2024), World Energy Balances"
36,Australia,2019.0,3.73,EG_EGY_PRIM,,"IEA (2024), World Energy Balances"
36,Australia,2020.0,3.8,EG_EGY_PRIM,,"IEA (2024), World Energy Balances"
36,Australia,2021.0,3.5,EG_EGY_PRIM,,"IEA (2024), World Energy Balances"
36,Australia,2022.0,3.29,EG_EGY_PRIM,,"IEA (2024), World Energy Balances"
53,Australia and New Zealand,2000.0,5.14,EG_EGY_PRIM,,"IEA (2024), World Energy Balances; Energy Balances, UN Statistics Division (2024)"
53,Australia and New Zealand,2001.0,4.92,EG_EGY_PRIM,,"IEA (2024), World Energy Balances; Energy Balances, UN Statistics Division (2024)"
53,Australia and New Zealand,2002.0,4.76,EG_EGY_PRIM,,"IEA (2024), World Energy Balances; Energy Balances, UN Statistics Division (2024)"
53,Australia and New Zealand,2003.0,4.75,EG_EGY_PRIM,,"IEA (2024), World Energy Balances; Energy Balances, UN Statistics Division (2024)"
53,Australia and New Zealand,2004.0,4.64,EG_EGY_PRIM,,"IEA (2024), World Energy Balances; Energy Balances, UN Statistics Division (2024)"
53,Australia and New Zealand,2005.0,4.52,EG_EGY_PRIM,,"IEA (2024), World Energy Balances; Energy Balances, UN Statistics Division (2024)"
53,Australia and New Zealand,2006.0,4.56,EG_EGY_PRIM,,"IEA (2024), World Energy Balances; Energy Balances, UN Statistics Division (2024)"
53,Australia and New Zealand,2007.0,4.5,EG_EGY_PRIM,,"IEA (2024), World Energy Balances; Energy Balances, UN Statistics Division (2024)"
53,Australia and New Zealand,2008.0,4.56,EG_EGY_PRIM,,"IEA (2024), World Energy Balances; Energy Balances, UN Statistics Division (2024)"
53,Australia and New Zealand,2009.0,4.5,EG_EGY_PRIM,,"IEA (2024), World Energy Balances; Energy Balances, UN Statistics Division (2024)"
53,Australia and New Zealand,2010.0,4.42,EG_EGY_PRIM,,"IEA (2024), World Energy Balances; Energy Balances, UN Statistics Division (2024)"
53,Australia and New Zealand,2011.0,4.32,EG_EGY_PRIM,,"IEA (2024), World Energy Balances; Energy Balances, UN Statistics Division (2024)"
53,Australia and New Zealand,2012.0,4.15,EG_EGY_PRIM,,"IEA (2024), World Energy Balances; Energy Balances, UN Statistics Division (2024)"
53,Australia and New Zealand,2013.0,4.13,EG_EGY_PRIM,,"IEA (2024), World Energy Balances; Energy Balances, UN Statistics Division (2024)"
53,Australia and New Zealand,2014.0,4.02,EG_EGY_PRIM,,"IEA (2024), World Energy Balances; Energy Balances, UN Statistics Division (2024)"
53,Australia and New Zealand,2015.0,3.92,EG_EGY_PRIM,,"IEA (2024), World Energy Balances; Energy Balances, UN Statistics Division (2024)"
53,Australia and New Zealand,2016.0,3.79,EG_EGY_PRIM,,"IEA (2024), World Energy Balances; Energy Balances, UN Statistics Division (2024)"
53,Australia and New Zealand,2017.0,3.82,EG_EGY_PRIM,,"IEA (2024), World Energy Balances; Energy Balances, UN Statistics Division (2024)"
53,Australia and New Zealand,2018.0,3.73,EG_EGY_PRIM,,"IEA (2024), World Energy Balances; Energy Balances, UN Statistics Division (2024)"
53,Australia and New Zealand,2019.0,3.73,EG_EGY_PRIM,,"IEA (2024), World Energy Balances; Energy Balances, UN Statistics Division (2024)"
53,Australia and New Zealand,2020.0,3.77,EG_EGY_PRIM,,"IEA (2024), World Energy Balances; Energy Balances, UN Statistics Division (2024)"
53,Australia and New Zealand,2021.0,3.49,EG_EGY_PRIM,,"IEA (2024), World Energy Balances; Energy Balances, UN Statistics Division (2024)"
53,Australia and New Zealand,2022.0,3.28,EG_EGY_PRIM,,"IEA (2024), World Energy Balances; Energy Balances, UN Statistics Division (2024)"
40,Austria,2000.0,2.73,EG_EGY_PRIM,,"IEA (2024), World Energy Balances"
40,Austria,2001.0,2.85,EG_EGY_PRIM,,"IEA (2024), World Energy Balances"
40,Austria,2002.0,2.83,EG_EGY_PRIM,,"IEA (2024), World Energy Balances"
40,Austria,2003.0,2.95,EG_EGY_PRIM,,"IEA (2024), World Energy Balances"
40,Austria,2004.0,2.9,EG_EGY_PRIM,,"IEA (2024), World Energy Balances"
40,Austria,2005.0,2.94,EG_EGY_PRIM,,"IEA (2024), World Energy Balances"
40,Austria,2006.0,2.87,EG_EGY_PRIM,,"IEA (2024), World Energy Balances"
40,Austria,2007.0,2.71,EG_EGY_PRIM,,"IEA (2024), World Energy Balances"
40,Austria,2008.0,2.69,EG_EGY_PRIM,,"IEA (2024), World Energy Balances"
40,Austria,2009.0,2.66,EG_EGY_PRIM,,"IEA (2024), World Energy Balances"
40,Austria,2010.0,2.79,EG_EGY_PRIM,,"IEA (2024), World Energy Balances"
40,Austria,2011.0,2.62,EG_EGY_PRIM,,"IEA (2024), World Energy Balances"
40,Austria,2012.0,2.6,EG_EGY_PRIM,,"IEA (2024), World Energy Balances"
40,Austria,2013.0,2.63,EG_EGY_PRIM,,"IEA (2024), World Energy Balances"
40,Austria,2014.0,2.52,EG_EGY_PRIM,,"IEA (2024), World Energy Balances"
40,Austria,2015.0,2.55,EG_EGY_PRIM,,"IEA (2024), World Energy Balances"
40,Austria,2016.0,2.53,EG_EGY_PRIM,,"IEA (2024), World Energy Balances"
40,Austria,2017.0,2.52,EG_EGY_PRIM,,"IEA (2024), World Energy Balances"
40,Austria,2018.0,2.39,EG_EGY_PRIM,,"IEA (2024), World Energy Balances"
40,Austria,2019.0,2.4,EG_EGY_PRIM,,"IEA (2024), World Energy Balances"
40,Austria,2020.0,2.43,EG_EGY_PRIM,,"IEA (2024), World Energy Balances"
40,Austria,2021.0,2.46,EG_EGY_PRIM,,"IEA (2024), World Energy Balances"
40,Austria,2022.0,2.2,EG_EGY_PRIM,,"IEA (2024), World Energy Balances"
31,Azerbaijan,2000.0,10.1,EG_EGY_PRIM,,"IEA (2024), World Energy Balances"
31,Azerbaijan,2001.0,9.61,EG_EGY_PRIM,,"IEA (2024), World Energy Balances"
31,Azerbaijan,2002.0,8.87,EG_EGY_PRIM,,"IEA (2024), World Energy Balances"
31,Azerbaijan,2003.0,8.46,EG_EGY_PRIM,,"IEA (2024), World Energy Balances"
31,Azerbaijan,2004.0,8.15,EG_EGY_PRIM,,"IEA (2024), World Energy Balances"
31,Azerbaijan,2005.0,6.77,EG_EGY_PRIM,,"IEA (2024), World Energy Balances"
31,Azerbaijan,2006.0,4.96,EG_EGY_PRIM,,"IEA (2024), World Energy Balances"
31,Azerbaijan,2007.0,3.75,EG_EGY_PRIM,,"IEA (2024), World Energy Balances"
31,Azerbaijan,2008.0,3.77,EG_EGY_PRIM,,"IEA (2024), World Energy Balances"
31,Azerbaijan,2009.0,3.08,EG_EGY_PRIM,,"IEA (2024), World Energy Balances"
31,Azerbaijan,2010.0,2.79,EG_EGY_PRIM,,"IEA (2024), World Energy Balances"
31,Azerbaijan,2011.0,3.02,EG_EGY_PRIM,,"IEA (2024), World Energy Balances"
31,Azerbaijan,2012.0,3.21,EG_EGY_PRIM,,"IEA (2024), World Energy Balances"
31,Azerbaijan,2013.0,3.07,EG_EGY_PRIM,,"IEA (2024), World Energy Balances"
31,Azerbaijan,2014.0,3.09,EG_EGY_PRIM,,"IEA (2024), World Energy Balances"
31,Azerbaijan,2015.0,3.06,EG_EGY_PRIM,,"IEA (2024), World Energy Balances"
31,Azerbaijan,2016.0,3.13,EG_EGY_PRIM,,"IEA (2024), World Energy Balances"
31,Azerbaijan,2017.0,3.15,EG_EGY_PRIM,,"IEA (2024), World Energy Balances"
31,Azerbaijan,2018.0,3.11,EG_EGY_PRIM,,"IEA (2024), World Energy Balances"
31,Azerbaijan,2019.0,3.32,EG_EGY_PRIM,,"IEA (2024), World Energy Balances"
31,Azerbaijan,2020.0,3.38,EG_EGY_PRIM,,"IEA (2024), World Energy Balances"
31,Azerbaijan,2021.0,3.39,EG_EGY_PRIM,,"IEA (2024), World Energy Balances"
31,Azerbaijan,2022.0,3.42,EG_EGY_PRIM,,"IEA (2024), World Energy Balances"
44,Bahamas,2000.0,2.51,EG_EGY_PRIM,,"Energy Balances, UN Statistics Division (2024)"
44,Bahamas,2001.0,2.36,EG_EGY_PRIM,,"Energy Balances, UN Statistics Division (2024)"
44,Bahamas,2002.0,2.41,EG_EGY_PRIM,,"Energy Balances, UN Statistics Division (2024)"
44,Bahamas,2003.0,2.5,EG_EGY_PRIM,,"Energy Balances, UN Statistics Division (2024)"
44,Bahamas,2004.0,2.45,EG_EGY_PRIM,,"Energy Balances, UN Statistics Division (2024)"
44,Bahamas,2005.0,2.27,EG_EGY_PRIM,,"Energy Balances, UN Statistics Division (2024)"
44,Bahamas,2006.0,2.16,EG_EGY_PRIM,,"Energy Balances, UN Statistics Division (2024)"
44,Bahamas,2007.0,2.16,EG_EGY_PRIM,,"Energy Balances, UN Statistics Division (2024)"
44,Bahamas,2008.0,2.25,EG_EGY_PRIM,,"Energy Balances, UN Statistics Division (2024)"
44,Bahamas,2009.0,2.66,EG_EGY_PRIM,,"Energy Balances, UN Statistics Division (2024)"
44,Bahamas,2010.0,2.7,EG_EGY_PRIM,,"Energy Balances, UN Statistics Division (2024)"
44,Bahamas,2011.0,2.53,EG_EGY_PRIM,,"Energy Balances, UN Statistics Division (2024)"
44,Bahamas,2012.0,2.4,EG_EGY_PRIM,,"Energy Balances, UN Statistics Division (2024)"
44,Bahamas,2013.0,2.38,EG_EGY_PRIM,,"Energy Balances, UN Statistics Division (2024)"
44,Bahamas,2014.0,2.42,EG_EGY_PRIM,,"Energy Balances, UN Statistics Division (2024)"
44,Bahamas,2015.0,2.58,EG_EGY_PRIM,,"Energy Balances, UN Statistics Division (2024)"
44,Bahamas,2016.0,2.62,EG_EGY_PRIM,,"Energy Balances, UN Statistics Division (2024)"
44,Bahamas,2017.0,2.84,EG_EGY_PRIM,,"Energy Balances, UN Statistics Division (2024)"
44,Bahamas,2018.0,2.71,EG_EGY_PRIM,,"Energy Balances, UN Statistics Division (2024)"
44,Bahamas,2019.0,2.82,EG_EGY_PRIM,,"Energy Balances, UN Statistics Division (2024)"
44,Bahamas,2020.0,2.92,EG_EGY_PRIM,,"Energy Balances, UN Statistics Division (2024)"
44,Bahamas,2021.0,3.35,EG_EGY_PRIM,,"Energy Balances, UN Statistics Division (2024)"
44,Bahamas,2022.0,3.26,EG_EGY_PRIM,,"Energy Balances, UN Statistics Division (2024)"
48,Bahrain,2000.0,9.27,EG_EGY_PRIM,,"IEA (2024), World Energy Balances"
48,Bahrain,2001.0,9.25,EG_EGY_PRIM,,"IEA (2024), World Energy Balances"
48,Bahrain,2002.0,9.28,EG_EGY_PRIM,,"IEA (2024), World Energy Balances"
48,Bahrain,2003.0,9.15,EG_EGY_PRIM,,"IEA (2024), World Energy Balances"
48,Bahrain,2004.0,8.73,EG_EGY_PRIM,,"IEA (2024), World Energy Balances"
48,Bahrain,2005.0,9.38,EG_EGY_PRIM,,"IEA (2024), World Energy Balances"
48,Bahrain,2006.0,9.2,EG_EGY_PRIM,,"IEA (2024), World Energy Balances"
48,Bahrain,2007.0,9.16,EG_EGY_PRIM,,"IEA (2024), World Energy Balances"
48,Bahrain,2008.0,9.2,EG_EGY_PRIM,,"IEA (2024), World Energy Balances"
48,Bahrain,2009.0,8.62,EG_EGY_PRIM,,"IEA (2024), World Energy Balances"
48,Bahrain,2010.0,8.52,EG_EGY_PRIM,,"IEA (2024), World Energy Balances"
48,Bahrain,2011.0,8.37,EG_EGY_PRIM,,"IEA (2024), World Energy Balances"
48,Bahrain,2012.0,7.68,EG_EGY_PRIM,,"IEA (2024), World Energy Balances"
48,Bahrain,2013.0,8.48,EG_EGY_PRIM,,"IEA (2024), World Energy Balances"
48,Bahrain,2014.0,7.8,EG_EGY_PRIM,,"IEA (2024), World Energy Balances"
48,Bahrain,2015.0,8.05,EG_EGY_PRIM,,"IEA (2024), World Energy Balances"
48,Bahrain,2016.0,7.64,EG_EGY_PRIM,,"IEA (2024), World Energy Balances"
48,Bahrain,2017.0,7.34,EG_EGY_PRIM,,"IEA (2024), World Energy Balances"
48,Bahrain,2018.0,7.27,EG_EGY_PRIM,,"IEA (2024), World Energy Balances"
48,Bahrain,2019.0,7.66,EG_EGY_PRIM,,"IEA (2024), World Energy Balances"
48,Bahrain,2020.0,8.43,EG_EGY_PRIM,,"IEA (2024), World Energy Balances"
48,Bahrain,2021.0,8.13,EG_EGY_PRIM,,"IEA (2024), World Energy Balances"
48,Bahrain,2022.0,7.8,EG_EGY_PRIM,,"IEA (2024), World Energy Balances"
50,Bangladesh,2000.0,2.1,EG_EGY_PRIM,,"IEA (2024), World Energy Balances"
50,Bangladesh,2001.0,2.21,EG_EGY_PRIM,,"IEA (2024), World Energy Balances"
50,Bangladesh,2002.0,2.16,EG_EGY_PRIM,,"IEA (2024), World Energy Balances"
50,Bangladesh,2003.0,2.17,EG_EGY_PRIM,,"IEA (2024), World Energy Balances"
50,Bangladesh,2004.0,2.1,EG_EGY_PRIM,,"IEA (2024), World Energy Balances"
50,Bangladesh,2005.0,2.07,EG_EGY_PRIM,,"IEA (2024), World Energy Balances"
50,Bangladesh,2006.0,2.07,EG_EGY_PRIM,,"IEA (2024), World Energy Balances"
50,Bangladesh,2007.0,2.02,EG_EGY_PRIM,,"IEA (2024), World Energy Balances"
50,Bangladesh,2008.0,1.99,EG_EGY_PRIM,,"IEA (2024), World Energy Balances"
50,Bangladesh,2009.0,1.99,EG_EGY_PRIM,,"IEA (2024), World Energy Balances"
50,Bangladesh,2010.0,1.98,EG_EGY_PRIM,,"IEA (2024), World Energy Balances"
50,Bangladesh,2011.0,1.93,EG_EGY_PRIM,,"IEA (2024), World Energy Balances"
50,Bangladesh,2012.0,1.9,EG_EGY_PRIM,,"IEA (2024), World Energy Balances"
50,Bangladesh,2013.0,1.9,EG_EGY_PRIM,,"IEA (2024), World Energy Balances"
50,Bangladesh,2014.0,1.85,EG_EGY_PRIM,,"IEA (2024), World Energy Balances"
50,Bangladesh,2015.0,1.86,EG_EGY_PRIM,,"IEA (2024), World Energy Balances"
50,Bangladesh,2016.0,1.89,EG_EGY_PRIM,,"IEA (2024), World Energy Balances"
50,Bangladesh,2017.0,1.82,EG_EGY_PRIM,,"IEA (2024), World Energy Balances"
50,Bangladesh,2018.0,1.69,EG_EGY_PRIM,,"IEA (2024), World Energy Balances"
50,Bangladesh,2019.0,1.67,EG_EGY_PRIM,,"IEA (2024), World Energy Balances"
50,Bangladesh,2020.0,1.62,EG_EGY_PRIM,,"IEA (2024), World Energy Balances"
50,Bangladesh,2021.0,1.65,EG_EGY_PRIM,,"IEA (2024), World Energy Balances"
50,Bangladesh,2022.0,1.58,EG_EGY_PRIM,,"IEA (2024), World Energy Balances"
52,Barbados,2000.0,3.66,EG_EGY_PRIM,,"Energy Balances, UN Statistics Division (2024)"
52,Barbados,2001.0,3.72,EG_EGY_PRIM,,"Energy Balances, UN Statistics Division (2024)"
52,Barbados,2002.0,3.63,EG_EGY_PRIM,,"Energy Balances, UN Statistics Division (2024)"
52,Barbados,2003.0,3.62,EG_EGY_PRIM,,"Energy Balances, UN Statistics Division (2024)"
52,Barbados,2004.0,3.66,EG_EGY_PRIM,,"Energy Balances, UN Statistics Division (2024)"
52,Barbados,2005.0,3.64,EG_EGY_PRIM,,"Energy Balances, UN Statistics Division (2024)"
52,Barbados,2006.0,3.56,EG_EGY_PRIM,,"Energy Balances, UN Statistics Division (2024)"
52,Barbados,2007.0,3.49,EG_EGY_PRIM,,"Energy Balances, UN Statistics Division (2024)"
52,Barbados,2008.0,4.1,EG_EGY_PRIM,,"Energy Balances, UN Statistics Division (2024)"
52,Barbados,2009.0,4.3,EG_EGY_PRIM,,"Energy Balances, UN Statistics Division (2024)"
52,Barbados,2010.0,4.09,EG_EGY_PRIM,,"Energy Balances, UN Statistics Division (2024)"
52,Barbados,2011.0,4.16,EG_EGY_PRIM,,"Energy Balances, UN Statistics Division (2024)"
52,Barbados,2012.0,4.04,EG_EGY_PRIM,,"Energy Balances, UN Statistics Division (2024)"
52,Barbados,2013.0,4.04,EG_EGY_PRIM,,"Energy Balances, UN Statistics Division (2024)"
52,Barbados,2014.0,3.57,EG_EGY_PRIM,,"Energy Balances, UN Statistics Division (2024)"
52,Barbados,2015.0,3.47,EG_EGY_PRIM,,"Energy Balances, UN Statistics Division (2024)"
52,Barbados,2016.0,3.54,EG_EGY_PRIM,,"Energy Balances, UN Statistics Division (2024)"
52,Barbados,2017.0,3.55,EG_EGY_PRIM,,"Energy Balances, UN Statistics Division (2024)"
52,Barbados,2018.0,3.74,EG_EGY_PRIM,,"Energy Balances, UN Statistics Division (2024)"
52,Barbados,2019.0,3.55,EG_EGY_PRIM,,"Energy Balances, UN Statistics Division (2024)"
52,Barbados,2020.0,3.85,EG_EGY_PRIM,,"Energy Balances, UN Statistics Division (2024)"
52,Barbados,2021.0,3.58,EG_EGY_PRIM,,"Energy Balances, UN Statistics Division (2024)"
52,Barbados,2022.0,3.38,EG_EGY_PRIM,,"Energy Balances, UN Statistics Division (2024)"
112,Belarus,2000.0,9.43,EG_EGY_PRIM,,"IEA (2024), World Energy Balances"
112,Belarus,2001.0,9.05,EG_EGY_PRIM,,"IEA (2024), World Energy Balances"
112,Belarus,2002.0,8.78,EG_EGY_PRIM,,"IEA (2024), World Energy Balances"
112,Belarus,2003.0,8.44,EG_EGY_PRIM,,"IEA (2024), World Energy Balances"
112,Belarus,2004.0,7.83,EG_EGY_PRIM,,"IEA (2024), World Energy Balances"
112,Belarus,2005.0,7.15,EG_EGY_PRIM,,"IEA (2024), World Energy Balances"
112,Belarus,2006.0,6.91,EG_EGY_PRIM,,"IEA (2024), World Energy Balances"
112,Belarus,2007.0,6.23,EG_EGY_PRIM,,"IEA (2024), World Energy Balances"
112,Belarus,2008.0,5.66,EG_EGY_PRIM,,"IEA (2024), World Energy Balances"
112,Belarus,2009.0,5.35,EG_EGY_PRIM,,"IEA (2024), World Energy Balances"
112,Belarus,2010.0,5.14,EG_EGY_PRIM,,"IEA (2024), World Energy Balances"
112,Belarus,2011.0,5.18,EG_EGY_PRIM,,"IEA (2024), World Energy Balances"
112,Belarus,2012.0,5.32,EG_EGY_PRIM,,"IEA (2024), World Energy Balances"
112,Belarus,2013.0,4.7,EG_EGY_PRIM,,"IEA (2024), World Energy Balances"
112,Belarus,2014.0,4.71,EG_EGY_PRIM,,"IEA (2024), World Energy Balances"
112,Belarus,2015.0,4.46,EG_EGY_PRIM,,"IEA (2024), World Energy Balances"
112,Belarus,2016.0,4.54,EG_EGY_PRIM,,"IEA (2024), World Energy Balances"
112,Belarus,2017.0,4.51,EG_EGY_PRIM,,"IEA (2024), World Energy Balances"
112,Belarus,2018.0,4.62,EG_EGY_PRIM,,"IEA (2024), World Energy Balances"
112,Belarus,2019.0,4.39,EG_EGY_PRIM,,"IEA (2024), World Energy Balances"
112,Belarus,2020.0,4.28,EG_EGY_PRIM,,"IEA (2024), World Energy Balances"
112,Belarus,2021.0,4.54,EG_EGY_PRIM,,"IEA (2024), World Energy Balances"
112,Belarus,2022.0,4.62,EG_EGY_PRIM,,"IEA (2024), World Energy Balances"
56,Belgium,2000.0,4.63,EG_EGY_PRIM,,"IEA (2024), World Energy Balances"
56,Belgium,2001.0,4.55,EG_EGY_PRIM,,"IEA (2024), World Energy Balances"
56,Belgium,2002.0,4.33,EG_EGY_PRIM,,"IEA (2024), World Energy Balances"
56,Belgium,2003.0,4.47,EG_EGY_PRIM,,"IEA (2024), World Energy Balances"
56,Belgium,2004.0,4.34,EG_EGY_PRIM,,"IEA (2024), World Energy Balances"
56,Belgium,2005.0,4.21,EG_EGY_PRIM,,"IEA (2024), World Energy Balances"
56,Belgium,2006.0,4.06,EG_EGY_PRIM,,"IEA (2024), World Energy Balances"
56,Belgium,2007.0,3.84,EG_EGY_PRIM,,"IEA (2024), World Energy Balances"
56,Belgium,2008.0,3.94,EG_EGY_PRIM,,"IEA (2024), World Energy Balances"
56,Belgium,2009.0,3.86,EG_EGY_PRIM,,"IEA (2024), World Energy Balances"
56,Belgium,2010.0,4.04,EG_EGY_PRIM,,"IEA (2024), World Energy Balances"
56,Belgium,2011.0,3.7,EG_EGY_PRIM,,"IEA (2024), World Energy Balances"
56,Belgium,2012.0,3.52,EG_EGY_PRIM,,"IEA (2024), World Energy Balances"
56,Belgium,2013.0,3.65,EG_EGY_PRIM,,"IEA (2024), World Energy Balances"
56,Belgium,2014.0,3.39,EG_EGY_PRIM,,"IEA (2024), World Energy Balances"
56,Belgium,2015.0,3.32,EG_EGY_PRIM,,"IEA (2024), World Energy Balances"
56,Belgium,2016.0,3.46,EG_EGY_PRIM,,"IEA (2024), World Energy Balances"
56,Belgium,2017.0,3.39,EG_EGY_PRIM,,"IEA (2024), World Energy Balances"
56,Belgium,2018.0,3.21,EG_EGY_PRIM,,"IEA (2024), World Energy Balances"
56,Belgium,2019.0,3.23,EG_EGY_PRIM,,"IEA (2024), World Energy Balances"
56,Belgium,2020.0,3.13,EG_EGY_PRIM,,"IEA (2024), World Energy Balances"
56,Belgium,2021.0,3.23,EG_EGY_PRIM,,"IEA (2024), World Energy Balances"
56,Belgium,2022.0,2.86,EG_EGY_PRIM,,"IEA (2024), World Energy Balances"
84,Belize,2000.0,3.99,EG_EGY_PRIM,,"Energy Balances, UN Statistics Division (2024)"
84,Belize,2001.0,3.83,EG_EGY_PRIM,,"Energy Balances, UN Statistics Division (2024)"
84,Belize,2002.0,3.58,EG_EGY_PRIM,,"Energy Balances, UN Statistics Division (2024)"
84,Belize,2003.0,3.21,EG_EGY_PRIM,,"Energy Balances, UN Statistics Division (2024)"
84,Belize,2004.0,3.06,EG_EGY_PRIM,,"Energy Balances, UN Statistics Division (2024)"
84,Belize,2005.0,2.95,EG_EGY_PRIM,,"Energy Balances, UN Statistics Division (2024)"
84,Belize,2006.0,3.12,EG_EGY_PRIM,,"Energy Balances, UN Statistics Division (2024)"
84,Belize,2007.0,3.01,EG_EGY_PRIM,,"Energy Balances, UN Statistics Division (2024)"
84,Belize,2008.0,2.87,EG_EGY_PRIM,,"Energy Balances, UN Statistics Division (2024)"
84,Belize,2009.0,3.15,EG_EGY_PRIM,,"Energy Balances, UN Statistics Division (2024)"
84,Belize,2010.0,3.31,EG_EGY_PRIM,,"Energy Balances, UN Statistics Division (2024)"
84,Belize,2011.0,3.97,EG_EGY_PRIM,,"Energy Balances, UN Statistics Division (2024)"
84,Belize,2012.0,3.41,EG_EGY_PRIM,,"Energy Balances, UN Statistics Division (2024)"
84,Belize,2013.0,3.08,EG_EGY_PRIM,,"Energy Balances, UN Statistics Division (2024)"
84,Belize,2014.0,3.08,EG_EGY_PRIM,,"Energy Balances, UN Statistics Division (2024)"
84,Belize,2015.0,3.66,EG_EGY_PRIM,,"Energy Balances, UN Statistics Division (2024)"
84,Belize,2016.0,3.64,EG_EGY_PRIM,,"Energy Balances, UN Statistics Division (2024)"
84,Belize,2017.0,3.87,EG_EGY_PRIM,,"Energy Balances, UN Statistics Division (2024)"
84,Belize,2018.0,3.81,EG_EGY_PRIM,,"Energy Balances, UN Statistics Division (2024)"
84,Belize,2019.0,4.01,EG_EGY_PRIM,,"Energy Balances, UN Statistics Division (2024)"
84,Belize,2020.0,4.03,EG_EGY_PRIM,,"Energy Balances, UN Statistics Division (2024)"
84,Belize,2021.0,3.87,EG_EGY_PRIM,,"Energy Balances, UN Statistics Division (2024)"
84,Belize,2022.0,3.54,EG_EGY_PRIM,,"Energy Balances, UN Statistics Division (2024)"
204,Benin,2000.0,4.53,EG_EGY_PRIM,,"IEA (2024), World Energy Balances"
204,Benin,2001.0,4.58,EG_EGY_PRIM,,"IEA (2024), World Energy Balances"
204,Benin,2002.0,4.69,EG_EGY_PRIM,,"IEA (2024), World Energy Balances"
204,Benin,2003.0,4.78,EG_EGY_PRIM,,"IEA (2024), World Energy Balances"
204,Benin,2004.0,4.78,EG_EGY_PRIM,,"IEA (2024), World Energy Balances"
204,Benin,2005.0,4.72,EG_EGY_PRIM,,"IEA (2024), World Energy Balances"
204,Benin,2006.0,5.36,EG_EGY_PRIM,,"IEA (2024), World Energy Balances"
204,Benin,2007.0,5.49,EG_EGY_PRIM,,"IEA (2024), World Energy Balances"
204,Benin,2008.0,5.35,EG_EGY_PRIM,,"IEA (2024), World Energy Balances"
204,Benin,2009.0,5.49,EG_EGY_PRIM,,"IEA (2024), World Energy Balances"
204,Benin,2010.0,5.57,EG_EGY_PRIM,,"IEA (2024), World Energy Balances"
204,Benin,2011.0,5.41,EG_EGY_PRIM,,"IEA (2024), World Energy Balances"
204,Benin,2012.0,5.21,EG_EGY_PRIM,,"IEA (2024), World Energy Balances"
204,Benin,2013.0,5.31,EG_EGY_PRIM,,"IEA (2024), World Energy Balances"
204,Benin,2014.0,5.15,EG_EGY_PRIM,,"IEA (2024), World Energy Balances"
204,Benin,2015.0,5.38,EG_EGY_PRIM,,"IEA (2024), World Energy Balances"
204,Benin,2016.0,5.78,EG_EGY_PRIM,,"IEA (2024), World Energy Balances"
204,Benin,2017.0,5.68,EG_EGY_PRIM,,"IEA (2024), World Energy Balances"
204,Benin,2018.0,5.62,EG_EGY_PRIM,,"IEA (2024), World Energy Balances"
204,Benin,2019.0,5.29,EG_EGY_PRIM,,"IEA (2024), World Energy Balances"
204,Benin,2020.0,5.38,EG_EGY_PRIM,,"IEA (2024), World Energy Balances"
204,Benin,2021.0,4.54,EG_EGY_PRIM,,"IEA (2024), World Energy Balances"
204,Benin,2022.0,4.39,EG_EGY_PRIM,,"IEA (2024), World Energy Balances"
60,Bermuda,2000.0,1.31,EG_EGY_PRIM,,"Energy Balances, UN Statistics Division (2024)"
60,Bermuda,2001.0,1.25,EG_EGY_PRIM,,"Energy Balances, UN Statistics Division (2024)"
60,Bermuda,2002.0,1.32,EG_EGY_PRIM,,"Energy Balances, UN Statistics Division (2024)"
60,Bermuda,2003.0,1.29,EG_EGY_PRIM,,"Energy Balances, UN Statistics Division (2024)"
60,Bermuda,2004.0,1.29,EG_EGY_PRIM,,"Energy Balances, UN Statistics Division (2024)"
60,Bermuda,2005.0,1.27,EG_EGY_PRIM,,"Energy Balances, UN Statistics Division (2024)"
60,Bermuda,2006.0,1.34,EG_EGY_PRIM,,"Energy Balances, UN Statistics Division (2024)"
60,Bermuda,2007.0,1.44,EG_EGY_PRIM,,"Energy Balances, UN Statistics Division (2024)"
60,Bermuda,2008.0,1.3,EG_EGY_PRIM,,"Energy Balances, UN Statistics Division (2024)"
60,Bermuda,2009.0,1.04,EG_EGY_PRIM,,"Energy Balances, UN Statistics Division (2024)"
60,Bermuda,2010.0,1.32,EG_EGY_PRIM,,"Energy Balances, UN Statistics Division (2024)"
60,Bermuda,2011.0,1.03,EG_EGY_PRIM,,"Energy Balances, UN Statistics Division (2024)"
60,Bermuda,2012.0,0.93,EG_EGY_PRIM,,"Energy Balances, UN Statistics Division (2024)"
60,Bermuda,2013.0,1.31,EG_EGY_PRIM,,"Energy Balances, UN Statistics Division (2024)"
60,Bermuda,2014.0,1.67,EG_EGY_PRIM,,"Energy Balances, UN Statistics Division (2024)"
60,Bermuda,2015.0,1.37,EG_EGY_PRIM,,"Energy Balances, UN Statistics Division (2024)"
60,Bermuda,2016.0,1.57,EG_EGY_PRIM,,"Energy Balances, UN Statistics Division (2024)"
60,Bermuda,2017.0,1.54,EG_EGY_PRIM,,"Energy Balances, UN Statistics Division (2024)"
60,Bermuda,2018.0,1.68,EG_EGY_PRIM,,"Energy Balances, UN Statistics Division (2024)"
60,Bermuda,2019.0,1.45,EG_EGY_PRIM,,"Energy Balances, UN Statistics Division (2024)"
60,Bermuda,2020.0,1.16,EG_EGY_PRIM,,"Energy Balances, UN Statistics Division (2024)"
60,Bermuda,2021.0,1.28,EG_EGY_PRIM,,"Energy Balances, UN Statistics Division (2024)"
60,Bermuda,2022.0,1.22,EG_EGY_PRIM,,"Energy Balances, UN Statistics Division (2024)"
64,Bhutan,2000.0,15.18,EG_EGY_PRIM,,"Energy Balances, UN Statistics Division (2024)"
64,Bhutan,2001.0,14.67,EG_EGY_PRIM,,"Energy Balances, UN Statistics Division (2024)"
64,Bhutan,2002.0,13.74,EG_EGY_PRIM,,"Energy Balances, UN Statistics Division (2024)"
64,Bhutan,2003.0,12.82,EG_EGY_PRIM,,"Energy Balances, UN Statistics Division (2024)"
64,Bhutan,2004.0,12.11,EG_EGY_PRIM,,"Energy Balances, UN Statistics Division (2024)"
64,Bhutan,2005.0,11.91,EG_EGY_PRIM,,"Energy Balances, UN Statistics Division (2024)"
64,Bhutan,2006.0,11.11,EG_EGY_PRIM,,"Energy Balances, UN Statistics Division (2024)"
64,Bhutan,2007.0,10.24,EG_EGY_PRIM,,"Energy Balances, UN Statistics Division (2024)"
64,Bhutan,2008.0,10.04,EG_EGY_PRIM,,"Energy Balances, UN Statistics Division (2024)"
64,Bhutan,2009.0,10.06,EG_EGY_PRIM,,"Energy Balances, UN Statistics Division (2024)"
64,Bhutan,2010.0,9.92,EG_EGY_PRIM,,"Energy Balances, UN Statistics Division (2024)"
64,Bhutan,2011.0,8.99,EG_EGY_PRIM,,"Energy Balances, UN Statistics Division (2024)"
64,Bhutan,2012.0,8.89,EG_EGY_PRIM,,"Energy Balances, UN Statistics Division (2024)"
64,Bhutan,2013.0,8.75,EG_EGY_PRIM,,"Energy Balances, UN Statistics Division (2024)"
64,Bhutan,2014.0,8.69,EG_EGY_PRIM,,"Energy Balances, UN Statistics Division (2024)"
64,Bhutan,2015.0,8.33,EG_EGY_PRIM,,"Energy Balances, UN Statistics Division (2024)"
64,Bhutan,2016.0,7.82,EG_EGY_PRIM,,"Energy Balances, UN Statistics Division (2024)"
64,Bhutan,2017.0,7.6,EG_EGY_PRIM,,"Energy Balances, UN Statistics Division (2024)"
64,Bhutan,2018.0,7.67,EG_EGY_PRIM,,"Energy Balances, UN Statistics Division (2024)"
64,Bhutan,2019.0,7.29,EG_EGY_PRIM,,"Energy Balances, UN Statistics Division (2024)"
64,Bhutan,2020.0,6.96,EG_EGY_PRIM,,"Energy Balances, UN Statistics Division (2024)"
64,Bhutan,2021.0,8.0,EG_EGY_PRIM,,"Energy Balances, UN Statistics Division (2024)"
64,Bhutan,2022.0,8.04,EG_EGY_PRIM,,"Energy Balances, UN Statistics Division (2024)"
68,Bolivia (Plurinational State of),2000.0,2.89,EG_EGY_PRIM,,"IEA (2024), World Energy Balances"
68,Bolivia (Plurinational State of),2001.0,3.03,EG_EGY_PRIM,,"IEA (2024), World Energy Balances"
68,Bolivia (Plurinational State of),2002.0,3.52,EG_EGY_PRIM,,"IEA (2024), World Energy Balances"
68,Bolivia (Plurinational State of),2003.0,3.51,EG_EGY_PRIM,,"IEA (2024), World Energy Balances"
68,Bolivia (Plurinational State of),2004.0,3.42,EG_EGY_PRIM,,"IEA (2024), World Energy Balances"
68,Bolivia (Plurinational State of),2005.0,3.61,EG_EGY_PRIM,,"IEA (2024), World Energy Balances"
68,Bolivia (Plurinational State of),2006.0,3.51,EG_EGY_PRIM,,"IEA (2024), World Energy Balances"
68,Bolivia (Plurinational State of),2007.0,3.43,EG_EGY_PRIM,,"IEA (2024), World Energy Balances"
68,Bolivia (Plurinational State of),2008.0,3.29,EG_EGY_PRIM,,"IEA (2024), World Energy Balances"
68,Bolivia (Plurinational State of),2009.0,3.32,EG_EGY_PRIM,,"IEA (2024), World Energy Balances"
68,Bolivia (Plurinational State of),2010.0,3.46,EG_EGY_PRIM,,"IEA (2024), World Energy Balances"
68,Bolivia (Plurinational State of),2011.0,3.53,EG_EGY_PRIM,,"IEA (2024), World Energy Balances"
68,Bolivia (Plurinational State of),2012.0,3.63,EG_EGY_PRIM,,"IEA (2024), World Energy Balances"
68,Bolivia (Plurinational State of),2013.0,3.44,EG_EGY_PRIM,,"IEA (2024), World Energy Balances"
68,Bolivia (Plurinational State of),2014.0,3.58,EG_EGY_PRIM,,"IEA (2024), World Energy Balances"
68,Bolivia (Plurinational State of),2015.0,3.43,EG_EGY_PRIM,,"IEA (2024), World Energy Balances"
68,Bolivia (Plurinational State of),2016.0,3.47,EG_EGY_PRIM,,"IEA (2024), World Energy Balances"
68,Bolivia (Plurinational State of),2017.0,3.48,EG_EGY_PRIM,,"IEA (2024), World Energy Balances"
68,Bolivia (Plurinational State of),2018.0,3.39,EG_EGY_PRIM,,"IEA (2024), World Energy Balances"
68,Bolivia (Plurinational State of),2019.0,3.34,EG_EGY_PRIM,,"IEA (2024), World Energy Balances"
68,Bolivia (Plurinational State of),2020.0,3.06,EG_EGY_PRIM,,"IEA (2024), World Energy Balances"
68,Bolivia (Plurinational State of),2021.0,3.36,EG_EGY_PRIM,,"IEA (2024), World Energy Balances"
68,Bolivia (Plurinational State of),2022.0,3.45,EG_EGY_PRIM,,"IEA (2024), World Energy Balances"
535,"Bonaire, Sint Eustatius and Saba",2000.0,,EG_EGY_PRIM,,"Energy Balances, UN Statistics Division (2024)"
535,"Bonaire, Sint Eustatius and Saba",2001.0,,EG_EGY_PRIM,,"Energy Balances, UN Statistics Division (2024)"
535,"Bonaire, Sint Eustatius and Saba",2002.0,,EG_EGY_PRIM,,"Energy Balances, UN Statistics Division (2024)"
535,"Bonaire, Sint Eustatius and Saba",2003.0,,EG_EGY_PRIM,,"Energy Balances, UN Statistics Division (2024)"
535,"Bonaire, Sint Eustatius and Saba",2004.0,,EG_EGY_PRIM,,"Energy Balances, UN Statistics Division (2024)"
535,"Bonaire, Sint Eustatius and Saba",2005.0,,EG_EGY_PRIM,,"Energy Balances, UN Statistics Division (2024)"
535,"Bonaire, Sint Eustatius and Saba",2006.0,,EG_EGY_PRIM,,"Energy Balances, UN Statistics Division (2024)"
535,"Bonaire, Sint Eustatius and Saba",2007.0,,EG_EGY_PRIM,,"Energy Balances, UN Statistics Division (2024)"
535,"Bonaire, Sint Eustatius and Saba",2008.0,,EG_EGY_PRIM,,"Energy Balances, UN Statistics Division (2024)"
535,"Bonaire, Sint Eustatius and Saba",2009.0,,EG_EGY_PRIM,,"Energy Balances, UN Statistics Division (2024)"
535,"Bonaire, Sint Eustatius and Saba",2010.0,,EG_EGY_PRIM,,"Energy Balances, UN Statistics Division (2024)"
535,"Bonaire, Sint Eustatius and Saba",2011.0,,EG_EGY_PRIM,,"Energy Balances, UN Statistics Division (2024)"
535,"Bonaire, Sint Eustatius and Saba",2012.0,,EG_EGY_PRIM,,"Energy Balances, UN Statistics Division (2024)"
535,"Bonaire, Sint Eustatius and Saba",2013.0,,EG_EGY_PRIM,,"Energy Balances, UN Statistics Division (2024)"
535,"Bonaire, Sint Eustatius and Saba",2014.0,,EG_EGY_PRIM,,"Energy Balances, UN Statistics Division (2024)"
535,"Bonaire, Sint Eustatius and Saba",2015.0,,EG_EGY_PRIM,,"Energy Balances, UN Statistics Division (2024)"
535,"Bonaire, Sint Eustatius and Saba",2016.0,,EG_EGY_PRIM,,"Energy Balances, UN Statistics Division (2024)"
535,"Bonaire, Sint Eustatius and Saba",2017.0,,EG_EGY_PRIM,,"Energy Balances, UN Statistics Division (2024)"
535,"Bonaire, Sint Eustatius and Saba",2018.0,,EG_EGY_PRIM,,"Energy Balances, UN Statistics Division (2024)"
535,"Bonaire, Sint Eustatius and Saba",2019.0,,EG_EGY_PRIM,,"Energy Balances, UN Statistics Division (2024)"
535,"Bonaire, Sint Eustatius and Saba",2020.0,,EG_EGY_PRIM,,"Energy Balances, UN Statistics Division (2024)"
535,"Bonaire, Sint Eustatius and Saba",2021.0,,EG_EGY_PRIM,,"Energy Balances, UN Statistics Division (2024)"
535,"Bonaire, Sint Eustatius and Saba",2022.0,,EG_EGY_PRIM,,"Energy Balances, UN Statistics Division (2024)"
70,Bosnia and Herzegovina,2000.0,5.67,EG_EGY_PRIM,,"IEA (2024), World Energy Balances"
70,Bosnia and Herzegovina,2001.0,5.36,EG_EGY_PRIM,,"IEA (2024), World Energy Balances"
70,Bosnia and Herzegovina,2002.0,5.35,EG_EGY_PRIM,,"IEA (2024), World Energy Balances"
70,Bosnia and Herzegovina,2003.0,5.14,EG_EGY_PRIM,,"IEA (2024), World Energy Balances"
70,Bosnia and Herzegovina,2004.0,5.29,EG_EGY_PRIM,,"IEA (2024), World Energy Balances"
70,Bosnia and Herzegovina,2005.0,5.32,EG_EGY_PRIM,,"IEA (2024), World Energy Balances"
70,Bosnia and Herzegovina,2006.0,5.29,EG_EGY_PRIM,,"IEA (2024), World Energy Balances"
70,Bosnia and Herzegovina,2007.0,5.0,EG_EGY_PRIM,,"IEA (2024), World Energy Balances"
70,Bosnia and Herzegovina,2008.0,5.32,EG_EGY_PRIM,,"IEA (2024), World Energy Balances"
70,Bosnia and Herzegovina,2009.0,5.59,EG_EGY_PRIM,,"IEA (2024), World Energy Balances"
70,Bosnia and Herzegovina,2010.0,5.79,EG_EGY_PRIM,,"IEA (2024), World Energy Balances"
70,Bosnia and Herzegovina,2011.0,6.32,EG_EGY_PRIM,,"IEA (2024), World Energy Balances"
70,Bosnia and Herzegovina,2012.0,5.96,EG_EGY_PRIM,,"IEA (2024), World Energy Balances"
70,Bosnia and Herzegovina,2013.0,5.62,EG_EGY_PRIM,,"IEA (2024), World Energy Balances"
70,Bosnia and Herzegovina,2014.0,5.16,EG_EGY_PRIM,,"IEA (2024), World Energy Balances"
70,Bosnia and Herzegovina,2015.0,5.1,EG_EGY_PRIM,,"IEA (2024), World Energy Balances"
70,Bosnia and Herzegovina,2016.0,5.4,EG_EGY_PRIM,,"IEA (2024), World Energy Balances"
70,Bosnia and Herzegovina,2017.0,5.22,EG_EGY_PRIM,,"IEA (2024), World Energy Balances"
70,Bosnia and Herzegovina,2018.0,5.57,EG_EGY_PRIM,,"IEA (2024), World Energy Balances"
70,Bosnia and Herzegovina,2019.0,5.23,EG_EGY_PRIM,,"IEA (2024), World Energy Balances"
70,Bosnia and Herzegovina,2020.0,5.31,EG_EGY_PRIM,,"IEA (2024), World Energy Balances"
70,Bosnia and Herzegovina,2021.0,5.12,EG_EGY_PRIM,,"IEA (2024), World Energy Balances"
70,Bosnia and Herzegovina,2022.0,4.86,EG_EGY_PRIM,,"IEA (2024), World Energy Balances"
72,Botswana,2000.0,3.43,EG_EGY_PRIM,,"IEA (2024), World Energy Balances"
72,Botswana,2001.0,3.39,EG_EGY_PRIM,,"IEA (2024), World Energy Balances"
72,Botswana,2002.0,3.21,EG_EGY_PRIM,,"IEA (2024), World Energy Balances"
72,Botswana,2003.0,3.04,EG_EGY_PRIM,,"IEA (2024), World Energy Balances"
72,Botswana,2004.0,3.17,EG_EGY_PRIM,,"IEA (2024), World Energy Balances"
72,Botswana,2005.0,3.11,EG_EGY_PRIM,,"IEA (2024), World Energy Balances"
72,Botswana,2006.0,3.01,EG_EGY_PRIM,,"IEA (2024), World Energy Balances"
72,Botswana,2007.0,2.95,EG_EGY_PRIM,,"IEA (2024), World Energy Balances"
72,Botswana,2008.0,3.02,EG_EGY_PRIM,,"IEA (2024), World Energy Balances"
72,Botswana,2009.0,3.27,EG_EGY_PRIM,,"IEA (2024), World Energy Balances"
72,Botswana,2010.0,3.25,EG_EGY_PRIM,,"IEA (2024), World Energy Balances"
72,Botswana,2011.0,2.94,EG_EGY_PRIM,,"IEA (2024), World Energy Balances"
72,Botswana,2012.0,3.35,EG_EGY_PRIM,,"IEA (2024), World Energy Balances"
72,Botswana,2013.0,3.17,EG_EGY_PRIM,,"IEA (2024), World Energy Balances"
72,Botswana,2014.0,3.27,EG_EGY_PRIM,,"IEA (2024), World Energy Balances"
72,Botswana,2015.0,3.42,EG_EGY_PRIM,,"IEA (2024), World Energy Balances"
72,Botswana,2016.0,3.08,EG_EGY_PRIM,,"IEA (2024), World Energy Balances"
72,Botswana,2017.0,3.09,EG_EGY_PRIM,,"IEA (2024), World Energy Balances"
72,Botswana,2018.0,3.16,EG_EGY_PRIM,,"IEA (2024), World Energy Balances"
72,Botswana,2019.0,2.87,EG_EGY_PRIM,,"IEA (2024), World Energy Balances"
72,Botswana,2020.0,2.88,EG_EGY_PRIM,,"IEA (2024), World Energy Balances"
72,Botswana,2021.0,2.66,EG_EGY_PRIM,,"IEA (2024), World Energy Balances"
72,Botswana,2022.0,2.62,EG_EGY_PRIM,,"IEA (2024), World Energy Balances"
76,Brazil,2000.0,3.23,EG_EGY_PRIM,,"IEA (2024), World Energy Balances"
76,Brazil,2001.0,3.25,EG_EGY_PRIM,,"IEA (2024), World Energy Balances"
76,Brazil,2002.0,3.24,EG_EGY_PRIM,,"IEA (2024), World Energy Balances"
76,Brazil,2003.0,3.25,EG_EGY_PRIM,,"IEA (2024), World Energy Balances"
76,Brazil,2004.0,3.25,EG_EGY_PRIM,,"IEA (2024), World Energy Balances"
76,Brazil,2005.0,3.23,EG_EGY_PRIM,,"IEA (2024), World Energy Balances"
76,Brazil,2006.0,3.21,EG_EGY_PRIM,,"IEA (2024), World Energy Balances"
76,Brazil,2007.0,3.2,EG_EGY_PRIM,,"IEA (2024), World Energy Balances"
76,Brazil,2008.0,3.22,EG_EGY_PRIM,,"IEA (2024), World Energy Balances"
76,Brazil,2009.0,3.11,EG_EGY_PRIM,,"IEA (2024), World Energy Balances"
76,Brazil,2010.0,3.2,EG_EGY_PRIM,,"IEA (2024), World Energy Balances"
76,Brazil,2011.0,3.12,EG_EGY_PRIM,,"IEA (2024), World Energy Balances"
76,Brazil,2012.0,3.18,EG_EGY_PRIM,,"IEA (2024), World Energy Balances"
76,Brazil,2013.0,3.23,EG_EGY_PRIM,,"IEA (2024), World Energy Balances"
76,Brazil,2014.0,3.31,EG_EGY_PRIM,,"IEA (2024), World Energy Balances"
76,Brazil,2015.0,3.37,EG_EGY_PRIM,,"IEA (2024), World Energy Balances"
76,Brazil,2016.0,3.35,EG_EGY_PRIM,,"IEA (2024), World Energy Balances"
76,Brazil,2017.0,3.37,EG_EGY_PRIM,,"IEA (2024), World Energy Balances"
76,Brazil,2018.0,3.27,EG_EGY_PRIM,,"IEA (2024), World Energy Balances"
76,Brazil,2019.0,3.28,EG_EGY_PRIM,,"IEA (2024), World Energy Balances"
76,Brazil,2020.0,3.32,EG_EGY_PRIM,,"IEA (2024), World Energy Balances"
76,Brazil,2021.0,3.31,EG_EGY_PRIM,,"IEA (2024), World Energy Balances"
76,Brazil,2022.0,3.22,EG_EGY_PRIM,,"IEA (2024), World Energy Balances"
92,British Virgin Islands,2000.0,,EG_EGY_PRIM,,"Energy Balances, UN Statistics Division (2024)"
92,British Virgin Islands,2001.0,,EG_EGY_PRIM,,"Energy Balances, UN Statistics Division (2024)"
92,British Virgin Islands,2002.0,,EG_EGY_PRIM,,"Energy Balances, UN Statistics Division (2024)"
92,British Virgin Islands,2003.0,,EG_EGY_PRIM,,"Energy Balances, UN Statistics Division (2024)"
92,British Virgin Islands,2004.0,,EG_EGY_PRIM,,"Energy Balances, UN Statistics Division (2024)"
92,British Virgin Islands,2005.0,,EG_EGY_PRIM,,"Energy Balances, UN Statistics Division (2024)"
92,British Virgin Islands,2006.0,,EG_EGY_PRIM,,"Energy Balances, UN Statistics Division (2024)"
92,British Virgin Islands,2007.0,,EG_EGY_PRIM,,"Energy Balances, UN Statistics Division (2024)"
92,British Virgin Islands,2008.0,,EG_EGY_PRIM,,"Energy Balances, UN Statistics Division (2024)"
92,British Virgin Islands,2009.0,,EG_EGY_PRIM,,"Energy Balances, UN Statistics Division (2024)"
92,British Virgin Islands,2010.0,,EG_EGY_PRIM,,"Energy Balances, UN Statistics Division (2024)"
92,British Virgin Islands,2011.0,,EG_EGY_PRIM,,"Energy Balances, UN Statistics Division (2024)"
92,British Virgin Islands,2012.0,,EG_EGY_PRIM,,"Energy Balances, UN Statistics Division (2024)"
92,British Virgin Islands,2013.0,,EG_EGY_PRIM,,"Energy Balances, UN Statistics Division (2024)"
92,British Virgin Islands,2014.0,,EG_EGY_PRIM,,"Energy Balances, UN Statistics Division (2024)"
92,British Virgin Islands,2015.0,,EG_EGY_PRIM,,"Energy Balances, UN Statistics Division (2024)"
92,British Virgin Islands,2016.0,,EG_EGY_PRIM,,"Energy Balances, UN Statistics Division (2024)"
92,British Virgin Islands,2017.0,,EG_EGY_PRIM,,"Energy Balances, UN Statistics Division (2024)"
92,British Virgin Islands,2018.0,,EG_EGY_PRIM,,"Energy Balances, UN Statistics Division (2024)"
92,British Virgin Islands,2019.0,,EG_EGY_PRIM,,"Energy Balances, UN Statistics Division (2024)"
92,British Virgin Islands,2020.0,,EG_EGY_PRIM,,"Energy Balances, UN Statistics Division (2024)"
92,British Virgin Islands,2021.0,,EG_EGY_PRIM,,"Energy Balances, UN Statistics Division (2024)"
92,British Virgin Islands,2022.0,,EG_EGY_PRIM,,"Energy Balances, UN Statistics Division (2024)"
96,Brunei Darussalam,2000.0,3.29,EG_EGY_PRIM,,"IEA (2024), World Energy Balances"
96,Brunei Darussalam,2001.0,2.96,EG_EGY_PRIM,,"IEA (2024), World Energy Balances"
96,Brunei Darussalam,2002.0,2.79,EG_EGY_PRIM,,"IEA (2024), World Energy Balances"
96,Brunei Darussalam,2003.0,3.15,EG_EGY_PRIM,,"IEA (2024), World Energy Balances"
96,Brunei Darussalam,2004.0,2.87,EG_EGY_PRIM,,"IEA (2024), World Energy Balances"
96,Brunei Darussalam,2005.0,2.76,EG_EGY_PRIM,,"IEA (2024), World Energy Balances"
96,Brunei Darussalam,2006.0,3.76,EG_EGY_PRIM,,"IEA (2024), World Energy Balances"
96,Brunei Darussalam,2007.0,3.84,EG_EGY_PRIM,,"IEA (2024), World Energy Balances"
96,Brunei Darussalam,2008.0,4.3,EG_EGY_PRIM,,"IEA (2024), World Energy Balances"
96,Brunei Darussalam,2009.0,3.76,EG_EGY_PRIM,,"IEA (2024), World Energy Balances"
96,Brunei Darussalam,2010.0,3.9,EG_EGY_PRIM,,"IEA (2024), World Energy Balances"
96,Brunei Darussalam,2011.0,4.5,EG_EGY_PRIM,,"IEA (2024), World Energy Balances"
96,Brunei Darussalam,2012.0,4.41,EG_EGY_PRIM,,"IEA (2024), World Energy Balances"
96,Brunei Darussalam,2013.0,3.58,EG_EGY_PRIM,,"IEA (2024), World Energy Balances"
96,Brunei Darussalam,2014.0,4.29,EG_EGY_PRIM,,"IEA (2024), World Energy Balances"
96,Brunei Darussalam,2015.0,3.29,EG_EGY_PRIM,,"IEA (2024), World Energy Balances"
96,Brunei Darussalam,2016.0,3.72,EG_EGY_PRIM,,"IEA (2024), World Energy Balances"
96,Brunei Darussalam,2017.0,4.45,EG_EGY_PRIM,,"IEA (2024), World Energy Balances"
96,Brunei Darussalam,2018.0,4.45,EG_EGY_PRIM,,"IEA (2024), World Energy Balances"
96,Brunei Darussalam,2019.0,4.81,EG_EGY_PRIM,,"IEA (2024), World Energy Balances"
96,Brunei Darussalam,2020.0,4.79,EG_EGY_PRIM,,"IEA (2024), World Energy Balances"
96,Brunei Darussalam,2021.0,4.8,EG_EGY_PRIM,,"IEA (2024), World Energy Balances"
96,Brunei Darussalam,2022.0,5.23,EG_EGY_PRIM,,"IEA (2024), World Energy Balances"
100,Bulgaria,2000.0,7.53,EG_EGY_PRIM,,"IEA (2024), World Energy Balances"
100,Bulgaria,2001.0,7.55,EG_EGY_PRIM,,"IEA (2024), World Energy Balances"
100,Bulgaria,2002.0,6.95,EG_EGY_PRIM,,"IEA (2024), World Energy Balances"
100,Bulgaria,2003.0,6.77,EG_EGY_PRIM,,"IEA (2024), World Energy Balances"
100,Bulgaria,2004.0,6.18,EG_EGY_PRIM,,"IEA (2024), World Energy Balances"
100,Bulgaria,2005.0,6.11,EG_EGY_PRIM,,"IEA (2024), World Energy Balances"
100,Bulgaria,2006.0,5.89,EG_EGY_PRIM,,"IEA (2024), World Energy Balances"
100,Bulgaria,2007.0,5.41,EG_EGY_PRIM,,"IEA (2024), World Energy Balances"
100,Bulgaria,2008.0,5.03,EG_EGY_PRIM,,"IEA (2024), World Energy Balances"
100,Bulgaria,2009.0,4.57,EG_EGY_PRIM,,"IEA (2024), World Energy Balances"
100,Bulgaria,2010.0,4.58,EG_EGY_PRIM,,"IEA (2024), World Energy Balances"
100,Bulgaria,2011.0,4.82,EG_EGY_PRIM,,"IEA (2024), World Energy Balances"
100,Bulgaria,2012.0,4.58,EG_EGY_PRIM,,"IEA (2024), World Energy Balances"
100,Bulgaria,2013.0,4.26,EG_EGY_PRIM,,"IEA (2024), World Energy Balances"
100,Bulgaria,2014.0,4.43,EG_EGY_PRIM,,"IEA (2024), World Energy Balances"
100,Bulgaria,2015.0,4.46,EG_EGY_PRIM,,"IEA (2024), World Energy Balances"
100,Bulgaria,2016.0,4.22,EG_EGY_PRIM,,"IEA (2024), World Energy Balances"
100,Bulgaria,2017.0,4.25,EG_EGY_PRIM,,"IEA (2024), World Energy Balances"
100,Bulgaria,2018.0,4.13,EG_EGY_PRIM,,"IEA (2024), World Energy Balances"
100,Bulgaria,2019.0,3.92,EG_EGY_PRIM,,"IEA (2024), World Energy Balances"
100,Bulgaria,2020.0,3.89,EG_EGY_PRIM,,"IEA (2024), World Energy Balances"
100,Bulgaria,2021.0,3.93,EG_EGY_PRIM,,"IEA (2024), World Energy Balances"
100,Bulgaria,2022.0,3.82,EG_EGY_PRIM,,"IEA (2024), World Energy Balances"
854,Burkina Faso,2000.0,4.76,EG_EGY_PRIM,,"Energy Balances, UN Statistics Division (2024)"
854,Burkina Faso,2001.0,4.6,EG_EGY_PRIM,,"Energy Balances, UN Statistics Division (2024)"
854,Burkina Faso,2002.0,4.53,EG_EGY_PRIM,,"Energy Balances, UN Statistics Division (2024)"
854,Burkina Faso,2003.0,4.38,EG_EGY_PRIM,,"Energy Balances, UN Statistics Division (2024)"
854,Burkina Faso,2004.0,4.24,EG_EGY_PRIM,,"Energy Balances, UN Statistics Division (2024)"
854,Burkina Faso,2005.0,4.88,EG_EGY_PRIM,,"Energy Balances, UN Statistics Division (2024)"
854,Burkina Faso,2006.0,4.85,EG_EGY_PRIM,,"Energy Balances, UN Statistics Division (2024)"
854,Burkina Faso,2007.0,5.06,EG_EGY_PRIM,,"Energy Balances, UN Statistics Division (2024)"
854,Burkina Faso,2008.0,5.09,EG_EGY_PRIM,,"Energy Balances, UN Statistics Division (2024)"
854,Burkina Faso,2009.0,5.0,EG_EGY_PRIM,,"Energy Balances, UN Statistics Division (2024)"
854,Burkina Faso,2010.0,4.7,EG_EGY_PRIM,,"Energy Balances, UN Statistics Division (2024)"
854,Burkina Faso,2011.0,4.7,EG_EGY_PRIM,,"Energy Balances, UN Statistics Division (2024)"
854,Burkina Faso,2012.0,4.8,EG_EGY_PRIM,,"Energy Balances, UN Statistics Division (2024)"
854,Burkina Faso,2013.0,4.88,EG_EGY_PRIM,,"Energy Balances, UN Statistics Division (2024)"
854,Burkina Faso,2014.0,4.92,EG_EGY_PRIM,,"Energy Balances, UN Statistics Division (2024)"
854,Burkina Faso,2015.0,5.14,EG_EGY_PRIM,,"Energy Balances, UN Statistics Division (2024)"
854,Burkina Faso,2016.0,4.88,EG_EGY_PRIM,,"Energy Balances, UN Statistics Division (2024)"
854,Burkina Faso,2017.0,4.97,EG_EGY_PRIM,,"Energy Balances, UN Statistics Division (2024)"
854,Burkina Faso,2018.0,5.06,EG_EGY_PRIM,,"Energy Balances, UN Statistics Division (2024)"
854,Burkina Faso,2019.0,4.95,EG_EGY_PRIM,,"Energy Balances, UN Statistics Division (2024)"
854,Burkina Faso,2020.0,4.91,EG_EGY_PRIM,,"Energy Balances, UN Statistics Division (2024)"
854,Burkina Faso,2021.0,4.84,EG_EGY_PRIM,,"Energy Balances, UN Statistics Division (2024)"
854,Burkina Faso,2022.0,4.83,EG_EGY_PRIM,,"Energy Balances, UN Statistics Division (2024)"
108,Burundi,2000.0,8.89,EG_EGY_PRIM,,"Energy Balances, UN Statistics Division (2024)"
108,Burundi,2001.0,9.05,EG_EGY_PRIM,,"Energy Balances, UN Statistics Division (2024)"
108,Burundi,2002.0,8.84,EG_EGY_PRIM,,"Energy Balances, UN Statistics Division (2024)"
108,Burundi,2003.0,8.53,EG_EGY_PRIM,,"Energy Balances, UN Statistics Division (2024)"
108,Burundi,2004.0,8.27,EG_EGY_PRIM,,"Energy Balances, UN Statistics Division (2024)"
108,Burundi,2005.0,7.85,EG_EGY_PRIM,,"Energy Balances, UN Statistics Division (2024)"
108,Burundi,2006.0,7.49,EG_EGY_PRIM,,"Energy Balances, UN Statistics Division (2024)"
108,Burundi,2007.0,7.27,EG_EGY_PRIM,,"Energy Balances, UN Statistics Division (2024)"
108,Burundi,2008.0,6.97,EG_EGY_PRIM,,"Energy Balances, UN Statistics Division (2024)"
108,Burundi,2009.0,6.72,EG_EGY_PRIM,,"Energy Balances, UN Statistics Division (2024)"
108,Burundi,2010.0,6.6,EG_EGY_PRIM,,"Energy Balances, UN Statistics Division (2024)"
108,Burundi,2011.0,6.52,EG_EGY_PRIM,,"Energy Balances, UN Statistics Division (2024)"
108,Burundi,2012.0,6.18,EG_EGY_PRIM,,"Energy Balances, UN Statistics Division (2024)"
108,Burundi,2013.0,6.24,EG_EGY_PRIM,,"Energy Balances, UN Statistics Division (2024)"
108,Burundi,2014.0,5.84,EG_EGY_PRIM,,"Energy Balances, UN Statistics Division (2024)"
108,Burundi,2015.0,6.07,EG_EGY_PRIM,,"Energy Balances, UN Statistics Division (2024)"
108,Burundi,2016.0,6.21,EG_EGY_PRIM,,"Energy Balances, UN Statistics Division (2024)"
108,Burundi,2017.0,6.27,EG_EGY_PRIM,,"Energy Balances, UN Statistics Division (2024)"
108,Burundi,2018.0,6.36,EG_EGY_PRIM,,"Energy Balances, UN Statistics Division (2024)"
108,Burundi,2019.0,6.28,EG_EGY_PRIM,,"Energy Balances, UN Statistics Division (2024)"
108,Burundi,2020.0,6.4,EG_EGY_PRIM,,"Energy Balances, UN Statistics Division (2024)"
108,Burundi,2021.0,6.18,EG_EGY_PRIM,,"Energy Balances, UN Statistics Division (2024)"
108,Burundi,2022.0,6.25,EG_EGY_PRIM,,"Energy Balances, UN Statistics Division (2024)"
132,Cabo Verde,2000.0,2.85,EG_EGY_PRIM,,"Energy Balances, UN Statistics Division (2024)"
132,Cabo Verde,2001.0,3.02,EG_EGY_PRIM,,"Energy Balances, UN Statistics Division (2024)"
132,Cabo Verde,2002.0,3.08,EG_EGY_PRIM,,"Energy Balances, UN Statistics Division (2024)"
132,Cabo Verde,2003.0,3.02,EG_EGY_PRIM,,"Energy Balances, UN Statistics Division (2024)"
132,Cabo Verde,2004.0,2.97,EG_EGY_PRIM,,"Energy Balances, UN Statistics Division (2024)"
132,Cabo Verde,2005.0,2.9,EG_EGY_PRIM,,"Energy Balances, UN Statistics Division (2024)"
132,Cabo Verde,2006.0,2.88,EG_EGY_PRIM,,"Energy Balances, UN Statistics Division (2024)"
132,Cabo Verde,2007.0,2.56,EG_EGY_PRIM,,"Energy Balances, UN Statistics Division (2024)"
132,Cabo Verde,2008.0,2.24,EG_EGY_PRIM,,"Energy Balances, UN Statistics Division (2024)"
132,Cabo Verde,2009.0,2.48,EG_EGY_PRIM,,"Energy Balances, UN Statistics Division (2024)"
132,Cabo Verde,2010.0,2.57,EG_EGY_PRIM,,"Energy Balances, UN Statistics Division (2024)"
132,Cabo Verde,2011.0,2.72,EG_EGY_PRIM,,"Energy Balances, UN Statistics Division (2024)"
132,Cabo Verde,2012.0,2.31,EG_EGY_PRIM,,"Energy Balances, UN Statistics Division (2024)"
132,Cabo Verde,2013.0,2.29,EG_EGY_PRIM,,"Energy Balances, UN Statistics Division (2024)"
132,Cabo Verde,2014.0,2.25,EG_EGY_PRIM,,"Energy Balances, UN Statistics Division (2024)"
132,Cabo Verde,2015.0,2.25,EG_EGY_PRIM,,"Energy Balances, UN Statistics Division (2024)"
132,Cabo Verde,2016.0,2.29,EG_EGY_PRIM,,"Energy Balances, UN Statistics Division (2024)"
132,Cabo Verde,2017.0,2.31,EG_EGY_PRIM,,"Energy Balances, UN Statistics Division (2024)"
132,Cabo Verde,2018.0,2.24,EG_EGY_PRIM,,"Energy Balances, UN Statistics Division (2024)"
132,Cabo Verde,2019.0,2.28,EG_EGY_PRIM,,"Energy Balances, UN Statistics Division (2024)"
132,Cabo Verde,2020.0,2.42,EG_EGY_PRIM,,"Energy Balances, UN Statistics Division (2024)"
132,Cabo Verde,2021.0,2.53,EG_EGY_PRIM,,"Energy Balances, UN Statistics Division (2024)"
132,Cabo Verde,2022.0,2.15,EG_EGY_PRIM,,"Energy Balances, UN Statistics Division (2024)"
116,Cambodia,2000.0,5.95,EG_EGY_PRIM,,"IEA (2024), World Energy Balances"
116,Cambodia,2001.0,5.69,EG_EGY_PRIM,,"IEA (2024), World Energy Balances"
116,Cambodia,2002.0,5.36,EG_EGY_PRIM,,"IEA (2024), World Energy Balances"
116,Cambodia,2003.0,5.0,EG_EGY_PRIM,,"IEA (2024), World Energy Balances"
116,Cambodia,2004.0,4.69,EG_EGY_PRIM,,"IEA (2024), World Energy Balances"
116,Cambodia,2005.0,4.31,EG_EGY_PRIM,,"IEA (2024), World Energy Balances"
116,Cambodia,2006.0,3.99,EG_EGY_PRIM,,"IEA (2024), World Energy Balances"
116,Cambodia,2007.0,3.77,EG_EGY_PRIM,,"IEA (2024), World Energy Balances"
116,Cambodia,2008.0,3.54,EG_EGY_PRIM,,"IEA (2024), World Energy Balances"
116,Cambodia,2009.0,3.63,EG_EGY_PRIM,,"IEA (2024), World Energy Balances"
116,Cambodia,2010.0,3.65,EG_EGY_PRIM,,"IEA (2024), World Energy Balances"
116,Cambodia,2011.0,3.47,EG_EGY_PRIM,,"IEA (2024), World Energy Balances"
116,Cambodia,2012.0,3.36,EG_EGY_PRIM,,"IEA (2024), World Energy Balances"
116,Cambodia,2013.0,3.2,EG_EGY_PRIM,,"IEA (2024), World Energy Balances"
116,Cambodia,2014.0,3.2,EG_EGY_PRIM,,"IEA (2024), World Energy Balances"
116,Cambodia,2015.0,3.2,EG_EGY_PRIM,,"IEA (2024), World Energy Balances"
116,Cambodia,2016.0,3.27,EG_EGY_PRIM,,"IEA (2024), World Energy Balances"
116,Cambodia,2017.0,3.11,EG_EGY_PRIM,,"IEA (2024), World Energy Balances"
116,Cambodia,2018.0,3.05,EG_EGY_PRIM,,"IEA (2024), World Energy Balances"
116,Cambodia,2019.0,3.18,EG_EGY_PRIM,,"IEA (2024), World Energy Balances"
116,Cambodia,2020.0,3.53,EG_EGY_PRIM,,"IEA (2024), World Energy Balances"
116,Cambodia,2021.0,3.37,EG_EGY_PRIM,,"IEA (2024), World Energy Balances"
116,Cambodia,2022.0,3.25,EG_EGY_PRIM,,"IEA (2024), World Energy Balances"
120,Cameroon,2000.0,4.53,EG_EGY_PRIM,,"IEA (2024), World Energy Balances"
120,Cameroon,2001.0,4.43,EG_EGY_PRIM,,"IEA (2024), World Energy Balances"
120,Cameroon,2002.0,4.44,EG_EGY_PRIM,,"IEA (2024), World Energy Balances"
120,Cameroon,2003.0,4.41,EG_EGY_PRIM,,"IEA (2024), World Energy Balances"
120,Cameroon,2004.0,4.27,EG_EGY_PRIM,,"IEA (2024), World Energy Balances"
120,Cameroon,2005.0,4.25,EG_EGY_PRIM,,"IEA (2024), World Energy Balances"
120,Cameroon,2006.0,3.79,EG_EGY_PRIM,,"IEA (2024), World Energy Balances"
120,Cameroon,2007.0,3.43,EG_EGY_PRIM,,"IEA (2024), World Energy Balances"
120,Cameroon,2008.0,3.37,EG_EGY_PRIM,,"IEA (2024), World Energy Balances"
120,Cameroon,2009.0,3.55,EG_EGY_PRIM,,"IEA (2024), World Energy Balances"
120,Cameroon,2010.0,3.48,EG_EGY_PRIM,,"IEA (2024), World Energy Balances"
120,Cameroon,2011.0,3.52,EG_EGY_PRIM,,"IEA (2024), World Energy Balances"
120,Cameroon,2012.0,3.52,EG_EGY_PRIM,,"IEA (2024), World Energy Balances"
120,Cameroon,2013.0,3.51,EG_EGY_PRIM,,"IEA (2024), World Energy Balances"
120,Cameroon,2014.0,3.6,EG_EGY_PRIM,,"IEA (2024), World Energy Balances"
120,Cameroon,2015.0,3.59,EG_EGY_PRIM,,"IEA (2024), World Energy Balances"
120,Cameroon,2016.0,3.51,EG_EGY_PRIM,,"IEA (2024), World Energy Balances"
120,Cameroon,2017.0,3.43,EG_EGY_PRIM,,"IEA (2024), World Energy Balances"
120,Cameroon,2018.0,3.38,EG_EGY_PRIM,,"IEA (2024), World Energy Balances"
120,Cameroon,2019.0,3.32,EG_EGY_PRIM,,"IEA (2024), World Energy Balances"
120,Cameroon,2020.0,3.39,EG_EGY_PRIM,,"IEA (2024), World Energy Balances"
120,Cameroon,2021.0,3.36,EG_EGY_PRIM,,"IEA (2024), World Energy Balances"
120,Cameroon,2022.0,3.32,EG_EGY_PRIM,,"IEA (2024), World Energy Balances"
124,Canada,2000.0,7.22,EG_EGY_PRIM,,"IEA (2024), World Energy Balances"
124,Canada,2001.0,6.98,EG_EGY_PRIM,,"IEA (2024), World Energy Balances"
124,Canada,2002.0,6.79,EG_EGY_PRIM,,"IEA (2024), World Energy Balances"
124,Canada,2003.0,7.04,EG_EGY_PRIM,,"IEA (2024), World Energy Balances"
124,Canada,2004.0,6.94,EG_EGY_PRIM,,"IEA (2024), World Energy Balances"
124,Canada,2005.0,6.79,EG_EGY_PRIM,,"IEA (2024), World Energy Balances"
124,Canada,2006.0,6.73,EG_EGY_PRIM,,"IEA (2024), World Energy Balances"
124,Canada,2007.0,6.6,EG_EGY_PRIM,,"IEA (2024), World Energy Balances"
124,Canada,2008.0,6.4,EG_EGY_PRIM,,"IEA (2024), World Energy Balances"
124,Canada,2009.0,6.34,EG_EGY_PRIM,,"IEA (2024), World Energy Balances"
124,Canada,2010.0,6.19,EG_EGY_PRIM,,"IEA (2024), World Energy Balances"
124,Canada,2011.0,6.11,EG_EGY_PRIM,,"IEA (2024), World Energy Balances"
124,Canada,2012.0,6.0,EG_EGY_PRIM,,"IEA (2024), World Energy Balances"
124,Canada,2013.0,5.95,EG_EGY_PRIM,,"IEA (2024), World Energy Balances"
124,Canada,2014.0,5.93,EG_EGY_PRIM,,"IEA (2024), World Energy Balances"
124,Canada,2015.0,5.87,EG_EGY_PRIM,,"IEA (2024), World Energy Balances"
124,Canada,2016.0,6.07,EG_EGY_PRIM,,"IEA (2024), World Energy Balances"
124,Canada,2017.0,6.13,EG_EGY_PRIM,,"IEA (2024), World Energy Balances"
124,Canada,2018.0,6.05,EG_EGY_PRIM,,"IEA (2024), World Energy Balances"
124,Canada,2019.0,5.99,EG_EGY_PRIM,,"IEA (2024), World Energy Balances"
124,Canada,2020.0,5.88,EG_EGY_PRIM,,"IEA (2024), World Energy Balances"
124,Canada,2021.0,5.71,EG_EGY_PRIM,,"IEA (2024), World Energy Balances"
124,Canada,2022.0,5.62,EG_EGY_PRIM,,"IEA (2024), World Energy Balances"
29,Caribbean,2000.0,,EG_EGY_PRIM,,"IEA (2024), World Energy Balances; Energy Balances, UN Statistics Division (2024)"
29,Caribbean,2001.0,,EG_EGY_PRIM,,"IEA (2024), World Energy Balances; Energy Balances, UN Statistics Division (2024)"
29,Caribbean,2002.0,,EG_EGY_PRIM,,"IEA (2024), World Energy Balances; Energy Balances, UN Statistics Division (2024)"
29,Caribbean,2003.0,,EG_EGY_PRIM,,"IEA (2024), World Energy Balances; Energy Balances, UN Statistics Division (2024)"
29,Caribbean,2004.0,,EG_EGY_PRIM,,"IEA (2024), World Energy Balances; Energy Balances, UN Statistics Division (2024)"
29,Caribbean,2005.0,,EG_EGY_PRIM,,"IEA (2024), World Energy Balances; Energy Balances, UN Statistics Division (2024)"
29,Caribbean,2006.0,,EG_EGY_PRIM,,"IEA (2024), World Energy Balances; Energy Balances, UN Statistics Division (2024)"
29,Caribbean,2007.0,,EG_EGY_PRIM,,"IEA (2024), World Energy Balances; Energy Balances, UN Statistics Division (2024)"
29,Caribbean,2008.0,,EG_EGY_PRIM,,"IEA (2024), World Energy Balances; Energy Balances, UN Statistics Division (2024)"
29,Caribbean,2009.0,,EG_EGY_PRIM,,"IEA (2024), World Energy Balances; Energy Balances, UN Statistics Division (2024)"
29,Caribbean,2010.0,,EG_EGY_PRIM,,"IEA (2024), World Energy Balances; Energy Balances, UN Statistics Division (2024)"
29,Caribbean,2011.0,,EG_EGY_PRIM,,"IEA (2024), World Energy Balances; Energy Balances, UN Statistics Division (2024)"
29,Caribbean,2012.0,,EG_EGY_PRIM,,"IEA (2024), World Energy Balances; Energy Balances, UN Statistics Division (2024)"
29,Caribbean,2013.0,,EG_EGY_PRIM,,"IEA (2024), World Energy Balances; Energy Balances, UN Statistics Division (2024)"
29,Caribbean,2014.0,,EG_EGY_PRIM,,"IEA (2024), World Energy Balances; Energy Balances, UN Statistics Division (2024)"
29,Caribbean,2015.0,,EG_EGY_PRIM,,"IEA (2024), World Energy Balances; Energy Balances, UN Statistics Division (2024)"
29,Caribbean,2016.0,,EG_EGY_PRIM,,"IEA (2024), World Energy Balances; Energy Balances, UN Statistics Division (2024)"
29,Caribbean,2017.0,,EG_EGY_PRIM,,"IEA (2024), World Energy Balances; Energy Balances, UN Statistics Division (2024)"
29,Caribbean,2018.0,,EG_EGY_PRIM,,"IEA (2024), World Energy Balances; Energy Balances, UN Statistics Division (2024)"
29,Caribbean,2019.0,,EG_EGY_PRIM,,"IEA (2024), World Energy Balances; Energy Balances, UN Statistics Division (2024)"
29,Caribbean,2020.0,,EG_EGY_PRIM,,"IEA (2024), World Energy Balances; Energy Balances, UN Statistics Division (2024)"
29,Caribbean,2021.0,,EG_EGY_PRIM,,"IEA (2024), World Energy Balances; Energy Balances, UN Statistics Division (2024)"
29,Caribbean,2022.0,,EG_EGY_PRIM,,"IEA (2024), World Energy Balances; Energy Balances, UN Statistics Division (2024)"
136,Cayman Islands,2000.0,,EG_EGY_PRIM,,"Energy Balances, UN Statistics Division (2024)"
136,Cayman Islands,2001.0,,EG_EGY_PRIM,,"Energy Balances, UN Statistics Division (2024)"
136,Cayman Islands,2002.0,,EG_EGY_PRIM,,"Energy Balances, UN Statistics Division (2024)"
136,Cayman Islands,2003.0,,EG_EGY_PRIM,,"Energy Balances, UN Statistics Division (2024)"
136,Cayman Islands,2004.0,,EG_EGY_PRIM,,"Energy Balances, UN Statistics Division (2024)"
136,Cayman Islands,2005.0,,EG_EGY_PRIM,,"Energy Balances, UN Statistics Division (2024)"
136,Cayman Islands,2006.0,1.55,EG_EGY_PRIM,,"Energy Balances, UN Statistics Division (2024)"
136,Cayman Islands,2007.0,1.81,EG_EGY_PRIM,,"Energy Balances, UN Statistics Division (2024)"
136,Cayman Islands,2008.0,1.84,EG_EGY_PRIM,,"Energy Balances, UN Statistics Division (2024)"
136,Cayman Islands,2009.0,1.89,EG_EGY_PRIM,,"Energy Balances, UN Statistics Division (2024)"
136,Cayman Islands,2010.0,1.94,EG_EGY_PRIM,,"Energy Balances, UN Statistics Division (2024)"
136,Cayman Islands,2011.0,2.03,EG_EGY_PRIM,,"Energy Balances, UN Statistics Division (2024)"
136,Cayman Islands,2012.0,1.83,EG_EGY_PRIM,,"Energy Balances, UN Statistics Division (2024)"
136,Cayman Islands,2013.0,1.79,EG_EGY_PRIM,,"Energy Balances, UN Statistics Division (2024)"
136,Cayman Islands,2014.0,1.79,EG_EGY_PRIM,,"Energy Balances, UN Statistics Division (2024)"
136,Cayman Islands,2015.0,1.77,EG_EGY_PRIM,,"Energy Balances, UN Statistics Division (2024)"
136,Cayman Islands,2016.0,1.69,EG_EGY_PRIM,,"Energy Balances, UN Statistics Division (2024)"
136,Cayman Islands,2017.0,1.73,EG_EGY_PRIM,,"Energy Balances, UN Statistics Division (2024)"
136,Cayman Islands,2018.0,1.74,EG_EGY_PRIM,,"Energy Balances, UN Statistics Division (2024)"
136,Cayman Islands,2019.0,1.9,EG_EGY_PRIM,,"Energy Balances, UN Statistics Division (2024)"
136,Cayman Islands,2020.0,1.85,EG_EGY_PRIM,,"Energy Balances, UN Statistics Division (2024)"
136,Cayman Islands,2021.0,1.76,EG_EGY_PRIM,,"Energy Balances, UN Statistics Division (2024)"
136,Cayman Islands,2022.0,1.7,EG_EGY_PRIM,,"Energy Balances, UN Statistics Division (2024)"
140,Central African Republic,2000.0,5.13,EG_EGY_PRIM,,"Energy Balances, UN Statistics Division (2024)"
140,Central African Republic,2001.0,5.16,EG_EGY_PRIM,,"Energy Balances, UN Statistics Division (2024)"
140,Central African Republic,2002.0,5.11,EG_EGY_PRIM,,"Energy Balances, UN Statistics Division (2024)"
140,Central African Republic,2003.0,5.21,EG_EGY_PRIM,,"Energy Balances, UN Statistics Division (2024)"
140,Central African Republic,2004.0,5.5,EG_EGY_PRIM,,"Energy Balances, UN Statistics Division (2024)"
140,Central African Republic,2005.0,5.48,EG_EGY_PRIM,,"Energy Balances, UN Statistics Division (2024)"
140,Central African Republic,2006.0,5.38,EG_EGY_PRIM,,"Energy Balances, UN Statistics Division (2024)"
140,Central African Republic,2007.0,5.33,EG_EGY_PRIM,,"Energy Balances, UN Statistics Division (2024)"
140,Central African Republic,2008.0,5.29,EG_EGY_PRIM,,"Energy Balances, UN Statistics Division (2024)"
140,Central African Republic,2009.0,5.29,EG_EGY_PRIM,,"Energy Balances, UN Statistics Division (2024)"
140,Central African Republic,2010.0,5.21,EG_EGY_PRIM,,"Energy Balances, UN Statistics Division (2024)"
140,Central African Republic,2011.0,4.85,EG_EGY_PRIM,,"Energy Balances, UN Statistics Division (2024)"
140,Central African Republic,2012.0,4.72,EG_EGY_PRIM,,"Energy Balances, UN Statistics Division (2024)"
140,Central African Republic,2013.0,7.36,EG_EGY_PRIM,,"Energy Balances, UN Statistics Division (2024)"
140,Central African Republic,2014.0,7.62,EG_EGY_PRIM,,"Energy Balances, UN Statistics Division (2024)"
140,Central African Republic,2015.0,7.62,EG_EGY_PRIM,,"Energy Balances, UN Statistics Division (2024)"
140,Central African Republic,2016.0,7.58,EG_EGY_PRIM,,"Energy Balances, UN Statistics Division (2024)"
140,Central African Republic,2017.0,7.39,EG_EGY_PRIM,,"Energy Balances, UN Statistics Division (2024)"
140,Central African Republic,2018.0,7.4,EG_EGY_PRIM,,"Energy Balances, UN Statistics Division (2024)"
140,Central African Republic,2019.0,7.45,EG_EGY_PRIM,,"Energy Balances, UN Statistics Division (2024)"
140,Central African Republic,2020.0,7.59,EG_EGY_PRIM,,"Energy Balances, UN Statistics Division (2024)"
140,Central African Republic,2021.0,8.26,EG_EGY_PRIM,,"Energy Balances, UN Statistics Division (2024)"
140,Central African Republic,2022.0,8.28,EG_EGY_PRIM,,"Energy Balances, UN Statistics Division (2024)"
13,Central America,2000.0,3.08,EG_EGY_PRIM,,"IEA (2024), World Energy Balances; Energy Balances, UN Statistics Division (2024)"
13,Central America,2001.0,3.18,EG_EGY_PRIM,,"IEA (2024), World Energy Balances; Energy Balances, UN Statistics Division (2024)"
13,Central America,2002.0,3.22,EG_EGY_PRIM,,"IEA (2024), World Energy Balances; Energy Balances, UN Statistics Division (2024)"
13,Central America,2003.0,3.39,EG_EGY_PRIM,,"IEA (2024), World Energy Balances; Energy Balances, UN Statistics Division (2024)"
13,Central America,2004.0,3.35,EG_EGY_PRIM,,"IEA (2024), World Energy Balances; Energy Balances, UN Statistics Division (2024)"
13,Central America,2005.0,3.43,EG_EGY_PRIM,,"IEA (2024), World Energy Balances; Energy Balances, UN Statistics Division (2024)"
13,Central America,2006.0,3.34,EG_EGY_PRIM,,"IEA (2024), World Energy Balances; Energy Balances, UN Statistics Division (2024)"
13,Central America,2007.0,3.26,EG_EGY_PRIM,,"IEA (2024), World Energy Balances; Energy Balances, UN Statistics Division (2024)"
13,Central America,2008.0,3.22,EG_EGY_PRIM,,"IEA (2024), World Energy Balances; Energy Balances, UN Statistics Division (2024)"
13,Central America,2009.0,3.35,EG_EGY_PRIM,,"IEA (2024), World Energy Balances; Energy Balances, UN Statistics Division (2024)"
13,Central America,2010.0,3.19,EG_EGY_PRIM,,"IEA (2024), World Energy Balances; Energy Balances, UN Statistics Division (2024)"
13,Central America,2011.0,3.22,EG_EGY_PRIM,,"IEA (2024), World Energy Balances; Energy Balances, UN Statistics Division (2024)"
13,Central America,2012.0,3.18,EG_EGY_PRIM,,"IEA (2024), World Energy Balances; Energy Balances, UN Statistics Division (2024)"
13,Central America,2013.0,3.15,EG_EGY_PRIM,,"IEA (2024), World Energy Balances; Energy Balances, UN Statistics Division (2024)"
13,Central America,2014.0,3.02,EG_EGY_PRIM,,"IEA (2024), World Energy Balances; Energy Balances, UN Statistics Division (2024)"
13,Central America,2015.0,2.92,EG_EGY_PRIM,,"IEA (2024), World Energy Balances; Energy Balances, UN Statistics Division (2024)"
13,Central America,2016.0,2.87,EG_EGY_PRIM,,"IEA (2024), World Energy Balances; Energy Balances, UN Statistics Division (2024)"
13,Central America,2017.0,2.74,EG_EGY_PRIM,,"IEA (2024), World Energy Balances; Energy Balances, UN Statistics Division (2024)"
13,Central America,2018.0,2.75,EG_EGY_PRIM,,"IEA (2024), World Energy Balances; Energy Balances, UN Statistics Division (2024)"
13,Central America,2019.0,2.75,EG_EGY_PRIM,,"IEA (2024), World Energy Balances; Energy Balances, UN Statistics Division (2024)"
13,Central America,2020.0,2.8,EG_EGY_PRIM,,"IEA (2024), World Energy Balances; Energy Balances, UN Statistics Division (2024)"
13,Central America,2021.0,2.76,EG_EGY_PRIM,,"IEA (2024), World Energy Balances; Energy Balances, UN Statistics Division (2024)"
13,Central America,2022.0,2.71,EG_EGY_PRIM,,"IEA (2024), World Energy Balances; Energy Balances, UN Statistics Division (2024)"
62,Central and Southern Asia,2000.0,5.67,EG_EGY_PRIM,,"IEA (2024), World Energy Balances; Energy Balances, UN Statistics Division (2024)"
62,Central and Southern Asia,2001.0,5.54,EG_EGY_PRIM,,"IEA (2024), World Energy Balances; Energy Balances, UN Statistics Division (2024)"
62,Central and Southern Asia,2002.0,5.46,EG_EGY_PRIM,,"IEA (2024), World Energy Balances; Energy Balances, UN Statistics Division (2024)"
62,Central and Southern Asia,2003.0,5.24,EG_EGY_PRIM,,"IEA (2024), World Energy Balances; Energy Balances, UN Statistics Division (2024)"
62,Central and Southern Asia,2004.0,5.22,EG_EGY_PRIM,,"IEA (2024), World Energy Balances; Energy Balances, UN Statistics Division (2024)"
62,Central and Southern Asia,2005.0,5.09,EG_EGY_PRIM,,"IEA (2024), World Energy Balances; Energy Balances, UN Statistics Division (2024)"
62,Central and Southern Asia,2006.0,5.01,EG_EGY_PRIM,,"IEA (2024), World Energy Balances; Energy Balances, UN Statistics Division (2024)"
62,Central and Southern Asia,2007.0,4.91,EG_EGY_PRIM,,"IEA (2024), World Energy Balances; Energy Balances, UN Statistics Division (2024)"
62,Central and Southern Asia,2008.0,5.02,EG_EGY_PRIM,,"IEA (2024), World Energy Balances; Energy Balances, UN Statistics Division (2024)"
62,Central and Southern Asia,2009.0,4.89,EG_EGY_PRIM,,"IEA (2024), World Energy Balances; Energy Balances, UN Statistics Division (2024)"
62,Central and Southern Asia,2010.0,4.77,EG_EGY_PRIM,,"IEA (2024), World Energy Balances; Energy Balances, UN Statistics Division (2024)"
62,Central and Southern Asia,2011.0,4.73,EG_EGY_PRIM,,"IEA (2024), World Energy Balances; Energy Balances, UN Statistics Division (2024)"
62,Central and Southern Asia,2012.0,4.69,EG_EGY_PRIM,,"IEA (2024), World Energy Balances; Energy Balances, UN Statistics Division (2024)"
62,Central and Southern Asia,2013.0,4.57,EG_EGY_PRIM,,"IEA (2024), World Energy Balances; Energy Balances, UN Statistics Division (2024)"
62,Central and Southern Asia,2014.0,4.47,EG_EGY_PRIM,,"IEA (2024), World Energy Balances; Energy Balances, UN Statistics Division (2024)"
62,Central and Southern Asia,2015.0,4.25,EG_EGY_PRIM,,"IEA (2024), World Energy Balances; Energy Balances, UN Statistics Division (2024)"
62,Central and Southern Asia,2016.0,4.1,EG_EGY_PRIM,,"IEA (2024), World Energy Balances; Energy Balances, UN Statistics Division (2024)"
62,Central and Southern Asia,2017.0,4.05,EG_EGY_PRIM,,"IEA (2024), World Energy Balances; Energy Balances, UN Statistics Division (2024)"
62,Central and Southern Asia,2018.0,3.97,EG_EGY_PRIM,,"IEA (2024), World Energy Balances; Energy Balances, UN Statistics Division (2024)"
62,Central and Southern Asia,2019.0,3.91,EG_EGY_PRIM,,"IEA (2024), World Energy Balances; Energy Balances, UN Statistics Division (2024)"
62,Central and Southern Asia,2020.0,3.97,EG_EGY_PRIM,,"IEA (2024), World Energy Balances; Energy Balances, UN Statistics Division (2024)"
62,Central and Southern Asia,2021.0,3.97,EG_EGY_PRIM,,"IEA (2024), World Energy Balances; Energy Balances, UN Statistics Division (2024)"
62,Central and Southern Asia,2022.0,3.89,EG_EGY_PRIM,,"IEA (2024), World Energy Balances; Energy Balances, UN Statistics Division (2024)"
143,Central Asia,2000.0,12.3,EG_EGY_PRIM,,"IEA (2024), World Energy Balances; Energy Balances, UN Statistics Division (2024)"
143,Central Asia,2001.0,10.71,EG_EGY_PRIM,,"IEA (2024), World Energy Balances; Energy Balances, UN Statistics Division (2024)"
143,Central Asia,2002.0,10.38,EG_EGY_PRIM,,"IEA (2024), World Energy Balances; Energy Balances, UN Statistics Division (2024)"
143,Central Asia,2003.0,10.09,EG_EGY_PRIM,,"IEA (2024), World Energy Balances; Energy Balances, UN Statistics Division (2024)"
143,Central Asia,2004.0,10.13,EG_EGY_PRIM,,"IEA (2024), World Energy Balances; Energy Balances, UN Statistics Division (2024)"
143,Central Asia,2005.0,9.07,EG_EGY_PRIM,,"IEA (2024), World Energy Balances; Energy Balances, UN Statistics Division (2024)"
143,Central Asia,2006.0,9.1,EG_EGY_PRIM,,"IEA (2024), World Energy Balances; Energy Balances, UN Statistics Division (2024)"
143,Central Asia,2007.0,8.65,EG_EGY_PRIM,,"IEA (2024), World Energy Balances; Energy Balances, UN Statistics Division (2024)"
143,Central Asia,2008.0,8.72,EG_EGY_PRIM,,"IEA (2024), World Energy Balances; Energy Balances, UN Statistics Division (2024)"
143,Central Asia,2009.0,7.62,EG_EGY_PRIM,,"IEA (2024), World Energy Balances; Energy Balances, UN Statistics Division (2024)"
143,Central Asia,2010.0,7.7,EG_EGY_PRIM,,"IEA (2024), World Energy Balances; Energy Balances, UN Statistics Division (2024)"
143,Central Asia,2011.0,7.69,EG_EGY_PRIM,,"IEA (2024), World Energy Balances; Energy Balances, UN Statistics Division (2024)"
143,Central Asia,2012.0,6.9,EG_EGY_PRIM,,"IEA (2024), World Energy Balances; Energy Balances, UN Statistics Division (2024)"
143,Central Asia,2013.0,6.83,EG_EGY_PRIM,,"IEA (2024), World Energy Balances; Energy Balances, UN Statistics Division (2024)"
143,Central Asia,2014.0,5.69,EG_EGY_PRIM,,"IEA (2024), World Energy Balances; Energy Balances, UN Statistics Division (2024)"
143,Central Asia,2015.0,5.06,EG_EGY_PRIM,,"IEA (2024), World Energy Balances; Energy Balances, UN Statistics Division (2024)"
143,Central Asia,2016.0,5.31,EG_EGY_PRIM,,"IEA (2024), World Energy Balances; Energy Balances, UN Statistics Division (2024)"
143,Central Asia,2017.0,5.26,EG_EGY_PRIM,,"IEA (2024), World Energy Balances; Energy Balances, UN Statistics Division (2024)"
143,Central Asia,2018.0,5.45,EG_EGY_PRIM,,"IEA (2024), World Energy Balances; Energy Balances, UN Statistics Division (2024)"
143,Central Asia,2019.0,5.3,EG_EGY_PRIM,,"IEA (2024), World Energy Balances; Energy Balances, UN Statistics Division (2024)"
143,Central Asia,2020.0,5.26,EG_EGY_PRIM,,"IEA (2024), World Energy Balances; Energy Balances, UN Statistics Division (2024)"
143,Central Asia,2021.0,5.78,EG_EGY_PRIM,,"IEA (2024), World Energy Balances; Energy Balances, UN Statistics Division (2024)"
143,Central Asia,2022.0,5.68,EG_EGY_PRIM,,"IEA (2024), World Energy Balances; Energy Balances, UN Statistics Division (2024)"
148,Chad,2000.0,4.67,EG_EGY_PRIM,,"Energy Balances, UN Statistics Division (2024)"
148,Chad,2001.0,4.27,EG_EGY_PRIM,,"Energy Balances, UN Statistics Division (2024)"
148,Chad,2002.0,4.01,EG_EGY_PRIM,,"Energy Balances, UN Statistics Division (2024)"
148,Chad,2003.0,3.73,EG_EGY_PRIM,,"Energy Balances, UN Statistics Division (2024)"
148,Chad,2004.0,2.84,EG_EGY_PRIM,,"Energy Balances, UN Statistics Division (2024)"
148,Chad,2005.0,2.68,EG_EGY_PRIM,,"Energy Balances, UN Statistics Division (2024)"
148,Chad,2006.0,2.68,EG_EGY_PRIM,,"Energy Balances, UN Statistics Division (2024)"
148,Chad,2007.0,2.67,EG_EGY_PRIM,,"Energy Balances, UN Statistics Division (2024)"
148,Chad,2008.0,2.54,EG_EGY_PRIM,,"Energy Balances, UN Statistics Division (2024)"
148,Chad,2009.0,2.67,EG_EGY_PRIM,,"Energy Balances, UN Statistics Division (2024)"
148,Chad,2010.0,2.46,EG_EGY_PRIM,,"Energy Balances, UN Statistics Division (2024)"
148,Chad,2011.0,2.45,EG_EGY_PRIM,,"Energy Balances, UN Statistics Division (2024)"
148,Chad,2012.0,2.47,EG_EGY_PRIM,,"Energy Balances, UN Statistics Division (2024)"
148,Chad,2013.0,2.46,EG_EGY_PRIM,,"Energy Balances, UN Statistics Division (2024)"
148,Chad,2014.0,2.36,EG_EGY_PRIM,,"Energy Balances, UN Statistics Division (2024)"
148,Chad,2015.0,2.36,EG_EGY_PRIM,,"Energy Balances, UN Statistics Division (2024)"
148,Chad,2016.0,2.54,EG_EGY_PRIM,,"Energy Balances, UN Statistics Division (2024)"
148,Chad,2017.0,2.61,EG_EGY_PRIM,,"Energy Balances, UN Statistics Division (2024)"
148,Chad,2018.0,2.52,EG_EGY_PRIM,,"Energy Balances, UN Statistics Division (2024)"
148,Chad,2019.0,2.38,EG_EGY_PRIM,,"Energy Balances, UN Statistics Division (2024)"
148,Chad,2020.0,2.49,EG_EGY_PRIM,,"Energy Balances, UN Statistics Division (2024)"
148,Chad,2021.0,2.61,EG_EGY_PRIM,,"Energy Balances, UN Statistics Division (2024)"
148,Chad,2022.0,2.54,EG_EGY_PRIM,,"Energy Balances, UN Statistics Division (2024)"
152,Chile,2000.0,3.88,EG_EGY_PRIM,,"IEA (2024), World Energy Balances"
152,Chile,2001.0,3.69,EG_EGY_PRIM,,"IEA (2024), World Energy Balances"
152,Chile,2002.0,3.7,EG_EGY_PRIM,,"IEA (2024), World Energy Balances"
152,Chile,2003.0,3.57,EG_EGY_PRIM,,"IEA (2024), World Energy Balances"
152,Chile,2004.0,3.56,EG_EGY_PRIM,,"IEA (2024), World Energy Balances"
152,Chile,2005.0,3.47,EG_EGY_PRIM,,"IEA (2024), World Energy Balances"
152,Chile,2006.0,3.41,EG_EGY_PRIM,,"IEA (2024), World Energy Balances"
152,Chile,2007.0,3.36,EG_EGY_PRIM,,"IEA (2024), World Energy Balances"
152,Chile,2008.0,3.21,EG_EGY_PRIM,,"IEA (2024), World Energy Balances"
152,Chile,2009.0,3.16,EG_EGY_PRIM,,"IEA (2024), World Energy Balances"
152,Chile,2010.0,3.12,EG_EGY_PRIM,,"IEA (2024), World Energy Balances"
152,Chile,2011.0,3.2,EG_EGY_PRIM,,"IEA (2024), World Energy Balances"
152,Chile,2012.0,3.33,EG_EGY_PRIM,,"IEA (2024), World Energy Balances"
152,Chile,2013.0,3.34,EG_EGY_PRIM,,"IEA (2024), World Energy Balances"
152,Chile,2014.0,2.96,EG_EGY_PRIM,,"IEA (2024), World Energy Balances"
152,Chile,2015.0,2.96,EG_EGY_PRIM,,"IEA (2024), World Energy Balances"
152,Chile,2016.0,3.1,EG_EGY_PRIM,,"IEA (2024), World Energy Balances"
152,Chile,2017.0,3.1,EG_EGY_PRIM,,"IEA (2024), World Energy Balances"
152,Chile,2018.0,3.04,EG_EGY_PRIM,,"IEA (2024), World Energy Balances"
152,Chile,2019.0,3.2,EG_EGY_PRIM,,"IEA (2024), World Energy Balances"
152,Chile,2020.0,3.1,EG_EGY_PRIM,,"IEA (2024), World Energy Balances"
152,Chile,2021.0,2.92,EG_EGY_PRIM,,"IEA (2024), World Energy Balances"
152,Chile,2022.0,3.0,EG_EGY_PRIM,,"IEA (2024), World Energy Balances"
156,China,2000.0,9.44,EG_EGY_PRIM,,"IEA (2024), World Energy Balances"
156,China,2001.0,9.0,EG_EGY_PRIM,,"IEA (2024), World Energy Balances"
156,China,2002.0,8.77,EG_EGY_PRIM,,"IEA (2024), World Energy Balances"
156,China,2003.0,9.09,EG_EGY_PRIM,,"IEA (2024), World Energy Balances"
156,China,2004.0,9.4,EG_EGY_PRIM,,"IEA (2024), World Energy Balances"
156,China,2005.0,9.3,EG_EGY_PRIM,,"IEA (2024), World Energy Balances"
156,China,2006.0,9.03,EG_EGY_PRIM,,"IEA (2024), World Energy Balances"
156,China,2007.0,8.51,EG_EGY_PRIM,,"IEA (2024), World Energy Balances"
156,China,2008.0,7.97,EG_EGY_PRIM,,"IEA (2024), World Energy Balances"
156,China,2009.0,7.77,EG_EGY_PRIM,,"IEA (2024), World Energy Balances"
156,China,2010.0,7.75,EG_EGY_PRIM,,"IEA (2024), World Energy Balances"
156,China,2011.0,7.6,EG_EGY_PRIM,,"IEA (2024), World Energy Balances"
156,China,2012.0,7.3,EG_EGY_PRIM,,"IEA (2024), World Energy Balances"
156,China,2013.0,6.99,EG_EGY_PRIM,,"IEA (2024), World Energy Balances"
156,China,2014.0,6.67,EG_EGY_PRIM,,"IEA (2024), World Energy Balances"
156,China,2015.0,6.26,EG_EGY_PRIM,,"IEA (2024), World Energy Balances"
156,China,2016.0,5.83,EG_EGY_PRIM,,"IEA (2024), World Energy Balances"
156,China,2017.0,5.65,EG_EGY_PRIM,,"IEA (2024), World Energy Balances"
156,China,2018.0,5.55,EG_EGY_PRIM,,"IEA (2024), World Energy Balances"
156,China,2019.0,5.47,EG_EGY_PRIM,,"IEA (2024), World Energy Balances"
156,China,2020.0,5.52,EG_EGY_PRIM,,"IEA (2024), World Energy Balances"
156,China,2021.0,5.42,EG_EGY_PRIM,,"IEA (2024), World Energy Balances"
156,China,2022.0,5.38,EG_EGY_PRIM,,"IEA (2024), World Energy Balances"
344,"China, Hong Kong Special Administrative Region",2000.0,2.23,EG_EGY_PRIM,,"IEA (2024), World Energy Balances"
344,"China, Hong Kong Special Administrative Region",2001.0,2.19,EG_EGY_PRIM,,"IEA (2024), World Energy Balances"
344,"China, Hong Kong Special Administrative Region",2002.0,2.01,EG_EGY_PRIM,,"IEA (2024), World Energy Balances"
344,"China, Hong Kong Special Administrative Region",2003.0,2.04,EG_EGY_PRIM,,"IEA (2024), World Energy Balances"
344,"China, Hong Kong Special Administrative Region",2004.0,1.7,EG_EGY_PRIM,,"IEA (2024), World Energy Balances"
344,"China, Hong Kong Special Administrative Region",2005.0,1.63,EG_EGY_PRIM,,"IEA (2024), World Energy Balances"
344,"China, Hong Kong Special Administrative Region",2006.0,1.56,EG_EGY_PRIM,,"IEA (2024), World Energy Balances"
344,"China, Hong Kong Special Administrative Region",2007.0,1.59,EG_EGY_PRIM,,"IEA (2024), World Energy Balances"
344,"China, Hong Kong Special Administrative Region",2008.0,1.52,EG_EGY_PRIM,,"IEA (2024), World Energy Balances"
344,"China, Hong Kong Special Administrative Region",2009.0,1.61,EG_EGY_PRIM,,"IEA (2024), World Energy Balances"
344,"China, Hong Kong Special Administrative Region",2010.0,1.43,EG_EGY_PRIM,,"IEA (2024), World Energy Balances"
344,"China, Hong Kong Special Administrative Region",2011.0,1.45,EG_EGY_PRIM,,"IEA (2024), World Energy Balances"
344,"China, Hong Kong Special Administrative Region",2012.0,1.38,EG_EGY_PRIM,,"IEA (2024), World Energy Balances"
344,"China, Hong Kong Special Administrative Region",2013.0,1.32,EG_EGY_PRIM,,"IEA (2024), World Energy Balances"
344,"China, Hong Kong Special Administrative Region",2014.0,1.29,EG_EGY_PRIM,,"IEA (2024), World Energy Balances"
344,"China, Hong Kong Special Administrative Region",2015.0,1.35,EG_EGY_PRIM,,"IEA (2024), World Energy Balances"
344,"China, Hong Kong Special Administrative Region",2016.0,1.37,EG_EGY_PRIM,,"IEA (2024), World Energy Balances"
344,"China, Hong Kong Special Administrative Region",2017.0,1.19,EG_EGY_PRIM,,"IEA (2024), World Energy Balances"
344,"China, Hong Kong Special Administrative Region",2018.0,1.2,EG_EGY_PRIM,,"IEA (2024), World Energy Balances"
344,"China, Hong Kong Special Administrative Region",2019.0,1.2,EG_EGY_PRIM,,"IEA (2024), World Energy Balances"
344,"China, Hong Kong Special Administrative Region",2020.0,1.13,EG_EGY_PRIM,,"IEA (2024), World Energy Balances"
344,"China, Hong Kong Special Administrative Region",2021.0,1.06,EG_EGY_PRIM,,"IEA (2024), World Energy Balances"
344,"China, Hong Kong Special Administrative Region",2022.0,1.02,EG_EGY_PRIM,,"IEA (2024), World Energy Balances"
446,"China, Macao Special Administrative Region",2000.0,0.92,EG_EGY_PRIM,,"Energy Balances, UN Statistics Division (2024)"
446,"China, Macao Special Administrative Region",2001.0,0.95,EG_EGY_PRIM,,"Energy Balances, UN Statistics Division (2024)"
446,"China, Macao Special Administrative Region",2002.0,0.78,EG_EGY_PRIM,,"Energy Balances, UN Statistics Division (2024)"
446,"China, Macao Special Administrative Region",2003.0,0.76,EG_EGY_PRIM,,"Energy Balances, UN Statistics Division (2024)"
446,"China, Macao Special Administrative Region",2004.0,0.66,EG_EGY_PRIM,,"Energy Balances, UN Statistics Division (2024)"
446,"China, Macao Special Administrative Region",2005.0,0.66,EG_EGY_PRIM,,"Energy Balances, UN Statistics Division (2024)"
446,"China, Macao Special Administrative Region",2006.0,0.57,EG_EGY_PRIM,,"Energy Balances, UN Statistics Division (2024)"
446,"China, Macao Special Administrative Region",2007.0,0.53,EG_EGY_PRIM,,"Energy Balances, UN Statistics Division (2024)"
446,"China, Macao Special Administrative Region",2008.0,0.51,EG_EGY_PRIM,,"Energy Balances, UN Statistics Division (2024)"
446,"China, Macao Special Administrative Region",2009.0,0.68,EG_EGY_PRIM,,"Energy Balances, UN Statistics Division (2024)"
446,"China, Macao Special Administrative Region",2010.0,0.46,EG_EGY_PRIM,,"Energy Balances, UN Statistics Division (2024)"
446,"China, Macao Special Administrative Region",2011.0,0.4,EG_EGY_PRIM,,"Energy Balances, UN Statistics Division (2024)"
446,"China, Macao Special Administrative Region",2012.0,0.36,EG_EGY_PRIM,,"Energy Balances, UN Statistics Division (2024)"
446,"China, Macao Special Administrative Region",2013.0,0.32,EG_EGY_PRIM,,"Energy Balances, UN Statistics Division (2024)"
446,"China, Macao Special Administrative Region",2014.0,0.38,EG_EGY_PRIM,,"Energy Balances, UN Statistics Division (2024)"
446,"China, Macao Special Administrative Region",2015.0,0.54,EG_EGY_PRIM,,"Energy Balances, UN Statistics Division (2024)"
446,"China, Macao Special Administrative Region",2016.0,0.56,EG_EGY_PRIM,,"Energy Balances, UN Statistics Division (2024)"
446,"China, Macao Special Administrative Region",2017.0,0.53,EG_EGY_PRIM,,"Energy Balances, UN Statistics Division (2024)"
446,"China, Macao Special Administrative Region",2018.0,0.43,EG_EGY_PRIM,,"Energy Balances, UN Statistics Division (2024)"
446,"China, Macao Special Administrative Region",2019.0,0.45,EG_EGY_PRIM,,"Energy Balances, UN Statistics Division (2024)"
446,"China, Macao Special Administrative Region",2020.0,0.89,EG_EGY_PRIM,,"Energy Balances, UN Statistics Division (2024)"
446,"China, Macao Special Administrative Region",2021.0,0.75,EG_EGY_PRIM,,"Energy Balances, UN Statistics Division (2024)"
446,"China, Macao Special Administrative Region",2022.0,0.93,EG_EGY_PRIM,,"Energy Balances, UN Statistics Division (2024)"
170,Colombia,2000.0,2.53,EG_EGY_PRIM,,"IEA (2024), World Energy Balances"
170,Colombia,2001.0,2.48,EG_EGY_PRIM,,"IEA (2024), World Energy Balances"
170,Colombia,2002.0,2.38,EG_EGY_PRIM,,"IEA (2024), World Energy Balances"
170,Colombia,2003.0,2.34,EG_EGY_PRIM,,"IEA (2024), World Energy Balances"
170,Colombia,2004.0,2.23,EG_EGY_PRIM,,"IEA (2024), World Energy Balances"
170,Colombia,2005.0,2.24,EG_EGY_PRIM,,"IEA (2024), World Energy Balances"
170,Colombia,2006.0,2.21,EG_EGY_PRIM,,"IEA (2024), World Energy Balances"
170,Colombia,2007.0,2.06,EG_EGY_PRIM,,"IEA (2024), World Energy Balances"
170,Colombia,2008.0,2.09,EG_EGY_PRIM,,"IEA (2024), World Energy Balances"
170,Colombia,2009.0,2.16,EG_EGY_PRIM,,"IEA (2024), World Energy Balances"
170,Colombia,2010.0,2.05,EG_EGY_PRIM,,"IEA (2024), World Energy Balances"
170,Colombia,2011.0,1.97,EG_EGY_PRIM,,"IEA (2024), World Energy Balances"
170,Colombia,2012.0,1.83,EG_EGY_PRIM,,"IEA (2024), World Energy Balances"
170,Colombia,2013.0,2.28,EG_EGY_PRIM,,"IEA (2024), World Energy Balances"
170,Colombia,2014.0,2.21,EG_EGY_PRIM,,"IEA (2024), World Energy Balances"
170,Colombia,2015.0,2.17,EG_EGY_PRIM,,"IEA (2024), World Energy Balances"
170,Colombia,2016.0,2.2,EG_EGY_PRIM,,"IEA (2024), World Energy Balances"
170,Colombia,2017.0,2.08,EG_EGY_PRIM,,"IEA (2024), World Energy Balances"
170,Colombia,2018.0,1.96,EG_EGY_PRIM,,"IEA (2024), World Energy Balances"
170,Colombia,2019.0,2.1,EG_EGY_PRIM,,"IEA (2024), World Energy Balances"
170,Colombia,2020.0,2.1,EG_EGY_PRIM,,"IEA (2024), World Energy Balances"
170,Colombia,2021.0,2.06,EG_EGY_PRIM,,"IEA (2024), World Energy Balances"
170,Colombia,2022.0,1.73,EG_EGY_PRIM,,"IEA (2024), World Energy Balances"
174,Comoros,2000.0,2.67,EG_EGY_PRIM,,"Energy Balances, UN Statistics Division (2024)"
174,Comoros,2001.0,2.61,EG_EGY_PRIM,,"Energy Balances, UN Statistics Division (2024)"
174,Comoros,2002.0,2.53,EG_EGY_PRIM,,"Energy Balances, UN Statistics Division (2024)"
174,Comoros,2003.0,2.75,EG_EGY_PRIM,,"Energy Balances, UN Statistics Division (2024)"
174,Comoros,2004.0,2.8,EG_EGY_PRIM,,"Energy Balances, UN Statistics Division (2024)"
174,Comoros,2005.0,2.63,EG_EGY_PRIM,,"Energy Balances, UN Statistics Division (2024)"
174,Comoros,2006.0,2.9,EG_EGY_PRIM,,"Energy Balances, UN Statistics Division (2024)"
174,Comoros,2007.0,2.46,EG_EGY_PRIM,,"Energy Balances, UN Statistics Division (2024)"
174,Comoros,2008.0,2.41,EG_EGY_PRIM,,"Energy Balances, UN Statistics Division (2024)"
174,Comoros,2009.0,2.54,EG_EGY_PRIM,,"Energy Balances, UN Statistics Division (2024)"
174,Comoros,2010.0,2.67,EG_EGY_PRIM,,"Energy Balances, UN Statistics Division (2024)"
174,Comoros,2011.0,2.47,EG_EGY_PRIM,,"Energy Balances, UN Statistics Division (2024)"
174,Comoros,2012.0,2.54,EG_EGY_PRIM,,"Energy Balances, UN Statistics Division (2024)"
174,Comoros,2013.0,2.72,EG_EGY_PRIM,,"Energy Balances, UN Statistics Division (2024)"
174,Comoros,2014.0,2.66,EG_EGY_PRIM,,"Energy Balances, UN Statistics Division (2024)"
174,Comoros,2015.0,2.81,EG_EGY_PRIM,,"Energy Balances, UN Statistics Division (2024)"
174,Comoros,2016.0,2.93,EG_EGY_PRIM,,"Energy Balances, UN Statistics Division (2024)"
174,Comoros,2017.0,3.14,EG_EGY_PRIM,,"Energy Balances, UN Statistics Division (2024)"
174,Comoros,2018.0,3.18,EG_EGY_PRIM,,"Energy Balances, UN Statistics Division (2024)"
174,Comoros,2019.0,3.23,EG_EGY_PRIM,,"Energy Balances, UN Statistics Division (2024)"
174,Comoros,2020.0,3.53,EG_EGY_PRIM,,"Energy Balances, UN Statistics Division (2024)"
174,Comoros,2021.0,4.1,EG_EGY_PRIM,,"Energy Balances, UN Statistics Division (2024)"
174,Comoros,2022.0,4.13,EG_EGY_PRIM,,"Energy Balances, UN Statistics Division (2024)"
178,Congo,2000.0,1.19,EG_EGY_PRIM,,"IEA (2024), World Energy Balances"
178,Congo,2001.0,1.4,EG_EGY_PRIM,,"IEA (2024), World Energy Balances"
178,Congo,2002.0,1.4,EG_EGY_PRIM,,"IEA (2024), World Energy Balances"
178,Congo,2003.0,1.64,EG_EGY_PRIM,,"IEA (2024), World Energy Balances"
178,Congo,2004.0,1.76,EG_EGY_PRIM,,"IEA (2024), World Energy Balances"
178,Congo,2005.0,1.73,EG_EGY_PRIM,,"IEA (2024), World Energy Balances"
178,Congo,2006.0,2.09,EG_EGY_PRIM,,"IEA (2024), World Energy Balances"
178,Congo,2007.0,1.99,EG_EGY_PRIM,,"IEA (2024), World Energy Balances"
178,Congo,2008.0,2.01,EG_EGY_PRIM,,"IEA (2024), World Energy Balances"
178,Congo,2009.0,2.05,EG_EGY_PRIM,,"IEA (2024), World Energy Balances"
178,Congo,2010.0,2.03,EG_EGY_PRIM,,"IEA (2024), World Energy Balances"
178,Congo,2011.0,2.65,EG_EGY_PRIM,,"IEA (2024), World Energy Balances"
178,Congo,2012.0,2.76,EG_EGY_PRIM,,"IEA (2024), World Energy Balances"
178,Congo,2013.0,2.92,EG_EGY_PRIM,,"IEA (2024), World Energy Balances"
178,Congo,2014.0,2.71,EG_EGY_PRIM,,"IEA (2024), World Energy Balances"
178,Congo,2015.0,2.97,EG_EGY_PRIM,,"IEA (2024), World Energy Balances"
178,Congo,2016.0,3.26,EG_EGY_PRIM,,"IEA (2024), World Energy Balances"
178,Congo,2017.0,3.45,EG_EGY_PRIM,,"IEA (2024), World Energy Balances"
178,Congo,2018.0,3.65,EG_EGY_PRIM,,"IEA (2024), World Energy Balances"
178,Congo,2019.0,3.9,EG_EGY_PRIM,,"IEA (2024), World Energy Balances"
178,Congo,2020.0,4.29,EG_EGY_PRIM,,"IEA (2024), World Energy Balances"
178,Congo,2021.0,4.36,EG_EGY_PRIM,,"IEA (2024), World Energy Balances"
178,Congo,2022.0,4.68,EG_EGY_PRIM,,"IEA (2024), World Energy Balances"
184,Cook Islands,2000.0,,EG_EGY_PRIM,,"Energy Balances, UN Statistics Division (2024)"
184,Cook Islands,2001.0,,EG_EGY_PRIM,,"Energy Balances, UN Statistics Division (2024)"
184,Cook Islands,2002.0,,EG_EGY_PRIM,,"Energy Balances, UN Statistics Division (2024)"
184,Cook Islands,2003.0,,EG_EGY_PRIM,,"Energy Balances, UN Statistics Division (2024)"
184,Cook Islands,2004.0,,EG_EGY_PRIM,,"Energy Balances, UN Statistics Division (2024)"
184,Cook Islands,2005.0,,EG_EGY_PRIM,,"Energy Balances, UN Statistics Division (2024)"
184,Cook Islands,2006.0,,EG_EGY_PRIM,,"Energy Balances, UN Statistics Division (2024)"
184,Cook Islands,2007.0,,EG_EGY_PRIM,,"Energy Balances, UN Statistics Division (2024)"
184,Cook Islands,2008.0,,EG_EGY_PRIM,,"Energy Balances, UN Statistics Division (2024)"
184,Cook Islands,2009.0,,EG_EGY_PRIM,,"Energy Balances, UN Statistics Division (2024)"
184,Cook Islands,2010.0,,EG_EGY_PRIM,,"Energy Balances, UN Statistics Division (2024)"
184,Cook Islands,2011.0,,EG_EGY_PRIM,,"Energy Balances, UN Statistics Division (2024)"
184,Cook Islands,2012.0,,EG_EGY_PRIM,,"Energy Balances, UN Statistics Division (2024)"
184,Cook Islands,2013.0,,EG_EGY_PRIM,,"Energy Balances, UN Statistics Division (2024)"
184,Cook Islands,2014.0,,EG_EGY_PRIM,,"Energy Balances, UN Statistics Division (2024)"
184,Cook Islands,2015.0,,EG_EGY_PRIM,,"Energy Balances, UN Statistics Division (2024)"
184,Cook Islands,2016.0,,EG_EGY_PRIM,,"Energy Balances, UN Statistics Division (2024)"
184,Cook Islands,2017.0,,EG_EGY_PRIM,,"Energy Balances, UN Statistics Division (2024)"
184,Cook Islands,2018.0,,EG_EGY_PRIM,,"Energy Balances, UN Statistics Division (2024)"
184,Cook Islands,2019.0,,EG_EGY_PRIM,,"Energy Balances, UN Statistics Division (2024)"
184,Cook Islands,2020.0,,EG_EGY_PRIM,,"Energy Balances, UN Statistics Division (2024)"
184,Cook Islands,2021.0,,EG_EGY_PRIM,,"Energy Balances, UN Statistics Division (2024)"
184,Cook Islands,2022.0,,EG_EGY_PRIM,,"Energy Balances, UN Statistics Division (2024)"
188,Costa Rica,2000.0,2.15,EG_EGY_PRIM,,"IEA (2024), World Energy Balances"
188,Costa Rica,2001.0,2.09,EG_EGY_PRIM,,"IEA (2024), World Energy Balances"
188,Costa Rica,2002.0,2.14,EG_EGY_PRIM,,"IEA (2024), World Energy Balances"
188,Costa Rica,2003.0,2.19,EG_EGY_PRIM,,"IEA (2024), World Energy Balances"
188,Costa Rica,2004.0,2.49,EG_EGY_PRIM,,"IEA (2024), World Energy Balances"
188,Costa Rica,2005.0,2.39,EG_EGY_PRIM,,"IEA (2024), World Energy Balances"
188,Costa Rica,2006.0,2.43,EG_EGY_PRIM,,"IEA (2024), World Energy Balances"
188,Costa Rica,2007.0,2.37,EG_EGY_PRIM,,"IEA (2024), World Energy Balances"
188,Costa Rica,2008.0,2.27,EG_EGY_PRIM,,"IEA (2024), World Energy Balances"
188,Costa Rica,2009.0,2.31,EG_EGY_PRIM,,"IEA (2024), World Energy Balances"
188,Costa Rica,2010.0,2.21,EG_EGY_PRIM,,"IEA (2024), World Energy Balances"
188,Costa Rica,2011.0,2.13,EG_EGY_PRIM,,"IEA (2024), World Energy Balances"
188,Costa Rica,2012.0,2.11,EG_EGY_PRIM,,"IEA (2024), World Energy Balances"
188,Costa Rica,2013.0,2.17,EG_EGY_PRIM,,"IEA (2024), World Energy Balances"
188,Costa Rica,2014.0,2.12,EG_EGY_PRIM,,"IEA (2024), World Energy Balances"
188,Costa Rica,2015.0,1.99,EG_EGY_PRIM,,"IEA (2024), World Energy Balances"
188,Costa Rica,2016.0,1.89,EG_EGY_PRIM,,"IEA (2024), World Energy Balances"
188,Costa Rica,2017.0,1.78,EG_EGY_PRIM,,"IEA (2024), World Energy Balances"
188,Costa Rica,2018.0,1.71,EG_EGY_PRIM,,"IEA (2024), World Energy Balances"
188,Costa Rica,2019.0,1.76,EG_EGY_PRIM,,"IEA (2024), World Energy Balances"
188,Costa Rica,2020.0,1.77,EG_EGY_PRIM,,"IEA (2024), World Energy Balances"
188,Costa Rica,2021.0,1.73,EG_EGY_PRIM,,"IEA (2024), World Energy Balances"
188,Costa Rica,2022.0,1.68,EG_EGY_PRIM,,"IEA (2024), World Energy Balances"
384,Côte d'Ivoire,2000.0,3.36,EG_EGY_PRIM,,"IEA (2024), World Energy Balances"
384,Côte d'Ivoire,2001.0,3.22,EG_EGY_PRIM,,"IEA (2024), World Energy Balances"
384,Côte d'Ivoire,2002.0,3.5,EG_EGY_PRIM,,"IEA (2024), World Energy Balances"
384,Côte d'Ivoire,2003.0,3.36,EG_EGY_PRIM,,"IEA (2024), World Energy Balances"
384,Côte d'Ivoire,2004.0,4.68,EG_EGY_PRIM,,"IEA (2024), World Energy Balances"
384,Côte d'Ivoire,2005.0,4.75,EG_EGY_PRIM,,"IEA (2024), World Energy Balances"
384,Côte d'Ivoire,2006.0,4.61,EG_EGY_PRIM,,"IEA (2024), World Energy Balances"
384,Côte d'Ivoire,2007.0,4.87,EG_EGY_PRIM,,"IEA (2024), World Energy Balances"
384,Côte d'Ivoire,2008.0,4.77,EG_EGY_PRIM,,"IEA (2024), World Energy Balances"
384,Côte d'Ivoire,2009.0,4.24,EG_EGY_PRIM,,"IEA (2024), World Energy Balances"
384,Côte d'Ivoire,2010.0,3.68,EG_EGY_PRIM,,"IEA (2024), World Energy Balances"
384,Côte d'Ivoire,2011.0,4.41,EG_EGY_PRIM,,"IEA (2024), World Energy Balances"
384,Côte d'Ivoire,2012.0,4.36,EG_EGY_PRIM,,"IEA (2024), World Energy Balances"
384,Côte d'Ivoire,2013.0,4.11,EG_EGY_PRIM,,"IEA (2024), World Energy Balances"
384,Côte d'Ivoire,2014.0,3.8,EG_EGY_PRIM,,"IEA (2024), World Energy Balances"
384,Côte d'Ivoire,2015.0,3.14,EG_EGY_PRIM,,"IEA (2024), World Energy Balances"
384,Côte d'Ivoire,2016.0,3.08,EG_EGY_PRIM,,"IEA (2024), World Energy Balances"
384,Côte d'Ivoire,2017.0,2.96,EG_EGY_PRIM,,"IEA (2024), World Energy Balances"
384,Côte d'Ivoire,2018.0,2.65,EG_EGY_PRIM,,"IEA (2024), World Energy Balances"
384,Côte d'Ivoire,2019.0,2.59,EG_EGY_PRIM,,"IEA (2024), World Energy Balances"
384,Côte d'Ivoire,2020.0,2.71,EG_EGY_PRIM,,"IEA (2024), World Energy Balances"
384,Côte d'Ivoire,2021.0,3.24,EG_EGY_PRIM,,"IEA (2024), World Energy Balances"
384,Côte d'Ivoire,2022.0,3.15,EG_EGY_PRIM,,"IEA (2024), World Energy Balances"
191,Croatia,2000.0,3.7,EG_EGY_PRIM,,"IEA (2024), World Energy Balances"
191,Croatia,2001.0,3.73,EG_EGY_PRIM,,"IEA (2024), World Energy Balances"
191,Croatia,2002.0,3.61,EG_EGY_PRIM,,"IEA (2024), World Energy Balances"
191,Croatia,2003.0,3.66,EG_EGY_PRIM,,"IEA (2024), World Energy Balances"
191,Croatia,2004.0,3.52,EG_EGY_PRIM,,"IEA (2024), World Energy Balances"
191,Croatia,2005.0,3.42,EG_EGY_PRIM,,"IEA (2024), World Energy Balances"
191,Croatia,2006.0,3.24,EG_EGY_PRIM,,"IEA (2024), World Energy Balances"
191,Croatia,2007.0,3.2,EG_EGY_PRIM,,"IEA (2024), World Energy Balances"
191,Croatia,2008.0,3.06,EG_EGY_PRIM,,"IEA (2024), World Energy Balances"
191,Croatia,2009.0,3.18,EG_EGY_PRIM,,"IEA (2024), World Energy Balances"
191,Croatia,2010.0,3.19,EG_EGY_PRIM,,"IEA (2024), World Energy Balances"
191,Croatia,2011.0,3.12,EG_EGY_PRIM,,"IEA (2024), World Energy Balances"
191,Croatia,2012.0,3.0,EG_EGY_PRIM,,"IEA (2024), World Energy Balances"
191,Croatia,2013.0,2.95,EG_EGY_PRIM,,"IEA (2024), World Energy Balances"
191,Croatia,2014.0,2.82,EG_EGY_PRIM,,"IEA (2024), World Energy Balances"
191,Croatia,2015.0,2.87,EG_EGY_PRIM,,"IEA (2024), World Energy Balances"
191,Croatia,2016.0,2.79,EG_EGY_PRIM,,"IEA (2024), World Energy Balances"
191,Croatia,2017.0,2.79,EG_EGY_PRIM,,"IEA (2024), World Energy Balances"
191,Croatia,2018.0,2.63,EG_EGY_PRIM,,"IEA (2024), World Energy Balances"
191,Croatia,2019.0,2.57,EG_EGY_PRIM,,"IEA (2024), World Energy Balances"
191,Croatia,2020.0,2.7,EG_EGY_PRIM,,"IEA (2024), World Energy Balances"
191,Croatia,2021.0,2.49,EG_EGY_PRIM,,"IEA (2024), World Energy Balances"
191,Croatia,2022.0,2.25,EG_EGY_PRIM,,"IEA (2024), World Energy Balances"
192,Cuba,2000.0,2.78,EG_EGY_PRIM,,"IEA (2024), World Energy Balances"
192,Cuba,2001.0,2.63,EG_EGY_PRIM,,"IEA (2024), World Energy Balances"
192,Cuba,2002.0,2.42,EG_EGY_PRIM,,"IEA (2024), World Energy Balances"
192,Cuba,2003.0,2.32,EG_EGY_PRIM,,"IEA (2024), World Energy Balances"
192,Cuba,2004.0,2.14,EG_EGY_PRIM,,"IEA (2024), World Energy Balances"
192,Cuba,2005.0,1.82,EG_EGY_PRIM,,"IEA (2024), World Energy Balances"
192,Cuba,2006.0,1.62,EG_EGY_PRIM,,"IEA (2024), World Energy Balances"
192,Cuba,2007.0,1.44,EG_EGY_PRIM,,"IEA (2024), World Energy Balances"
192,Cuba,2008.0,1.47,EG_EGY_PRIM,,"IEA (2024), World Energy Balances"
192,Cuba,2009.0,1.4,EG_EGY_PRIM,,"IEA (2024), World Energy Balances"
192,Cuba,2010.0,1.48,EG_EGY_PRIM,,"IEA (2024), World Energy Balances"
192,Cuba,2011.0,1.4,EG_EGY_PRIM,,"IEA (2024), World Energy Balances"
192,Cuba,2012.0,1.39,EG_EGY_PRIM,,"IEA (2024), World Energy Balances"
192,Cuba,2013.0,1.28,EG_EGY_PRIM,,"IEA (2024), World Energy Balances"
192,Cuba,2014.0,1.29,EG_EGY_PRIM,,"IEA (2024), World Energy Balances"
192,Cuba,2015.0,1.26,EG_EGY_PRIM,,"IEA (2024), World Energy Balances"
192,Cuba,2016.0,1.23,EG_EGY_PRIM,,"IEA (2024), World Energy Balances"
192,Cuba,2017.0,1.16,EG_EGY_PRIM,,"IEA (2024), World Energy Balances"
192,Cuba,2018.0,1.08,EG_EGY_PRIM,,"IEA (2024), World Energy Balances"
192,Cuba,2019.0,1.06,EG_EGY_PRIM,,"IEA (2024), World Energy Balances"
192,Cuba,2020.0,1.17,EG_EGY_PRIM,,"IEA (2024), World Energy Balances"
192,Cuba,2021.0,1.1,EG_EGY_PRIM,,"IEA (2024), World Energy Balances"
192,Cuba,2022.0,1.08,EG_EGY_PRIM,,"IEA (2024), World Energy Balances"
531,Curaçao,2000.0,19.3,EG_EGY_PRIM,,"IEA (2024), World Energy Balances"
531,Curaçao,2001.0,20.03,EG_EGY_PRIM,,"IEA (2024), World Energy Balances"
531,Curaçao,2002.0,19.61,EG_EGY_PRIM,,"IEA (2024), World Energy Balances"
531,Curaçao,2003.0,18.65,EG_EGY_PRIM,,"IEA (2024), World Energy Balances"
531,Curaçao,2004.0,19.56,EG_EGY_PRIM,,"IEA (2024), World Energy Balances"
531,Curaçao,2005.0,18.58,EG_EGY_PRIM,,"IEA (2024), World Energy Balances"
531,Curaçao,2006.0,17.89,EG_EGY_PRIM,,"IEA (2024), World Energy Balances"
531,Curaçao,2007.0,19.78,EG_EGY_PRIM,,"IEA (2024), World Energy Balances"
531,Curaçao,2008.0,18.5,EG_EGY_PRIM,,"IEA (2024), World Energy Balances"
531,Curaçao,2009.0,19.35,EG_EGY_PRIM,,"IEA (2024), World Energy Balances"
531,Curaçao,2010.0,17.03,EG_EGY_PRIM,,"IEA (2024), World Energy Balances"
531,Curaçao,2011.0,18.46,EG_EGY_PRIM,,"IEA (2024), World Energy Balances"
531,Curaçao,2012.0,18.97,EG_EGY_PRIM,,"IEA (2024), World Energy Balances"
531,Curaçao,2013.0,18.06,EG_EGY_PRIM,,"IEA (2024), World Energy Balances"
531,Curaçao,2014.0,20.19,EG_EGY_PRIM,,"IEA (2024), World Energy Balances"
531,Curaçao,2015.0,20.69,EG_EGY_PRIM,,"IEA (2024), World Energy Balances"
531,Curaçao,2016.0,17.96,EG_EGY_PRIM,,"IEA (2024), World Energy Balances"
531,Curaçao,2017.0,15.02,EG_EGY_PRIM,,"IEA (2024), World Energy Balances"
531,Curaçao,2018.0,13.66,EG_EGY_PRIM,,"IEA (2024), World Energy Balances"
531,Curaçao,2019.0,8.77,EG_EGY_PRIM,,"IEA (2024), World Energy Balances"
531,Curaçao,2020.0,8.99,EG_EGY_PRIM,,"IEA (2024), World Energy Balances"
531,Curaçao,2021.0,9.15,EG_EGY_PRIM,,"IEA (2024), World Energy Balances"
531,Curaçao,2022.0,8.77,EG_EGY_PRIM,,"IEA (2024), World Energy Balances"
196,Cyprus,2000.0,3.52,EG_EGY_PRIM,,"IEA (2024), World Energy Balances"
196,Cyprus,2001.0,3.35,EG_EGY_PRIM,,"IEA (2024), World Energy Balances"
196,Cyprus,2002.0,3.27,EG_EGY_PRIM,,"IEA (2024), World Energy Balances"
196,Cyprus,2003.0,3.47,EG_EGY_PRIM,,"IEA (2024), World Energy Balances"
196,Cyprus,2004.0,3.11,EG_EGY_PRIM,,"IEA (2024), World Energy Balances"
196,Cyprus,2005.0,3.01,EG_EGY_PRIM,,"IEA (2024), World Energy Balances"
196,Cyprus,2006.0,2.99,EG_EGY_PRIM,,"IEA (2024), World Energy Balances"
196,Cyprus,2007.0,3.01,EG_EGY_PRIM,,"IEA (2024), World Energy Balances"
196,Cyprus,2008.0,3.09,EG_EGY_PRIM,,"IEA (2024), World Energy Balances"
196,Cyprus,2009.0,3.09,EG_EGY_PRIM,,"IEA (2024), World Energy Balances"
196,Cyprus,2010.0,2.91,EG_EGY_PRIM,,"IEA (2024), World Energy Balances"
196,Cyprus,2011.0,2.81,EG_EGY_PRIM,,"IEA (2024), World Energy Balances"
196,Cyprus,2012.0,2.74,EG_EGY_PRIM,,"IEA (2024), World Energy Balances"
196,Cyprus,2013.0,2.53,EG_EGY_PRIM,,"IEA (2024), World Energy Balances"
196,Cyprus,2014.0,2.64,EG_EGY_PRIM,,"IEA (2024), World Energy Balances"
196,Cyprus,2015.0,2.62,EG_EGY_PRIM,,"IEA (2024), World Energy Balances"
196,Cyprus,2016.0,2.62,EG_EGY_PRIM,,"IEA (2024), World Energy Balances"
196,Cyprus,2017.0,2.55,EG_EGY_PRIM,,"IEA (2024), World Energy Balances"
196,Cyprus,2018.0,2.42,EG_EGY_PRIM,,"IEA (2024), World Energy Balances"
196,Cyprus,2019.0,2.3,EG_EGY_PRIM,,"IEA (2024), World Energy Balances"
196,Cyprus,2020.0,2.25,EG_EGY_PRIM,,"IEA (2024), World Energy Balances"
196,Cyprus,2021.0,2.11,EG_EGY_PRIM,,"IEA (2024), World Energy Balances"
196,Cyprus,2022.0,2.05,EG_EGY_PRIM,,"IEA (2024), World Energy Balances"
203,Czechia,2000.0,5.47,EG_EGY_PRIM,,"IEA (2024), World Energy Balances"
203,Czechia,2001.0,5.45,EG_EGY_PRIM,,"IEA (2024), World Energy Balances"
203,Czechia,2002.0,5.44,EG_EGY_PRIM,,"IEA (2024), World Energy Balances"
203,Czechia,2003.0,5.5,EG_EGY_PRIM,,"IEA (2024), World Energy Balances"
203,Czechia,2004.0,5.37,EG_EGY_PRIM,,"IEA (2024), World Energy Balances"
203,Czechia,2005.0,4.99,EG_EGY_PRIM,,"IEA (2024), World Energy Balances"
203,Czechia,2006.0,4.79,EG_EGY_PRIM,,"IEA (2024), World Energy Balances"
203,Czechia,2007.0,4.53,EG_EGY_PRIM,,"IEA (2024), World Energy Balances"
203,Czechia,2008.0,4.33,EG_EGY_PRIM,,"IEA (2024), World Energy Balances"
203,Czechia,2009.0,4.28,EG_EGY_PRIM,,"IEA (2024), World Energy Balances"
203,Czechia,2010.0,4.41,EG_EGY_PRIM,,"IEA (2024), World Energy Balances"
203,Czechia,2011.0,4.18,EG_EGY_PRIM,,"IEA (2024), World Energy Balances"
203,Czechia,2012.0,4.18,EG_EGY_PRIM,,"IEA (2024), World Energy Balances"
203,Czechia,2013.0,4.19,EG_EGY_PRIM,,"IEA (2024), World Energy Balances"
203,Czechia,2014.0,3.97,EG_EGY_PRIM,,"IEA (2024), World Energy Balances"
203,Czechia,2015.0,3.79,EG_EGY_PRIM,,"IEA (2024), World Energy Balances"
203,Czechia,2016.0,3.65,EG_EGY_PRIM,,"IEA (2024), World Energy Balances"
203,Czechia,2017.0,3.62,EG_EGY_PRIM,,"IEA (2024), World Energy Balances"
203,Czechia,2018.0,3.53,EG_EGY_PRIM,,"IEA (2024), World Energy Balances"
203,Czechia,2019.0,3.35,EG_EGY_PRIM,,"IEA (2024), World Energy Balances"
203,Czechia,2020.0,3.34,EG_EGY_PRIM,,"IEA (2024), World Energy Balances"
203,Czechia,2021.0,3.4,EG_EGY_PRIM,,"IEA (2024), World Energy Balances"
203,Czechia,2022.0,3.22,EG_EGY_PRIM,,"IEA (2024), World Energy Balances"
408,Democratic People's Republic of Korea,2000.0,7.23,EG_EGY_PRIM,,"IEA (2024), World Energy Balances"
408,Democratic People's Republic of Korea,2001.0,7.7,EG_EGY_PRIM,,"IEA (2024), World Energy Balances"
408,Democratic People's Republic of Korea,2002.0,7.4,EG_EGY_PRIM,,"IEA (2024), World Energy Balances"
408,Democratic People's Republic of Korea,2003.0,7.57,EG_EGY_PRIM,,"IEA (2024), World Energy Balances"
408,Democratic People's Republic of Korea,2004.0,7.75,EG_EGY_PRIM,,"IEA (2024), World Energy Balances"
408,Democratic People's Republic of Korea,2005.0,8.07,EG_EGY_PRIM,,"IEA (2024), World Energy Balances"
408,Democratic People's Republic of Korea,2006.0,8.01,EG_EGY_PRIM,,"IEA (2024), World Energy Balances"
408,Democratic People's Republic of Korea,2007.0,6.88,EG_EGY_PRIM,,"IEA (2024), World Energy Balances"
408,Democratic People's Republic of Korea,2008.0,7.75,EG_EGY_PRIM,,"IEA (2024), World Energy Balances"
408,Democratic People's Republic of Korea,2009.0,7.18,EG_EGY_PRIM,,"IEA (2024), World Energy Balances"
408,Democratic People's Republic of Korea,2010.0,7.66,EG_EGY_PRIM,,"IEA (2024), World Energy Balances"
408,Democratic People's Republic of Korea,2011.0,6.06,EG_EGY_PRIM,,"IEA (2024), World Energy Balances"
408,Democratic People's Republic of Korea,2012.0,5.8,EG_EGY_PRIM,,"IEA (2024), World Energy Balances"
408,Democratic People's Republic of Korea,2013.0,4.62,EG_EGY_PRIM,,"IEA (2024), World Energy Balances"
408,Democratic People's Republic of Korea,2014.0,4.92,EG_EGY_PRIM,,"IEA (2024), World Energy Balances"
408,Democratic People's Republic of Korea,2015.0,3.87,EG_EGY_PRIM,,"IEA (2024), World Energy Balances"
408,Democratic People's Republic of Korea,2016.0,4.23,EG_EGY_PRIM,,"IEA (2024), World Energy Balances"
408,Democratic People's Republic of Korea,2017.0,7.9,EG_EGY_PRIM,,"IEA (2024), World Energy Balances"
408,Democratic People's Republic of Korea,2018.0,7.23,EG_EGY_PRIM,,"IEA (2024), World Energy Balances"
408,Democratic People's Republic of Korea,2019.0,7.92,EG_EGY_PRIM,,"IEA (2024), World Energy Balances"
408,Democratic People's Republic of Korea,2020.0,7.57,EG_EGY_PRIM,,"IEA (2024), World Energy Balances"
408,Democratic People's Republic of Korea,2021.0,6.47,EG_EGY_PRIM,,"IEA (2024), World Energy Balances"
408,Democratic People's Republic of Korea,2022.0,6.71,EG_EGY_PRIM,,"IEA (2024), World Energy Balances"
180,Democratic Republic of the Congo,2000.0,13.02,EG_EGY_PRIM,,"IEA (2024), World Energy Balances"
180,Democratic Republic of the Congo,2001.0,13.74,EG_EGY_PRIM,,"IEA (2024), World Energy Balances"
180,Democratic Republic of the Congo,2002.0,13.81,EG_EGY_PRIM,,"IEA (2024), World Energy Balances"
180,Democratic Republic of the Congo,2003.0,13.44,EG_EGY_PRIM,,"IEA (2024), World Energy Balances"
180,Democratic Republic of the Congo,2004.0,12.98,EG_EGY_PRIM,,"IEA (2024), World Energy Balances"
180,Democratic Republic of the Congo,2005.0,12.28,EG_EGY_PRIM,,"IEA (2024), World Energy Balances"
180,Democratic Republic of the Congo,2006.0,12.13,EG_EGY_PRIM,,"IEA (2024), World Energy Balances"
180,Democratic Republic of the Congo,2007.0,11.58,EG_EGY_PRIM,,"IEA (2024), World Energy Balances"
180,Democratic Republic of the Congo,2008.0,11.18,EG_EGY_PRIM,,"IEA (2024), World Energy Balances"
180,Democratic Republic of the Congo,2009.0,11.45,EG_EGY_PRIM,,"IEA (2024), World Energy Balances"
180,Democratic Republic of the Congo,2010.0,11.01,EG_EGY_PRIM,,"IEA (2024), World Energy Balances"
180,Democratic Republic of the Congo,2011.0,10.86,EG_EGY_PRIM,,"IEA (2024), World Energy Balances"
180,Democratic Republic of the Congo,2012.0,12.34,EG_EGY_PRIM,,"IEA (2024), World Energy Balances"
180,Democratic Republic of the Congo,2013.0,11.72,EG_EGY_PRIM,,"IEA (2024), World Energy Balances"
180,Democratic Republic of the Congo,2014.0,11.36,EG_EGY_PRIM,,"IEA (2024), World Energy Balances"
180,Democratic Republic of the Congo,2015.0,11.01,EG_EGY_PRIM,,"IEA (2024), World Energy Balances"
180,Democratic Republic of the Congo,2016.0,11.25,EG_EGY_PRIM,,"IEA (2024), World Energy Balances"
180,Democratic Republic of the Congo,2017.0,10.86,EG_EGY_PRIM,,"IEA (2024), World Energy Balances"
180,Democratic Republic of the Congo,2018.0,10.63,EG_EGY_PRIM,,"IEA (2024), World Energy Balances"
180,Democratic Republic of the Congo,2019.0,10.34,EG_EGY_PRIM,,"IEA (2024), World Energy Balances"
180,Democratic Republic of the Congo,2020.0,11.68,EG_EGY_PRIM,,"IEA (2024), World Energy Balances"
180,Democratic Republic of the Congo,2021.0,12.07,EG_EGY_PRIM,,"IEA (2024), World Energy Balances"
180,Democratic Republic of the Congo,2022.0,11.36,EG_EGY_PRIM,,"IEA (2024), World Energy Balances"
208,Denmark,2000.0,2.52,EG_EGY_PRIM,,"IEA (2024), World Energy Balances"
208,Denmark,2001.0,2.58,EG_EGY_PRIM,,"IEA (2024), World Energy Balances"
208,Denmark,2002.0,2.54,EG_EGY_PRIM,,"IEA (2024), World Energy Balances"
208,Denmark,2003.0,2.67,EG_EGY_PRIM,,"IEA (2024), World Energy Balances"
208,Denmark,2004.0,2.51,EG_EGY_PRIM,,"IEA (2024), World Energy Balances"
208,Denmark,2005.0,2.38,EG_EGY_PRIM,,"IEA (2024), World Energy Balances"
208,Denmark,2006.0,2.47,EG_EGY_PRIM,,"IEA (2024), World Energy Balances"
208,Denmark,2007.0,2.39,EG_EGY_PRIM,,"IEA (2024), World Energy Balances"
208,Denmark,2008.0,2.33,EG_EGY_PRIM,,"IEA (2024), World Energy Balances"
208,Denmark,2009.0,2.36,EG_EGY_PRIM,,"IEA (2024), World Energy Balances"
208,Denmark,2010.0,2.43,EG_EGY_PRIM,,"IEA (2024), World Energy Balances"
208,Denmark,2011.0,2.22,EG_EGY_PRIM,,"IEA (2024), World Energy Balances"
208,Denmark,2012.0,2.12,EG_EGY_PRIM,,"IEA (2024), World Energy Balances"
208,Denmark,2013.0,2.11,EG_EGY_PRIM,,"IEA (2024), World Energy Balances"
208,Denmark,2014.0,1.96,EG_EGY_PRIM,,"IEA (2024), World Energy Balances"
208,Denmark,2015.0,1.91,EG_EGY_PRIM,,"IEA (2024), World Energy Balances"
208,Denmark,2016.0,1.9,EG_EGY_PRIM,,"IEA (2024), World Energy Balances"
208,Denmark,2017.0,1.85,EG_EGY_PRIM,,"IEA (2024), World Energy Balances"
208,Denmark,2018.0,1.81,EG_EGY_PRIM,,"IEA (2024), World Energy Balances"
208,Denmark,2019.0,1.72,EG_EGY_PRIM,,"IEA (2024), World Energy Balances"
208,Denmark,2020.0,1.68,EG_EGY_PRIM,,"IEA (2024), World Energy Balances"
208,Denmark,2021.0,1.64,EG_EGY_PRIM,,"IEA (2024), World Energy Balances"
208,Denmark,2022.0,1.55,EG_EGY_PRIM,,"IEA (2024), World Energy Balances"
514,"Developed regions (Europe, Cyprus, Israel, Northern America, Japan, Australia & New Zealand)",2000.0,5.01,EG_EGY_PRIM,,"IEA (2024), World Energy Balances; Energy Balances, UN Statistics Division (2024)"
514,"Developed regions (Europe, Cyprus, Israel, Northern America, Japan, Australia & New Zealand)",2001.0,4.91,EG_EGY_PRIM,,"IEA (2024), World Energy Balances; Energy Balances, UN Statistics Division (2024)"
514,"Developed regions (Europe, Cyprus, Israel, Northern America, Japan, Australia & New Zealand)",2002.0,4.85,EG_EGY_PRIM,,"IEA (2024), World Energy Balances; Energy Balances, UN Statistics Division (2024)"
514,"Developed regions (Europe, Cyprus, Israel, Northern America, Japan, Australia & New Zealand)",2003.0,4.82,EG_EGY_PRIM,,"IEA (2024), World Energy Balances; Energy Balances, UN Statistics Division (2024)"
514,"Developed regions (Europe, Cyprus, Israel, Northern America, Japan, Australia & New Zealand)",2004.0,4.73,EG_EGY_PRIM,,"IEA (2024), World Energy Balances; Energy Balances, UN Statistics Division (2024)"
514,"Developed regions (Europe, Cyprus, Israel, Northern America, Japan, Australia & New Zealand)",2005.0,4.6,EG_EGY_PRIM,,"IEA (2024), World Energy Balances; Energy Balances, UN Statistics Division (2024)"
514,"Developed regions (Europe, Cyprus, Israel, Northern America, Japan, Australia & New Zealand)",2006.0,4.46,EG_EGY_PRIM,,"IEA (2024), World Energy Balances; Energy Balances, UN Statistics Division (2024)"
514,"Developed regions (Europe, Cyprus, Israel, Northern America, Japan, Australia & New Zealand)",2007.0,4.33,EG_EGY_PRIM,,"IEA (2024), World Energy Balances; Energy Balances, UN Statistics Division (2024)"
514,"Developed regions (Europe, Cyprus, Israel, Northern America, Japan, Australia & New Zealand)",2008.0,4.25,EG_EGY_PRIM,,"IEA (2024), World Energy Balances; Energy Balances, UN Statistics Division (2024)"
514,"Developed regions (Europe, Cyprus, Israel, Northern America, Japan, Australia & New Zealand)",2009.0,4.19,EG_EGY_PRIM,,"IEA (2024), World Energy Balances; Energy Balances, UN Statistics Division (2024)"
514,"Developed regions (Europe, Cyprus, Israel, Northern America, Japan, Australia & New Zealand)",2010.0,4.24,EG_EGY_PRIM,,"IEA (2024), World Energy Balances; Energy Balances, UN Statistics Division (2024)"
514,"Developed regions (Europe, Cyprus, Israel, Northern America, Japan, Australia & New Zealand)",2011.0,4.08,EG_EGY_PRIM,,"IEA (2024), World Energy Balances; Energy Balances, UN Statistics Division (2024)"
514,"Developed regions (Europe, Cyprus, Israel, Northern America, Japan, Australia & New Zealand)",2012.0,3.99,EG_EGY_PRIM,,"IEA (2024), World Energy Balances; Energy Balances, UN Statistics Division (2024)"
514,"Developed regions (Europe, Cyprus, Israel, Northern America, Japan, Australia & New Zealand)",2013.0,3.94,EG_EGY_PRIM,,"IEA (2024), World Energy Balances; Energy Balances, UN Statistics Division (2024)"
514,"Developed regions (Europe, Cyprus, Israel, Northern America, Japan, Australia & New Zealand)",2014.0,3.82,EG_EGY_PRIM,,"IEA (2024), World Energy Balances; Energy Balances, UN Statistics Division (2024)"
514,"Developed regions (Europe, Cyprus, Israel, Northern America, Japan, Australia & New Zealand)",2015.0,3.72,EG_EGY_PRIM,,"IEA (2024), World Energy Balances; Energy Balances, UN Statistics Division (2024)"
514,"Developed regions (Europe, Cyprus, Israel, Northern America, Japan, Australia & New Zealand)",2016.0,3.67,EG_EGY_PRIM,,"IEA (2024), World Energy Balances; Energy Balances, UN Statistics Division (2024)"
514,"Developed regions (Europe, Cyprus, Israel, Northern America, Japan, Australia & New Zealand)",2017.0,3.61,EG_EGY_PRIM,,"IEA (2024), World Energy Balances; Energy Balances, UN Statistics Division (2024)"
514,"Developed regions (Europe, Cyprus, Israel, Northern America, Japan, Australia & New Zealand)",2018.0,3.58,EG_EGY_PRIM,,"IEA (2024), World Energy Balances; Energy Balances, UN Statistics Division (2024)"
514,"Developed regions (Europe, Cyprus, Israel, Northern America, Japan, Australia & New Zealand)",2019.0,3.47,EG_EGY_PRIM,,"IEA (2024), World Energy Balances; Energy Balances, UN Statistics Division (2024)"
514,"Developed regions (Europe, Cyprus, Israel, Northern America, Japan, Australia & New Zealand)",2020.0,3.4,EG_EGY_PRIM,,"IEA (2024), World Energy Balances; Energy Balances, UN Statistics Division (2024)"
514,"Developed regions (Europe, Cyprus, Israel, Northern America, Japan, Australia & New Zealand)",2021.0,3.39,EG_EGY_PRIM,,"IEA (2024), World Energy Balances; Energy Balances, UN Statistics Division (2024)"
514,"Developed regions (Europe, Cyprus, Israel, Northern America, Japan, Australia & New Zealand)",2022.0,3.25,EG_EGY_PRIM,,"IEA (2024), World Energy Balances; Energy Balances, UN Statistics Division (2024)"
515,Developing regions,2000.0,5.3,EG_EGY_PRIM,,"IEA (2024), World Energy Balances; Energy Balances, UN Statistics Division (2024)"
515,Developing regions,2001.0,5.25,EG_EGY_PRIM,,"IEA (2024), World Energy Balances; Energy Balances, UN Statistics Division (2024)"
515,Developing regions,2002.0,5.27,EG_EGY_PRIM,,"IEA (2024), World Energy Balances; Energy Balances, UN Statistics Division (2024)"
515,Developing regions,2003.0,5.33,EG_EGY_PRIM,,"IEA (2024), World Energy Balances; Energy Balances, UN Statistics Division (2024)"
515,Developing regions,2004.0,5.35,EG_EGY_PRIM,,"IEA (2024), World Energy Balances; Energy Balances, UN Statistics Division (2024)"
515,Developing regions,2005.0,5.31,EG_EGY_PRIM,,"IEA (2024), World Energy Balances; Energy Balances, UN Statistics Division (2024)"
515,Developing regions,2006.0,5.22,EG_EGY_PRIM,,"IEA (2024), World Energy Balances; Energy Balances, UN Statistics Division (2024)"
515,Developing regions,2007.0,5.1,EG_EGY_PRIM,,"IEA (2024), World Energy Balances; Energy Balances, UN Statistics Division (2024)"
515,Developing regions,2008.0,5.02,EG_EGY_PRIM,,"IEA (2024), World Energy Balances; Energy Balances, UN Statistics Division (2024)"
515,Developing regions,2009.0,5.03,EG_EGY_PRIM,,"IEA (2024), World Energy Balances; Energy Balances, UN Statistics Division (2024)"
515,Developing regions,2010.0,5.02,EG_EGY_PRIM,,"IEA (2024), World Energy Balances; Energy Balances, UN Statistics Division (2024)"
515,Developing regions,2011.0,4.96,EG_EGY_PRIM,,"IEA (2024), World Energy Balances; Energy Balances, UN Statistics Division (2024)"
515,Developing regions,2012.0,4.87,EG_EGY_PRIM,,"IEA (2024), World Energy Balances; Energy Balances, UN Statistics Division (2024)"
515,Developing regions,2013.0,4.76,EG_EGY_PRIM,,"IEA (2024), World Energy Balances; Energy Balances, UN Statistics Division (2024)"
515,Developing regions,2014.0,4.68,EG_EGY_PRIM,,"IEA (2024), World Energy Balances; Energy Balances, UN Statistics Division (2024)"
515,Developing regions,2015.0,4.5,EG_EGY_PRIM,,"IEA (2024), World Energy Balances; Energy Balances, UN Statistics Division (2024)"
515,Developing regions,2016.0,4.37,EG_EGY_PRIM,,"IEA (2024), World Energy Balances; Energy Balances, UN Statistics Division (2024)"
515,Developing regions,2017.0,4.3,EG_EGY_PRIM,,"IEA (2024), World Energy Balances; Energy Balances, UN Statistics Division (2024)"
515,Developing regions,2018.0,4.23,EG_EGY_PRIM,,"IEA (2024), World Energy Balances; Energy Balances, UN Statistics Division (2024)"
515,Developing regions,2019.0,4.21,EG_EGY_PRIM,,"IEA (2024), World Energy Balances; Energy Balances, UN Statistics Division (2024)"
515,Developing regions,2020.0,4.27,EG_EGY_PRIM,,"IEA (2024), World Energy Balances; Energy Balances, UN Statistics Division (2024)"
515,Developing regions,2021.0,4.24,EG_EGY_PRIM,,"IEA (2024), World Energy Balances; Energy Balances, UN Statistics Division (2024)"
515,Developing regions,2022.0,4.18,EG_EGY_PRIM,,"IEA (2024), World Energy Balances; Energy Balances, UN Statistics Division (2024)"
262,Djibouti,2000.0,3.05,EG_EGY_PRIM,,"Energy Balances, UN Statistics Division (2024)"
262,Djibouti,2001.0,3.02,EG_EGY_PRIM,,"Energy Balances, UN Statistics Division (2024)"
262,Djibouti,2002.0,3.11,EG_EGY_PRIM,,"Energy Balances, UN Statistics Division (2024)"
262,Djibouti,2003.0,3.14,EG_EGY_PRIM,,"Energy Balances, UN Statistics Division (2024)"
262,Djibouti,2004.0,3.0,EG_EGY_PRIM,,"Energy Balances, UN Statistics Division (2024)"
262,Djibouti,2005.0,2.97,EG_EGY_PRIM,,"Energy Balances, UN Statistics Division (2024)"
262,Djibouti,2006.0,2.84,EG_EGY_PRIM,,"Energy Balances, UN Statistics Division (2024)"
262,Djibouti,2007.0,2.89,EG_EGY_PRIM,,"Energy Balances, UN Statistics Division (2024)"
262,Djibouti,2008.0,2.9,EG_EGY_PRIM,,"Energy Balances, UN Statistics Division (2024)"
262,Djibouti,2009.0,2.74,EG_EGY_PRIM,,"Energy Balances, UN Statistics Division (2024)"
262,Djibouti,2010.0,2.89,EG_EGY_PRIM,,"Energy Balances, UN Statistics Division (2024)"
262,Djibouti,2011.0,2.29,EG_EGY_PRIM,,"Energy Balances, UN Statistics Division (2024)"
262,Djibouti,2012.0,2.17,EG_EGY_PRIM,,"Energy Balances, UN Statistics Division (2024)"
262,Djibouti,2013.0,2.21,EG_EGY_PRIM,,"Energy Balances, UN Statistics Division (2024)"
262,Djibouti,2014.0,2.1,EG_EGY_PRIM,,"Energy Balances, UN Statistics Division (2024)"
262,Djibouti,2015.0,2.16,EG_EGY_PRIM,,"Energy Balances, UN Statistics Division (2024)"
262,Djibouti,2016.0,1.93,EG_EGY_PRIM,,"Energy Balances, UN Statistics Division (2024)"
262,Djibouti,2017.0,1.81,EG_EGY_PRIM,,"Energy Balances, UN Statistics Division (2024)"
262,Djibouti,2018.0,1.86,EG_EGY_PRIM,,"Energy Balances, UN Statistics Division (2024)"
262,Djibouti,2019.0,1.87,EG_EGY_PRIM,,"Energy Balances, UN Statistics Division (2024)"
262,Djibouti,2020.0,1.71,EG_EGY_PRIM,,"Energy Balances, UN Statistics Division (2024)"
262,Djibouti,2021.0,1.77,EG_EGY_PRIM,,"Energy Balances, UN Statistics Division (2024)"
262,Djibouti,2022.0,1.66,EG_EGY_PRIM,,"Energy Balances, UN Statistics Division (2024)"
212,Dominica,2000.0,1.86,EG_EGY_PRIM,,"Energy Balances, UN Statistics Division (2024)"
212,Dominica,2001.0,1.99,EG_EGY_PRIM,,"Energy Balances, UN Statistics Division (2024)"
212,Dominica,2002.0,1.92,EG_EGY_PRIM,,"Energy Balances, UN Statistics Division (2024)"
212,Dominica,2003.0,2.02,EG_EGY_PRIM,,"Energy Balances, UN Statistics Division (2024)"
212,Dominica,2004.0,2.33,EG_EGY_PRIM,,"Energy Balances, UN Statistics Division (2024)"
212,Dominica,2005.0,2.43,EG_EGY_PRIM,,"Energy Balances, UN Statistics Division (2024)"
212,Dominica,2006.0,2.18,EG_EGY_PRIM,,"Energy Balances, UN Statistics Division (2024)"
212,Dominica,2007.0,2.45,EG_EGY_PRIM,,"Energy Balances, UN Statistics Division (2024)"
212,Dominica,2008.0,2.21,EG_EGY_PRIM,,"Energy Balances, UN Statistics Division (2024)"
212,Dominica,2009.0,2.47,EG_EGY_PRIM,,"Energy Balances, UN Statistics Division (2024)"
212,Dominica,2010.0,2.28,EG_EGY_PRIM,,"Energy Balances, UN Statistics Division (2024)"
212,Dominica,2011.0,2.1,EG_EGY_PRIM,,"Energy Balances, UN Statistics Division (2024)"
212,Dominica,2012.0,2.27,EG_EGY_PRIM,,"Energy Balances, UN Statistics Division (2024)"
212,Dominica,2013.0,2.2,EG_EGY_PRIM,,"Energy Balances, UN Statistics Division (2024)"
212,Dominica,2014.0,2.2,EG_EGY_PRIM,,"Energy Balances, UN Statistics Division (2024)"
212,Dominica,2015.0,2.36,EG_EGY_PRIM,,"Energy Balances, UN Statistics Division (2024)"
212,Dominica,2016.0,2.28,EG_EGY_PRIM,,"Energy Balances, UN Statistics Division (2024)"
212,Dominica,2017.0,2.19,EG_EGY_PRIM,,"Energy Balances, UN Statistics Division (2024)"
212,Dominica,2018.0,2.22,EG_EGY_PRIM,,"Energy Balances, UN Statistics Division (2024)"
212,Dominica,2019.0,2.2,EG_EGY_PRIM,,"Energy Balances, UN Statistics Division (2024)"
212,Dominica,2020.0,2.4,EG_EGY_PRIM,,"Energy Balances, UN Statistics Division (2024)"
212,Dominica,2021.0,2.28,EG_EGY_PRIM,,"Energy Balances, UN Statistics Division (2024)"
212,Dominica,2022.0,2.22,EG_EGY_PRIM,,"Energy Balances, UN Statistics Division (2024)"
214,Dominican Republic,2000.0,3.31,EG_EGY_PRIM,,"IEA (2024), World Energy Balances"
214,Dominican Republic,2001.0,3.14,EG_EGY_PRIM,,"IEA (2024), World Energy Balances"
214,Dominican Republic,2002.0,3.29,EG_EGY_PRIM,,"IEA (2024), World Energy Balances"
214,Dominican Republic,2003.0,3.0,EG_EGY_PRIM,,"IEA (2024), World Energy Balances"
214,Dominican Republic,2004.0,2.84,EG_EGY_PRIM,,"IEA (2024), World Energy Balances"
214,Dominican Republic,2005.0,2.71,EG_EGY_PRIM,,"IEA (2024), World Energy Balances"
214,Dominican Republic,2006.0,2.58,EG_EGY_PRIM,,"IEA (2024), World Energy Balances"
214,Dominican Republic,2007.0,2.49,EG_EGY_PRIM,,"IEA (2024), World Energy Balances"
214,Dominican Republic,2008.0,2.32,EG_EGY_PRIM,,"IEA (2024), World Energy Balances"
214,Dominican Republic,2009.0,2.24,EG_EGY_PRIM,,"IEA (2024), World Energy Balances"
214,Dominican Republic,2010.0,2.18,EG_EGY_PRIM,,"IEA (2024), World Energy Balances"
214,Dominican Republic,2011.0,2.16,EG_EGY_PRIM,,"IEA (2024), World Energy Balances"
214,Dominican Republic,2012.0,2.16,EG_EGY_PRIM,,"IEA (2024), World Energy Balances"
214,Dominican Republic,2013.0,2.01,EG_EGY_PRIM,,"IEA (2024), World Energy Balances"
214,Dominican Republic,2014.0,1.86,EG_EGY_PRIM,,"IEA (2024), World Energy Balances"
214,Dominican Republic,2015.0,1.88,EG_EGY_PRIM,,"IEA (2024), World Energy Balances"
214,Dominican Republic,2016.0,1.88,EG_EGY_PRIM,,"IEA (2024), World Energy Balances"
214,Dominican Republic,2017.0,1.78,EG_EGY_PRIM,,"IEA (2024), World Energy Balances"
214,Dominican Republic,2018.0,1.75,EG_EGY_PRIM,,"IEA (2024), World Energy Balances"
214,Dominican Republic,2019.0,1.84,EG_EGY_PRIM,,"IEA (2024), World Energy Balances"
214,Dominican Republic,2020.0,1.79,EG_EGY_PRIM,,"IEA (2024), World Energy Balances"
214,Dominican Republic,2021.0,1.79,EG_EGY_PRIM,,"IEA (2024), World Energy Balances"
214,Dominican Republic,2022.0,1.75,EG_EGY_PRIM,,"IEA (2024), World Energy Balances"
14,Eastern Africa,2000.0,8.75,EG_EGY_PRIM,,"IEA (2024), World Energy Balances; Energy Balances, UN Statistics Division (2024)"
14,Eastern Africa,2001.0,8.64,EG_EGY_PRIM,,"IEA (2024), World Energy Balances; Energy Balances, UN Statistics Division (2024)"
14,Eastern Africa,2002.0,8.79,EG_EGY_PRIM,,"IEA (2024), World Energy Balances; Energy Balances, UN Statistics Division (2024)"
14,Eastern Africa,2003.0,8.91,EG_EGY_PRIM,,"IEA (2024), World Energy Balances; Energy Balances, UN Statistics Division (2024)"
14,Eastern Africa,2004.0,8.74,EG_EGY_PRIM,,"IEA (2024), World Energy Balances; Energy Balances, UN Statistics Division (2024)"
14,Eastern Africa,2005.0,8.58,EG_EGY_PRIM,,"IEA (2024), World Energy Balances; Energy Balances, UN Statistics Division (2024)"
14,Eastern Africa,2006.0,8.39,EG_EGY_PRIM,,"IEA (2024), World Energy Balances; Energy Balances, UN Statistics Division (2024)"
14,Eastern Africa,2007.0,7.89,EG_EGY_PRIM,,"IEA (2024), World Energy Balances; Energy Balances, UN Statistics Division (2024)"
14,Eastern Africa,2008.0,7.77,EG_EGY_PRIM,,"IEA (2024), World Energy Balances; Energy Balances, UN Statistics Division (2024)"
14,Eastern Africa,2009.0,7.62,EG_EGY_PRIM,,"IEA (2024), World Energy Balances; Energy Balances, UN Statistics Division (2024)"
14,Eastern Africa,2010.0,7.24,EG_EGY_PRIM,,"IEA (2024), World Energy Balances; Energy Balances, UN Statistics Division (2024)"
14,Eastern Africa,2011.0,7.09,EG_EGY_PRIM,,"IEA (2024), World Energy Balances; Energy Balances, UN Statistics Division (2024)"
14,Eastern Africa,2012.0,6.77,EG_EGY_PRIM,,"IEA (2024), World Energy Balances; Energy Balances, UN Statistics Division (2024)"
14,Eastern Africa,2013.0,6.67,EG_EGY_PRIM,,"IEA (2024), World Energy Balances; Energy Balances, UN Statistics Division (2024)"
14,Eastern Africa,2014.0,6.49,EG_EGY_PRIM,,"IEA (2024), World Energy Balances; Energy Balances, UN Statistics Division (2024)"
14,Eastern Africa,2015.0,6.4,EG_EGY_PRIM,,"IEA (2024), World Energy Balances; Energy Balances, UN Statistics Division (2024)"
14,Eastern Africa,2016.0,6.3,EG_EGY_PRIM,,"IEA (2024), World Energy Balances; Energy Balances, UN Statistics Division (2024)"
14,Eastern Africa,2017.0,6.12,EG_EGY_PRIM,,"IEA (2024), World Energy Balances; Energy Balances, UN Statistics Division (2024)"
14,Eastern Africa,2018.0,6.03,EG_EGY_PRIM,,"IEA (2024), World Energy Balances; Energy Balances, UN Statistics Division (2024)"
14,Eastern Africa,2019.0,5.89,EG_EGY_PRIM,,"IEA (2024), World Energy Balances; Energy Balances, UN Statistics Division (2024)"
14,Eastern Africa,2020.0,5.99,EG_EGY_PRIM,,"IEA (2024), World Energy Balances; Energy Balances, UN Statistics Division (2024)"
14,Eastern Africa,2021.0,5.8,EG_EGY_PRIM,,"IEA (2024), World Energy Balances; Energy Balances, UN Statistics Division (2024)"
14,Eastern Africa,2022.0,5.69,EG_EGY_PRIM,,"IEA (2024), World Energy Balances; Energy Balances, UN Statistics Division (2024)"
753,Eastern and South-Eastern Asia,2000.0,6.12,EG_EGY_PRIM,,"IEA (2024), World Energy Balances; Energy Balances, UN Statistics Division (2024)"
753,Eastern and South-Eastern Asia,2001.0,5.99,EG_EGY_PRIM,,"IEA (2024), World Energy Balances; Energy Balances, UN Statistics Division (2024)"
753,Eastern and South-Eastern Asia,2002.0,5.96,EG_EGY_PRIM,,"IEA (2024), World Energy Balances; Energy Balances, UN Statistics Division (2024)"
753,Eastern and South-Eastern Asia,2003.0,6.09,EG_EGY_PRIM,,"IEA (2024), World Energy Balances; Energy Balances, UN Statistics Division (2024)"
753,Eastern and South-Eastern Asia,2004.0,6.28,EG_EGY_PRIM,,"IEA (2024), World Energy Balances; Energy Balances, UN Statistics Division (2024)"
753,Eastern and South-Eastern Asia,2005.0,6.25,EG_EGY_PRIM,,"IEA (2024), World Energy Balances; Energy Balances, UN Statistics Division (2024)"
753,Eastern and South-Eastern Asia,2006.0,6.16,EG_EGY_PRIM,,"IEA (2024), World Energy Balances; Energy Balances, UN Statistics Division (2024)"
753,Eastern and South-Eastern Asia,2007.0,5.97,EG_EGY_PRIM,,"IEA (2024), World Energy Balances; Energy Balances, UN Statistics Division (2024)"
753,Eastern and South-Eastern Asia,2008.0,5.77,EG_EGY_PRIM,,"IEA (2024), World Energy Balances; Energy Balances, UN Statistics Division (2024)"
753,Eastern and South-Eastern Asia,2009.0,5.79,EG_EGY_PRIM,,"IEA (2024), World Energy Balances; Energy Balances, UN Statistics Division (2024)"
753,Eastern and South-Eastern Asia,2010.0,5.82,EG_EGY_PRIM,,"IEA (2024), World Energy Balances; Energy Balances, UN Statistics Division (2024)"
753,Eastern and South-Eastern Asia,2011.0,5.72,EG_EGY_PRIM,,"IEA (2024), World Energy Balances; Energy Balances, UN Statistics Division (2024)"
753,Eastern and South-Eastern Asia,2012.0,5.54,EG_EGY_PRIM,,"IEA (2024), World Energy Balances; Energy Balances, UN Statistics Division (2024)"
753,Eastern and South-Eastern Asia,2013.0,5.39,EG_EGY_PRIM,,"IEA (2024), World Energy Balances; Energy Balances, UN Statistics Division (2024)"
753,Eastern and South-Eastern Asia,2014.0,5.22,EG_EGY_PRIM,,"IEA (2024), World Energy Balances; Energy Balances, UN Statistics Division (2024)"
753,Eastern and South-Eastern Asia,2015.0,4.97,EG_EGY_PRIM,,"IEA (2024), World Energy Balances; Energy Balances, UN Statistics Division (2024)"
753,Eastern and South-Eastern Asia,2016.0,4.75,EG_EGY_PRIM,,"IEA (2024), World Energy Balances; Energy Balances, UN Statistics Division (2024)"
753,Eastern and South-Eastern Asia,2017.0,4.65,EG_EGY_PRIM,,"IEA (2024), World Energy Balances; Energy Balances, UN Statistics Division (2024)"
753,Eastern and South-Eastern Asia,2018.0,4.6,EG_EGY_PRIM,,"IEA (2024), World Energy Balances; Energy Balances, UN Statistics Division (2024)"
753,Eastern and South-Eastern Asia,2019.0,4.55,EG_EGY_PRIM,,"IEA (2024), World Energy Balances; Energy Balances, UN Statistics Division (2024)"
753,Eastern and South-Eastern Asia,2020.0,4.6,EG_EGY_PRIM,,"IEA (2024), World Energy Balances; Energy Balances, UN Statistics Division (2024)"
753,Eastern and South-Eastern Asia,2021.0,4.56,EG_EGY_PRIM,,"IEA (2024), World Energy Balances; Energy Balances, UN Statistics Division (2024)"
753,Eastern and South-Eastern Asia,2022.0,4.52,EG_EGY_PRIM,,"IEA (2024), World Energy Balances; Energy Balances, UN Statistics Division (2024)"
30,Eastern Asia,2000.0,6.72,EG_EGY_PRIM,,"IEA (2024), World Energy Balances; Energy Balances, UN Statistics Division (2024)"
30,Eastern Asia,2001.0,6.55,EG_EGY_PRIM,,"IEA (2024), World Energy Balances; Energy Balances, UN Statistics Division (2024)"
30,Eastern Asia,2002.0,6.51,EG_EGY_PRIM,,"IEA (2024), World Energy Balances; Energy Balances, UN Statistics Division (2024)"
30,Eastern Asia,2003.0,6.7,EG_EGY_PRIM,,"IEA (2024), World Energy Balances; Energy Balances, UN Statistics Division (2024)"
30,Eastern Asia,2004.0,6.93,EG_EGY_PRIM,,"IEA (2024), World Energy Balances; Energy Balances, UN Statistics Division (2024)"
30,Eastern Asia,2005.0,6.93,EG_EGY_PRIM,,"IEA (2024), World Energy Balances; Energy Balances, UN Statistics Division (2024)"
30,Eastern Asia,2006.0,6.86,EG_EGY_PRIM,,"IEA (2024), World Energy Balances; Energy Balances, UN Statistics Division (2024)"
30,Eastern Asia,2007.0,6.64,EG_EGY_PRIM,,"IEA (2024), World Energy Balances; Energy Balances, UN Statistics Division (2024)"
30,Eastern Asia,2008.0,6.39,EG_EGY_PRIM,,"IEA (2024), World Energy Balances; Energy Balances, UN Statistics Division (2024)"
30,Eastern Asia,2009.0,6.4,EG_EGY_PRIM,,"IEA (2024), World Energy Balances; Energy Balances, UN Statistics Division (2024)"
30,Eastern Asia,2010.0,6.45,EG_EGY_PRIM,,"IEA (2024), World Energy Balances; Energy Balances, UN Statistics Division (2024)"
30,Eastern Asia,2011.0,6.34,EG_EGY_PRIM,,"IEA (2024), World Energy Balances; Energy Balances, UN Statistics Division (2024)"
30,Eastern Asia,2012.0,6.15,EG_EGY_PRIM,,"IEA (2024), World Energy Balances; Energy Balances, UN Statistics Division (2024)"
30,Eastern Asia,2013.0,5.95,EG_EGY_PRIM,,"IEA (2024), World Energy Balances; Energy Balances, UN Statistics Division (2024)"
30,Eastern Asia,2014.0,5.74,EG_EGY_PRIM,,"IEA (2024), World Energy Balances; Energy Balances, UN Statistics Division (2024)"
30,Eastern Asia,2015.0,5.46,EG_EGY_PRIM,,"IEA (2024), World Energy Balances; Energy Balances, UN Statistics Division (2024)"
30,Eastern Asia,2016.0,5.18,EG_EGY_PRIM,,"IEA (2024), World Energy Balances; Energy Balances, UN Statistics Division (2024)"
30,Eastern Asia,2017.0,5.07,EG_EGY_PRIM,,"IEA (2024), World Energy Balances; Energy Balances, UN Statistics Division (2024)"
30,Eastern Asia,2018.0,4.99,EG_EGY_PRIM,,"IEA (2024), World Energy Balances; Energy Balances, UN Statistics Division (2024)"
30,Eastern Asia,2019.0,4.93,EG_EGY_PRIM,,"IEA (2024), World Energy Balances; Energy Balances, UN Statistics Division (2024)"
30,Eastern Asia,2020.0,4.98,EG_EGY_PRIM,,"IEA (2024), World Energy Balances; Energy Balances, UN Statistics Division (2024)"
30,Eastern Asia,2021.0,4.93,EG_EGY_PRIM,,"IEA (2024), World Energy Balances; Energy Balances, UN Statistics Division (2024)"
30,Eastern Asia,2022.0,4.88,EG_EGY_PRIM,,"IEA (2024), World Energy Balances; Energy Balances, UN Statistics Division (2024)"
151,Eastern Europe,2000.0,7.82,EG_EGY_PRIM,,"IEA (2024), World Energy Balances; Energy Balances, UN Statistics Division (2024)"
151,Eastern Europe,2001.0,7.56,EG_EGY_PRIM,,"IEA (2024), World Energy Balances; Energy Balances, UN Statistics Division (2024)"
151,Eastern Europe,2002.0,7.25,EG_EGY_PRIM,,"IEA (2024), World Energy Balances; Energy Balances, UN Statistics Division (2024)"
151,Eastern Europe,2003.0,7.05,EG_EGY_PRIM,,"IEA (2024), World Energy Balances; Energy Balances, UN Statistics Division (2024)"
151,Eastern Europe,2004.0,6.59,EG_EGY_PRIM,,"IEA (2024), World Energy Balances; Energy Balances, UN Statistics Division (2024)"
151,Eastern Europe,2005.0,6.28,EG_EGY_PRIM,,"IEA (2024), World Energy Balances; Energy Balances, UN Statistics Division (2024)"
151,Eastern Europe,2006.0,5.96,EG_EGY_PRIM,,"IEA (2024), World Energy Balances; Energy Balances, UN Statistics Division (2024)"
151,Eastern Europe,2007.0,5.54,EG_EGY_PRIM,,"IEA (2024), World Energy Balances; Energy Balances, UN Statistics Division (2024)"
151,Eastern Europe,2008.0,5.34,EG_EGY_PRIM,,"IEA (2024), World Energy Balances; Energy Balances, UN Statistics Division (2024)"
151,Eastern Europe,2009.0,5.3,EG_EGY_PRIM,,"IEA (2024), World Energy Balances; Energy Balances, UN Statistics Division (2024)"
151,Eastern Europe,2010.0,5.51,EG_EGY_PRIM,,"IEA (2024), World Energy Balances; Energy Balances, UN Statistics Division (2024)"
151,Eastern Europe,2011.0,5.38,EG_EGY_PRIM,,"IEA (2024), World Energy Balances; Energy Balances, UN Statistics Division (2024)"
151,Eastern Europe,2012.0,5.24,EG_EGY_PRIM,,"IEA (2024), World Energy Balances; Energy Balances, UN Statistics Division (2024)"
151,Eastern Europe,2013.0,5.01,EG_EGY_PRIM,,"IEA (2024), World Energy Balances; Energy Balances, UN Statistics Division (2024)"
151,Eastern Europe,2014.0,4.9,EG_EGY_PRIM,,"IEA (2024), World Energy Balances; Energy Balances, UN Statistics Division (2024)"
151,Eastern Europe,2015.0,4.82,EG_EGY_PRIM,,"IEA (2024), World Energy Balances; Energy Balances, UN Statistics Division (2024)"
151,Eastern Europe,2016.0,4.88,EG_EGY_PRIM,,"IEA (2024), World Energy Balances; Energy Balances, UN Statistics Division (2024)"
151,Eastern Europe,2017.0,4.83,EG_EGY_PRIM,,"IEA (2024), World Energy Balances; Energy Balances, UN Statistics Division (2024)"
151,Eastern Europe,2018.0,4.87,EG_EGY_PRIM,,"IEA (2024), World Energy Balances; Energy Balances, UN Statistics Division (2024)"
151,Eastern Europe,2019.0,4.57,EG_EGY_PRIM,,"IEA (2024), World Energy Balances; Energy Balances, UN Statistics Division (2024)"
151,Eastern Europe,2020.0,4.64,EG_EGY_PRIM,,"IEA (2024), World Energy Balances; Energy Balances, UN Statistics Division (2024)"
151,Eastern Europe,2021.0,4.83,EG_EGY_PRIM,,"IEA (2024), World Energy Balances; Energy Balances, UN Statistics Division (2024)"
151,Eastern Europe,2022.0,4.67,EG_EGY_PRIM,,"IEA (2024), World Energy Balances; Energy Balances, UN Statistics Division (2024)"
218,Ecuador,2000.0,2.92,EG_EGY_PRIM,,"IEA (2024), World Energy Balances"
218,Ecuador,2001.0,2.98,EG_EGY_PRIM,,"IEA (2024), World Energy Balances"
218,Ecuador,2002.0,3.07,EG_EGY_PRIM,,"IEA (2024), World Energy Balances"
218,Ecuador,2003.0,3.29,EG_EGY_PRIM,,"IEA (2024), World Energy Balances"
218,Ecuador,2004.0,3.2,EG_EGY_PRIM,,"IEA (2024), World Energy Balances"
218,Ecuador,2005.0,3.29,EG_EGY_PRIM,,"IEA (2024), World Energy Balances"
218,Ecuador,2006.0,3.11,EG_EGY_PRIM,,"IEA (2024), World Energy Balances"
218,Ecuador,2007.0,3.35,EG_EGY_PRIM,,"IEA (2024), World Energy Balances"
218,Ecuador,2008.0,2.79,EG_EGY_PRIM,,"IEA (2024), World Energy Balances"
218,Ecuador,2009.0,3.05,EG_EGY_PRIM,,"IEA (2024), World Energy Balances"
218,Ecuador,2010.0,3.12,EG_EGY_PRIM,,"IEA (2024), World Energy Balances"
218,Ecuador,2011.0,3.0,EG_EGY_PRIM,,"IEA (2024), World Energy Balances"
218,Ecuador,2012.0,2.82,EG_EGY_PRIM,,"IEA (2024), World Energy Balances"
218,Ecuador,2013.0,2.79,EG_EGY_PRIM,,"IEA (2024), World Energy Balances"
218,Ecuador,2014.0,2.93,EG_EGY_PRIM,,"IEA (2024), World Energy Balances"
218,Ecuador,2015.0,2.83,EG_EGY_PRIM,,"IEA (2024), World Energy Balances"
218,Ecuador,2016.0,2.73,EG_EGY_PRIM,,"IEA (2024), World Energy Balances"
218,Ecuador,2017.0,2.65,EG_EGY_PRIM,,"IEA (2024), World Energy Balances"
218,Ecuador,2018.0,2.59,EG_EGY_PRIM,,"IEA (2024), World Energy Balances"
218,Ecuador,2019.0,2.73,EG_EGY_PRIM,,"IEA (2024), World Energy Balances"
218,Ecuador,2020.0,2.65,EG_EGY_PRIM,,"IEA (2024), World Energy Balances"
218,Ecuador,2021.0,2.74,EG_EGY_PRIM,,"IEA (2024), World Energy Balances"
218,Ecuador,2022.0,2.66,EG_EGY_PRIM,,"IEA (2024), World Energy Balances"
818,Egypt,2000.0,2.43,EG_EGY_PRIM,,"IEA (2024), World Energy Balances"
818,Egypt,2001.0,2.67,EG_EGY_PRIM,,"IEA (2024), World Energy Balances"
818,Egypt,2002.0,2.65,EG_EGY_PRIM,,"IEA (2024), World Energy Balances"
818,Egypt,2003.0,2.67,EG_EGY_PRIM,,"IEA (2024), World Energy Balances"
818,Egypt,2004.0,2.8,EG_EGY_PRIM,,"IEA (2024), World Energy Balances"
818,Egypt,2005.0,3.08,EG_EGY_PRIM,,"IEA (2024), World Energy Balances"
818,Egypt,2006.0,3.04,EG_EGY_PRIM,,"IEA (2024), World Energy Balances"
818,Egypt,2007.0,3.03,EG_EGY_PRIM,,"IEA (2024), World Energy Balances"
818,Egypt,2008.0,2.93,EG_EGY_PRIM,,"IEA (2024), World Energy Balances"
818,Egypt,2009.0,2.87,EG_EGY_PRIM,,"IEA (2024), World Energy Balances"
818,Egypt,2010.0,2.7,EG_EGY_PRIM,,"IEA (2024), World Energy Balances"
818,Egypt,2011.0,2.78,EG_EGY_PRIM,,"IEA (2024), World Energy Balances"
818,Egypt,2012.0,2.8,EG_EGY_PRIM,,"IEA (2024), World Energy Balances"
818,Egypt,2013.0,2.64,EG_EGY_PRIM,,"IEA (2024), World Energy Balances"
818,Egypt,2014.0,2.65,EG_EGY_PRIM,,"IEA (2024), World Energy Balances"
818,Egypt,2015.0,2.52,EG_EGY_PRIM,,"IEA (2024), World Energy Balances"
818,Egypt,2016.0,2.66,EG_EGY_PRIM,,"IEA (2024), World Energy Balances"
818,Egypt,2017.0,2.68,EG_EGY_PRIM,,"IEA (2024), World Energy Balances"
818,Egypt,2018.0,2.52,EG_EGY_PRIM,,"IEA (2024), World Energy Balances"
818,Egypt,2019.0,2.35,EG_EGY_PRIM,,"IEA (2024), World Energy Balances"
818,Egypt,2020.0,2.2,EG_EGY_PRIM,,"IEA (2024), World Energy Balances"
818,Egypt,2021.0,2.38,EG_EGY_PRIM,,"IEA (2024), World Energy Balances"
818,Egypt,2022.0,2.3,EG_EGY_PRIM,,"IEA (2024), World Energy Balances"
222,El Salvador,2000.0,2.98,EG_EGY_PRIM,,"IEA (2024), World Energy Balances"
222,El Salvador,2001.0,3.14,EG_EGY_PRIM,,"IEA (2024), World Energy Balances"
222,El Salvador,2002.0,3.18,EG_EGY_PRIM,,"IEA (2024), World Energy Balances"
222,El Salvador,2003.0,3.35,EG_EGY_PRIM,,"IEA (2024), World Energy Balances"
222,El Salvador,2004.0,3.35,EG_EGY_PRIM,,"IEA (2024), World Energy Balances"
222,El Salvador,2005.0,3.35,EG_EGY_PRIM,,"IEA (2024), World Energy Balances"
222,El Salvador,2006.0,3.42,EG_EGY_PRIM,,"IEA (2024), World Energy Balances"
222,El Salvador,2007.0,3.4,EG_EGY_PRIM,,"IEA (2024), World Energy Balances"
222,El Salvador,2008.0,3.38,EG_EGY_PRIM,,"IEA (2024), World Energy Balances"
222,El Salvador,2009.0,3.4,EG_EGY_PRIM,,"IEA (2024), World Energy Balances"
222,El Salvador,2010.0,3.37,EG_EGY_PRIM,,"IEA (2024), World Energy Balances"
222,El Salvador,2011.0,3.24,EG_EGY_PRIM,,"IEA (2024), World Energy Balances"
222,El Salvador,2012.0,3.21,EG_EGY_PRIM,,"IEA (2024), World Energy Balances"
222,El Salvador,2013.0,2.96,EG_EGY_PRIM,,"IEA (2024), World Energy Balances"
222,El Salvador,2014.0,2.88,EG_EGY_PRIM,,"IEA (2024), World Energy Balances"
222,El Salvador,2015.0,2.93,EG_EGY_PRIM,,"IEA (2024), World Energy Balances"
222,El Salvador,2016.0,2.92,EG_EGY_PRIM,,"IEA (2024), World Energy Balances"
222,El Salvador,2017.0,2.81,EG_EGY_PRIM,,"IEA (2024), World Energy Balances"
222,El Salvador,2018.0,2.82,EG_EGY_PRIM,,"IEA (2024), World Energy Balances"
222,El Salvador,2019.0,2.92,EG_EGY_PRIM,,"IEA (2024), World Energy Balances"
222,El Salvador,2020.0,2.89,EG_EGY_PRIM,,"IEA (2024), World Energy Balances"
222,El Salvador,2021.0,2.8,EG_EGY_PRIM,,"IEA (2024), World Energy Balances"
222,El Salvador,2022.0,2.91,EG_EGY_PRIM,,"IEA (2024), World Energy Balances"
226,Equatorial Guinea,2000.0,1.09,EG_EGY_PRIM,,"Energy Balances, UN Statistics Division (2024)"
226,Equatorial Guinea,2001.0,0.74,EG_EGY_PRIM,,"Energy Balances, UN Statistics Division (2024)"
226,Equatorial Guinea,2002.0,0.89,EG_EGY_PRIM,,"Energy Balances, UN Statistics Division (2024)"
226,Equatorial Guinea,2003.0,0.9,EG_EGY_PRIM,,"Energy Balances, UN Statistics Division (2024)"
226,Equatorial Guinea,2004.0,2.37,EG_EGY_PRIM,,"Energy Balances, UN Statistics Division (2024)"
226,Equatorial Guinea,2005.0,2.18,EG_EGY_PRIM,,"Energy Balances, UN Statistics Division (2024)"
226,Equatorial Guinea,2006.0,2.1,EG_EGY_PRIM,,"Energy Balances, UN Statistics Division (2024)"
226,Equatorial Guinea,2007.0,1.55,EG_EGY_PRIM,,"Energy Balances, UN Statistics Division (2024)"
226,Equatorial Guinea,2008.0,1.49,EG_EGY_PRIM,,"Energy Balances, UN Statistics Division (2024)"
226,Equatorial Guinea,2009.0,1.17,EG_EGY_PRIM,,"Energy Balances, UN Statistics Division (2024)"
226,Equatorial Guinea,2010.0,1.92,EG_EGY_PRIM,,"Energy Balances, UN Statistics Division (2024)"
226,Equatorial Guinea,2011.0,1.86,EG_EGY_PRIM,,"Energy Balances, UN Statistics Division (2024)"
226,Equatorial Guinea,2012.0,2.21,EG_EGY_PRIM,,"Energy Balances, UN Statistics Division (2024)"
226,Equatorial Guinea,2013.0,2.84,EG_EGY_PRIM,,"Energy Balances, UN Statistics Division (2024)"
226,Equatorial Guinea,2014.0,2.64,EG_EGY_PRIM,,"Energy Balances, UN Statistics Division (2024)"
226,Equatorial Guinea,2015.0,2.69,EG_EGY_PRIM,,"Energy Balances, UN Statistics Division (2024)"
226,Equatorial Guinea,2016.0,3.33,EG_EGY_PRIM,,"Energy Balances, UN Statistics Division (2024)"
226,Equatorial Guinea,2017.0,3.32,EG_EGY_PRIM,,"Energy Balances, UN Statistics Division (2024)"
226,Equatorial Guinea,2018.0,3.65,EG_EGY_PRIM,,"Energy Balances, UN Statistics Division (2024)"
226,Equatorial Guinea,2019.0,3.02,EG_EGY_PRIM,,"Energy Balances, UN Statistics Division (2024)"
226,Equatorial Guinea,2020.0,3.56,EG_EGY_PRIM,,"Energy Balances, UN Statistics Division (2024)"
226,Equatorial Guinea,2021.0,4.17,EG_EGY_PRIM,,"Energy Balances, UN Statistics Division (2024)"
226,Equatorial Guinea,2022.0,4.31,EG_EGY_PRIM,,"Energy Balances, UN Statistics Division (2024)"
232,Eritrea,2000.0,6.42,EG_EGY_PRIM,,"IEA (2024), World Energy Balances"
232,Eritrea,2001.0,6.21,EG_EGY_PRIM,,"IEA (2024), World Energy Balances"
232,Eritrea,2002.0,5.8,EG_EGY_PRIM,,"IEA (2024), World Energy Balances"
232,Eritrea,2003.0,6.86,EG_EGY_PRIM,,"IEA (2024), World Energy Balances"
232,Eritrea,2004.0,5.72,EG_EGY_PRIM,,"IEA (2024), World Energy Balances"
232,Eritrea,2005.0,5.61,EG_EGY_PRIM,,"IEA (2024), World Energy Balances"
232,Eritrea,2006.0,5.35,EG_EGY_PRIM,,"IEA (2024), World Energy Balances"
232,Eritrea,2007.0,5.33,EG_EGY_PRIM,,"IEA (2024), World Energy Balances"
232,Eritrea,2008.0,6.65,EG_EGY_PRIM,,"IEA (2024), World Energy Balances"
232,Eritrea,2009.0,6.21,EG_EGY_PRIM,,"IEA (2024), World Energy Balances"
232,Eritrea,2010.0,5.81,EG_EGY_PRIM,,"IEA (2024), World Energy Balances"
232,Eritrea,2011.0,4.9,EG_EGY_PRIM,,"IEA (2024), World Energy Balances"
232,Eritrea,2012.0,4.93,EG_EGY_PRIM,,"IEA (2024), World Energy Balances"
232,Eritrea,2013.0,5.55,EG_EGY_PRIM,,"IEA (2024), World Energy Balances"
232,Eritrea,2014.0,4.35,EG_EGY_PRIM,,"IEA (2024), World Energy Balances"
232,Eritrea,2015.0,5.61,EG_EGY_PRIM,,"IEA (2024), World Energy Balances"
232,Eritrea,2016.0,5.37,EG_EGY_PRIM,,"IEA (2024), World Energy Balances"
232,Eritrea,2017.0,6.03,EG_EGY_PRIM,,"IEA (2024), World Energy Balances"
232,Eritrea,2018.0,5.5,EG_EGY_PRIM,,"IEA (2024), World Energy Balances"
232,Eritrea,2019.0,5.42,EG_EGY_PRIM,,"IEA (2024), World Energy Balances"
232,Eritrea,2020.0,5.54,EG_EGY_PRIM,,"IEA (2024), World Energy Balances"
232,Eritrea,2021.0,5.52,EG_EGY_PRIM,,"IEA (2024), World Energy Balances"
232,Eritrea,2022.0,5.41,EG_EGY_PRIM,,"IEA (2024), World Energy Balances"
233,Estonia,2000.0,6.7,EG_EGY_PRIM,,"IEA (2024), World Energy Balances"
233,Estonia,2001.0,6.67,EG_EGY_PRIM,,"IEA (2024), World Energy Balances"
233,Estonia,2002.0,5.84,EG_EGY_PRIM,,"IEA (2024), World Energy Balances"
233,Estonia,2003.0,5.88,EG_EGY_PRIM,,"IEA (2024), World Energy Balances"
233,Estonia,2004.0,5.87,EG_EGY_PRIM,,"IEA (2024), World Energy Balances"
233,Estonia,2005.0,5.42,EG_EGY_PRIM,,"IEA (2024), World Energy Balances"
233,Estonia,2006.0,4.9,EG_EGY_PRIM,,"IEA (2024), World Energy Balances"
233,Estonia,2007.0,5.3,EG_EGY_PRIM,,"IEA (2024), World Energy Balances"
233,Estonia,2008.0,4.92,EG_EGY_PRIM,,"IEA (2024), World Energy Balances"
233,Estonia,2009.0,4.67,EG_EGY_PRIM,,"IEA (2024), World Energy Balances"
233,Estonia,2010.0,5.98,EG_EGY_PRIM,,"IEA (2024), World Energy Balances"
233,Estonia,2011.0,5.41,EG_EGY_PRIM,,"IEA (2024), World Energy Balances"
233,Estonia,2012.0,4.8,EG_EGY_PRIM,,"IEA (2024), World Energy Balances"
233,Estonia,2013.0,5.23,EG_EGY_PRIM,,"IEA (2024), World Energy Balances"
233,Estonia,2014.0,4.81,EG_EGY_PRIM,,"IEA (2024), World Energy Balances"
233,Estonia,2015.0,4.14,EG_EGY_PRIM,,"IEA (2024), World Energy Balances"
233,Estonia,2016.0,4.97,EG_EGY_PRIM,,"IEA (2024), World Energy Balances"
233,Estonia,2017.0,4.58,EG_EGY_PRIM,,"IEA (2024), World Energy Balances"
233,Estonia,2018.0,4.34,EG_EGY_PRIM,,"IEA (2024), World Energy Balances"
233,Estonia,2019.0,3.53,EG_EGY_PRIM,,"IEA (2024), World Energy Balances"
233,Estonia,2020.0,3.35,EG_EGY_PRIM,,"IEA (2024), World Energy Balances"
233,Estonia,2021.0,3.18,EG_EGY_PRIM,,"IEA (2024), World Energy Balances"
233,Estonia,2022.0,3.35,EG_EGY_PRIM,,"IEA (2024), World Energy Balances"
748,Eswatini,2000.0,5.63,EG_EGY_PRIM,,"Energy Balances, UN Statistics Division (2024)"
748,Eswatini,2001.0,5.28,EG_EGY_PRIM,,"Energy Balances, UN Statistics Division (2024)"
748,Eswatini,2002.0,5.24,EG_EGY_PRIM,,"Energy Balances, UN Statistics Division (2024)"
748,Eswatini,2003.0,5.16,EG_EGY_PRIM,,"Energy Balances, UN Statistics Division (2024)"
748,Eswatini,2004.0,4.96,EG_EGY_PRIM,,"Energy Balances, UN Statistics Division (2024)"
748,Eswatini,2005.0,4.8,EG_EGY_PRIM,,"Energy Balances, UN Statistics Division (2024)"
748,Eswatini,2006.0,4.51,EG_EGY_PRIM,,"Energy Balances, UN Statistics Division (2024)"
748,Eswatini,2007.0,4.44,EG_EGY_PRIM,,"Energy Balances, UN Statistics Division (2024)"
748,Eswatini,2008.0,4.35,EG_EGY_PRIM,,"Energy Balances, UN Statistics Division (2024)"
748,Eswatini,2009.0,4.38,EG_EGY_PRIM,,"Energy Balances, UN Statistics Division (2024)"
748,Eswatini,2010.0,4.15,EG_EGY_PRIM,,"Energy Balances, UN Statistics Division (2024)"
748,Eswatini,2011.0,4.19,EG_EGY_PRIM,,"Energy Balances, UN Statistics Division (2024)"
748,Eswatini,2012.0,4.19,EG_EGY_PRIM,,"Energy Balances, UN Statistics Division (2024)"
748,Eswatini,2013.0,4.28,EG_EGY_PRIM,,"Energy Balances, UN Statistics Division (2024)"
748,Eswatini,2014.0,3.71,EG_EGY_PRIM,,"Energy Balances, UN Statistics Division (2024)"
748,Eswatini,2015.0,3.96,EG_EGY_PRIM,,"Energy Balances, UN Statistics Division (2024)"
748,Eswatini,2016.0,3.96,EG_EGY_PRIM,,"Energy Balances, UN Statistics Division (2024)"
748,Eswatini,2017.0,3.95,EG_EGY_PRIM,,"Energy Balances, UN Statistics Division (2024)"
748,Eswatini,2018.0,4.15,EG_EGY_PRIM,,"Energy Balances, UN Statistics Division (2024)"
748,Eswatini,2019.0,4.18,EG_EGY_PRIM,,"Energy Balances, UN Statistics Division (2024)"
748,Eswatini,2020.0,4.21,EG_EGY_PRIM,,"Energy Balances, UN Statistics Division (2024)"
748,Eswatini,2021.0,3.62,EG_EGY_PRIM,,"Energy Balances, UN Statistics Division (2024)"
748,Eswatini,2022.0,3.62,EG_EGY_PRIM,,"Energy Balances, UN Statistics Division (2024)"
231,Ethiopia,2000.0,18.78,EG_EGY_PRIM,,"IEA (2024), World Energy Balances"
231,Ethiopia,2001.0,18.19,EG_EGY_PRIM,,"IEA (2024), World Energy Balances"
231,Ethiopia,2002.0,18.44,EG_EGY_PRIM,,"IEA (2024), World Energy Balances"
231,Ethiopia,2003.0,19.46,EG_EGY_PRIM,,"IEA (2024), World Energy Balances"
231,Ethiopia,2004.0,17.96,EG_EGY_PRIM,,"IEA (2024), World Energy Balances"
231,Ethiopia,2005.0,16.32,EG_EGY_PRIM,,"IEA (2024), World Energy Balances"
231,Ethiopia,2006.0,15.1,EG_EGY_PRIM,,"IEA (2024), World Energy Balances"
231,Ethiopia,2007.0,13.97,EG_EGY_PRIM,,"IEA (2024), World Energy Balances"
231,Ethiopia,2008.0,12.97,EG_EGY_PRIM,,"IEA (2024), World Energy Balances"
231,Ethiopia,2009.0,12.13,EG_EGY_PRIM,,"IEA (2024), World Energy Balances"
231,Ethiopia,2010.0,11.27,EG_EGY_PRIM,,"IEA (2024), World Energy Balances"
231,Ethiopia,2011.0,10.5,EG_EGY_PRIM,,"IEA (2024), World Energy Balances"
231,Ethiopia,2012.0,9.94,EG_EGY_PRIM,,"IEA (2024), World Energy Balances"
231,Ethiopia,2013.0,9.4,EG_EGY_PRIM,,"IEA (2024), World Energy Balances"
231,Ethiopia,2014.0,8.85,EG_EGY_PRIM,,"IEA (2024), World Energy Balances"
231,Ethiopia,2015.0,8.24,EG_EGY_PRIM,,"IEA (2024), World Energy Balances"
231,Ethiopia,2016.0,7.91,EG_EGY_PRIM,,"IEA (2024), World Energy Balances"
231,Ethiopia,2017.0,7.34,EG_EGY_PRIM,,"IEA (2024), World Energy Balances"
231,Ethiopia,2018.0,7.05,EG_EGY_PRIM,,"IEA (2024), World Energy Balances"
231,Ethiopia,2019.0,6.67,EG_EGY_PRIM,,"IEA (2024), World Energy Balances"
231,Ethiopia,2020.0,6.37,EG_EGY_PRIM,,"IEA (2024), World Energy Balances"
231,Ethiopia,2021.0,6.05,EG_EGY_PRIM,,"IEA (2024), World Energy Balances"
231,Ethiopia,2022.0,5.9,EG_EGY_PRIM,,"IEA (2024), World Energy Balances"
150,Europe,2000.0,4.32,EG_EGY_PRIM,,"IEA (2024), World Energy Balances; Energy Balances, UN Statistics Division (2024)"
150,Europe,2001.0,4.29,EG_EGY_PRIM,,"IEA (2024), World Energy Balances; Energy Balances, UN Statistics Division (2024)"
150,Europe,2002.0,4.21,EG_EGY_PRIM,,"IEA (2024), World Energy Balances; Energy Balances, UN Statistics Division (2024)"
150,Europe,2003.0,4.23,EG_EGY_PRIM,,"IEA (2024), World Energy Balances; Energy Balances, UN Statistics Division (2024)"
150,Europe,2004.0,4.12,EG_EGY_PRIM,,"IEA (2024), World Energy Balances; Energy Balances, UN Statistics Division (2024)"
150,Europe,2005.0,4.02,EG_EGY_PRIM,,"IEA (2024), World Energy Balances; Energy Balances, UN Statistics Division (2024)"
150,Europe,2006.0,3.89,EG_EGY_PRIM,,"IEA (2024), World Energy Balances; Energy Balances, UN Statistics Division (2024)"
150,Europe,2007.0,3.69,EG_EGY_PRIM,,"IEA (2024), World Energy Balances; Energy Balances, UN Statistics Division (2024)"
150,Europe,2008.0,3.65,EG_EGY_PRIM,,"IEA (2024), World Energy Balances; Energy Balances, UN Statistics Division (2024)"
150,Europe,2009.0,3.6,EG_EGY_PRIM,,"IEA (2024), World Energy Balances; Energy Balances, UN Statistics Division (2024)"
150,Europe,2010.0,3.7,EG_EGY_PRIM,,"IEA (2024), World Energy Balances; Energy Balances, UN Statistics Division (2024)"
150,Europe,2011.0,3.55,EG_EGY_PRIM,,"IEA (2024), World Energy Balances; Energy Balances, UN Statistics Division (2024)"
150,Europe,2012.0,3.53,EG_EGY_PRIM,,"IEA (2024), World Energy Balances; Energy Balances, UN Statistics Division (2024)"
150,Europe,2013.0,3.44,EG_EGY_PRIM,,"IEA (2024), World Energy Balances; Energy Balances, UN Statistics Division (2024)"
150,Europe,2014.0,3.29,EG_EGY_PRIM,,"IEA (2024), World Energy Balances; Energy Balances, UN Statistics Division (2024)"
150,Europe,2015.0,3.23,EG_EGY_PRIM,,"IEA (2024), World Energy Balances; Energy Balances, UN Statistics Division (2024)"
150,Europe,2016.0,3.21,EG_EGY_PRIM,,"IEA (2024), World Energy Balances; Energy Balances, UN Statistics Division (2024)"
150,Europe,2017.0,3.17,EG_EGY_PRIM,,"IEA (2024), World Energy Balances; Energy Balances, UN Statistics Division (2024)"
150,Europe,2018.0,3.14,EG_EGY_PRIM,,"IEA (2024), World Energy Balances; Energy Balances, UN Statistics Division (2024)"
150,Europe,2019.0,3.01,EG_EGY_PRIM,,"IEA (2024), World Energy Balances; Energy Balances, UN Statistics Division (2024)"
150,Europe,2020.0,3.03,EG_EGY_PRIM,,"IEA (2024), World Energy Balances; Energy Balances, UN Statistics Division (2024)"
150,Europe,2021.0,3.06,EG_EGY_PRIM,,"IEA (2024), World Energy Balances; Energy Balances, UN Statistics Division (2024)"
150,Europe,2022.0,2.84,EG_EGY_PRIM,,"IEA (2024), World Energy Balances; Energy Balances, UN Statistics Division (2024)"
513,Europe and Northern America,2000.0,5.1,EG_EGY_PRIM,,"IEA (2024), World Energy Balances; Energy Balances, UN Statistics Division (2024)"
513,Europe and Northern America,2001.0,5.0,EG_EGY_PRIM,,"IEA (2024), World Energy Balances; Energy Balances, UN Statistics Division (2024)"
513,Europe and Northern America,2002.0,4.93,EG_EGY_PRIM,,"IEA (2024), World Energy Balances; Energy Balances, UN Statistics Division (2024)"
513,Europe and Northern America,2003.0,4.9,EG_EGY_PRIM,,"IEA (2024), World Energy Balances; Energy Balances, UN Statistics Division (2024)"
513,Europe and Northern America,2004.0,4.79,EG_EGY_PRIM,,"IEA (2024), World Energy Balances; Energy Balances, UN Statistics Division (2024)"
513,Europe and Northern America,2005.0,4.67,EG_EGY_PRIM,,"IEA (2024), World Energy Balances; Energy Balances, UN Statistics Division (2024)"
513,Europe and Northern America,2006.0,4.51,EG_EGY_PRIM,,"IEA (2024), World Energy Balances; Energy Balances, UN Statistics Division (2024)"
513,Europe and Northern America,2007.0,4.37,EG_EGY_PRIM,,"IEA (2024), World Energy Balances; Energy Balances, UN Statistics Division (2024)"
513,Europe and Northern America,2008.0,4.28,EG_EGY_PRIM,,"IEA (2024), World Energy Balances; Energy Balances, UN Statistics Division (2024)"
513,Europe and Northern America,2009.0,4.22,EG_EGY_PRIM,,"IEA (2024), World Energy Balances; Energy Balances, UN Statistics Division (2024)"
513,Europe and Northern America,2010.0,4.27,EG_EGY_PRIM,,"IEA (2024), World Energy Balances; Energy Balances, UN Statistics Division (2024)"
513,Europe and Northern America,2011.0,4.12,EG_EGY_PRIM,,"IEA (2024), World Energy Balances; Energy Balances, UN Statistics Division (2024)"
513,Europe and Northern America,2012.0,4.03,EG_EGY_PRIM,,"IEA (2024), World Energy Balances; Energy Balances, UN Statistics Division (2024)"
513,Europe and Northern America,2013.0,3.98,EG_EGY_PRIM,,"IEA (2024), World Energy Balances; Energy Balances, UN Statistics Division (2024)"
513,Europe and Northern America,2014.0,3.87,EG_EGY_PRIM,,"IEA (2024), World Energy Balances; Energy Balances, UN Statistics Division (2024)"
513,Europe and Northern America,2015.0,3.77,EG_EGY_PRIM,,"IEA (2024), World Energy Balances; Energy Balances, UN Statistics Division (2024)"
513,Europe and Northern America,2016.0,3.72,EG_EGY_PRIM,,"IEA (2024), World Energy Balances; Energy Balances, UN Statistics Division (2024)"
513,Europe and Northern America,2017.0,3.65,EG_EGY_PRIM,,"IEA (2024), World Energy Balances; Energy Balances, UN Statistics Division (2024)"
513,Europe and Northern America,2018.0,3.63,EG_EGY_PRIM,,"IEA (2024), World Energy Balances; Energy Balances, UN Statistics Division (2024)"
513,Europe and Northern America,2019.0,3.51,EG_EGY_PRIM,,"IEA (2024), World Energy Balances; Energy Balances, UN Statistics Division (2024)"
513,Europe and Northern America,2020.0,3.44,EG_EGY_PRIM,,"IEA (2024), World Energy Balances; Energy Balances, UN Statistics Division (2024)"
513,Europe and Northern America,2021.0,3.43,EG_EGY_PRIM,,"IEA (2024), World Energy Balances; Energy Balances, UN Statistics Division (2024)"
513,Europe and Northern America,2022.0,3.29,EG_EGY_PRIM,,"IEA (2024), World Energy Balances; Energy Balances, UN Statistics Division (2024)"
238,Falkland Islands (Malvinas),2000.0,,EG_EGY_PRIM,,"Energy Balances, UN Statistics Division (2024)"
238,Falkland Islands (Malvinas),2001.0,,EG_EGY_PRIM,,"Energy Balances, UN Statistics Division (2024)"
238,Falkland Islands (Malvinas),2002.0,,EG_EGY_PRIM,,"Energy Balances, UN Statistics Division (2024)"
238,Falkland Islands (Malvinas),2003.0,,EG_EGY_PRIM,,"Energy Balances, UN Statistics Division (2024)"
238,Falkland Islands (Malvinas),2004.0,,EG_EGY_PRIM,,"Energy Balances, UN Statistics Division (2024)"
238,Falkland Islands (Malvinas),2005.0,,EG_EGY_PRIM,,"Energy Balances, UN Statistics Division (2024)"
238,Falkland Islands (Malvinas),2006.0,,EG_EGY_PRIM,,"Energy Balances, UN Statistics Division (2024)"
238,Falkland Islands (Malvinas),2007.0,,EG_EGY_PRIM,,"Energy Balances, UN Statistics Division (2024)"
238,Falkland Islands (Malvinas),2008.0,,EG_EGY_PRIM,,"Energy Balances, UN Statistics Division (2024)"
238,Falkland Islands (Malvinas),2009.0,,EG_EGY_PRIM,,"Energy Balances, UN Statistics Division (2024)"
238,Falkland Islands (Malvinas),2010.0,,EG_EGY_PRIM,,"Energy Balances, UN Statistics Division (2024)"
238,Falkland Islands (Malvinas),2011.0,,EG_EGY_PRIM,,"Energy Balances, UN Statistics Division (2024)"
238,Falkland Islands (Malvinas),2012.0,,EG_EGY_PRIM,,"Energy Balances, UN Statistics Division (2024)"
238,Falkland Islands (Malvinas),2013.0,,EG_EGY_PRIM,,"Energy Balances, UN Statistics Division (2024)"
238,Falkland Islands (Malvinas),2014.0,,EG_EGY_PRIM,,"Energy Balances, UN Statistics Division (2024)"
238,Falkland Islands (Malvinas),2015.0,,EG_EGY_PRIM,,"Energy Balances, UN Statistics Division (2024)"
238,Falkland Islands (Malvinas),2016.0,,EG_EGY_PRIM,,"Energy Balances, UN Statistics Division (2024)"
238,Falkland Islands (Malvinas),2017.0,,EG_EGY_PRIM,,"Energy Balances, UN Statistics Division (2024)"
238,Falkland Islands (Malvinas),2018.0,,EG_EGY_PRIM,,"Energy Balances, UN Statistics Division (2024)"
238,Falkland Islands (Malvinas),2019.0,,EG_EGY_PRIM,,"Energy Balances, UN Statistics Division (2024)"
238,Falkland Islands (Malvinas),2020.0,,EG_EGY_PRIM,,"Energy Balances, UN Statistics Division (2024)"
238,Falkland Islands (Malvinas),2021.0,,EG_EGY_PRIM,,"Energy Balances, UN Statistics Division (2024)"
238,Falkland Islands (Malvinas),2022.0,,EG_EGY_PRIM,,"Energy Balances, UN Statistics Division (2024)"
234,Faroe Islands,2000.0,8.91,EG_EGY_PRIM,,"Energy Balances, UN Statistics Division (2024)"
234,Faroe Islands,2001.0,9.05,EG_EGY_PRIM,,"Energy Balances, UN Statistics Division (2024)"
234,Faroe Islands,2002.0,7.95,EG_EGY_PRIM,,"Energy Balances, UN Statistics Division (2024)"
234,Faroe Islands,2003.0,6.74,EG_EGY_PRIM,,"Energy Balances, UN Statistics Division (2024)"
234,Faroe Islands,2004.0,6.0,EG_EGY_PRIM,,"Energy Balances, UN Statistics Division (2024)"
234,Faroe Islands,2005.0,5.7,EG_EGY_PRIM,,"Energy Balances, UN Statistics Division (2024)"
234,Faroe Islands,2006.0,4.68,EG_EGY_PRIM,,"Energy Balances, UN Statistics Division (2024)"
234,Faroe Islands,2007.0,4.12,EG_EGY_PRIM,,"Energy Balances, UN Statistics Division (2024)"
234,Faroe Islands,2008.0,3.53,EG_EGY_PRIM,,"Energy Balances, UN Statistics Division (2024)"
234,Faroe Islands,2009.0,3.35,EG_EGY_PRIM,,"Energy Balances, UN Statistics Division (2024)"
234,Faroe Islands,2010.0,3.63,EG_EGY_PRIM,,"Energy Balances, UN Statistics Division (2024)"
234,Faroe Islands,2011.0,3.19,EG_EGY_PRIM,,"Energy Balances, UN Statistics Division (2024)"
234,Faroe Islands,2012.0,3.13,EG_EGY_PRIM,,"Energy Balances, UN Statistics Division (2024)"
234,Faroe Islands,2013.0,3.22,EG_EGY_PRIM,,"Energy Balances, UN Statistics Division (2024)"
234,Faroe Islands,2014.0,2.88,EG_EGY_PRIM,,"Energy Balances, UN Statistics Division (2024)"
234,Faroe Islands,2015.0,2.94,EG_EGY_PRIM,,"Energy Balances, UN Statistics Division (2024)"
234,Faroe Islands,2016.0,2.94,EG_EGY_PRIM,,"Energy Balances, UN Statistics Division (2024)"
234,Faroe Islands,2017.0,3.19,EG_EGY_PRIM,,"Energy Balances, UN Statistics Division (2024)"
234,Faroe Islands,2018.0,3.19,EG_EGY_PRIM,,"Energy Balances, UN Statistics Division (2024)"
234,Faroe Islands,2019.0,3.1,EG_EGY_PRIM,,"Energy Balances, UN Statistics Division (2024)"
234,Faroe Islands,2020.0,3.24,EG_EGY_PRIM,,"Energy Balances, UN Statistics Division (2024)"
234,Faroe Islands,2021.0,3.16,EG_EGY_PRIM,,"Energy Balances, UN Statistics Division (2024)"
234,Faroe Islands,2022.0,2.82,EG_EGY_PRIM,,"Energy Balances, UN Statistics Division (2024)"
242,Fiji,2000.0,2.64,EG_EGY_PRIM,,"Energy Balances, UN Statistics Division (2024)"
242,Fiji,2001.0,2.85,EG_EGY_PRIM,,"Energy Balances, UN Statistics Division (2024)"
242,Fiji,2002.0,2.59,EG_EGY_PRIM,,"Energy Balances, UN Statistics Division (2024)"
242,Fiji,2003.0,2.68,EG_EGY_PRIM,,"Energy Balances, UN Statistics Division (2024)"
242,Fiji,2004.0,3.14,EG_EGY_PRIM,,"Energy Balances, UN Statistics Division (2024)"
242,Fiji,2005.0,2.66,EG_EGY_PRIM,,"Energy Balances, UN Statistics Division (2024)"
242,Fiji,2006.0,2.85,EG_EGY_PRIM,,"Energy Balances, UN Statistics Division (2024)"
242,Fiji,2007.0,2.64,EG_EGY_PRIM,,"Energy Balances, UN Statistics Division (2024)"
242,Fiji,2008.0,2.05,EG_EGY_PRIM,,"Energy Balances, UN Statistics Division (2024)"
242,Fiji,2009.0,1.83,EG_EGY_PRIM,,"Energy Balances, UN Statistics Division (2024)"
242,Fiji,2010.0,2.15,EG_EGY_PRIM,,"Energy Balances, UN Statistics Division (2024)"
242,Fiji,2011.0,2.06,EG_EGY_PRIM,,"Energy Balances, UN Statistics Division (2024)"
242,Fiji,2012.0,1.98,EG_EGY_PRIM,,"Energy Balances, UN Statistics Division (2024)"
242,Fiji,2013.0,2.14,EG_EGY_PRIM,,"Energy Balances, UN Statistics Division (2024)"
242,Fiji,2014.0,2.28,EG_EGY_PRIM,,"Energy Balances, UN Statistics Division (2024)"
242,Fiji,2015.0,2.54,EG_EGY_PRIM,,"Energy Balances, UN Statistics Division (2024)"
242,Fiji,2016.0,2.18,EG_EGY_PRIM,,"Energy Balances, UN Statistics Division (2024)"
242,Fiji,2017.0,2.28,EG_EGY_PRIM,,"Energy Balances, UN Statistics Division (2024)"
242,Fiji,2018.0,2.21,EG_EGY_PRIM,,"Energy Balances, UN Statistics Division (2024)"
242,Fiji,2019.0,2.27,EG_EGY_PRIM,,"Energy Balances, UN Statistics Division (2024)"
242,Fiji,2020.0,2.5,EG_EGY_PRIM,,"Energy Balances, UN Statistics Division (2024)"
242,Fiji,2021.0,2.22,EG_EGY_PRIM,,"Energy Balances, UN Statistics Division (2024)"
242,Fiji,2022.0,2.26,EG_EGY_PRIM,,"Energy Balances, UN Statistics Division (2024)"
246,Finland,2000.0,5.53,EG_EGY_PRIM,,"IEA (2024), World Energy Balances"
246,Finland,2001.0,5.52,EG_EGY_PRIM,,"IEA (2024), World Energy Balances"
246,Finland,2002.0,5.72,EG_EGY_PRIM,,"IEA (2024), World Energy Balances"
246,Finland,2003.0,5.91,EG_EGY_PRIM,,"IEA (2024), World Energy Balances"
246,Finland,2004.0,5.74,EG_EGY_PRIM,,"IEA (2024), World Energy Balances"
246,Finland,2005.0,5.16,EG_EGY_PRIM,,"IEA (2024), World Energy Balances"
246,Finland,2006.0,5.39,EG_EGY_PRIM,,"IEA (2024), World Energy Balances"
246,Finland,2007.0,5.04,EG_EGY_PRIM,,"IEA (2024), World Energy Balances"
246,Finland,2008.0,4.8,EG_EGY_PRIM,,"IEA (2024), World Energy Balances"
246,Finland,2009.0,4.93,EG_EGY_PRIM,,"IEA (2024), World Energy Balances"
246,Finland,2010.0,5.23,EG_EGY_PRIM,,"IEA (2024), World Energy Balances"
246,Finland,2011.0,4.91,EG_EGY_PRIM,,"IEA (2024), World Energy Balances"
246,Finland,2012.0,4.82,EG_EGY_PRIM,,"IEA (2024), World Energy Balances"
246,Finland,2013.0,4.79,EG_EGY_PRIM,,"IEA (2024), World Energy Balances"
246,Finland,2014.0,4.92,EG_EGY_PRIM,,"IEA (2024), World Energy Balances"
246,Finland,2015.0,4.65,EG_EGY_PRIM,,"IEA (2024), World Energy Balances"
246,Finland,2016.0,4.7,EG_EGY_PRIM,,"IEA (2024), World Energy Balances"
246,Finland,2017.0,4.53,EG_EGY_PRIM,,"IEA (2024), World Energy Balances"
246,Finland,2018.0,4.55,EG_EGY_PRIM,,"IEA (2024), World Energy Balances"
246,Finland,2019.0,4.39,EG_EGY_PRIM,,"IEA (2024), World Energy Balances"
246,Finland,2020.0,4.3,EG_EGY_PRIM,,"IEA (2024), World Energy Balances"
246,Finland,2021.0,4.38,EG_EGY_PRIM,,"IEA (2024), World Energy Balances"
246,Finland,2022.0,4.1,EG_EGY_PRIM,,"IEA (2024), World Energy Balances"
250,France,2000.0,3.66,EG_EGY_PRIM,,"IEA (2024), World Energy Balances"
250,France,2001.0,3.72,EG_EGY_PRIM,,"IEA (2024), World Energy Balances"
250,France,2002.0,3.69,EG_EGY_PRIM,,"IEA (2024), World Energy Balances"
250,France,2003.0,3.74,EG_EGY_PRIM,,"IEA (2024), World Energy Balances"
250,France,2004.0,3.7,EG_EGY_PRIM,,"IEA (2024), World Energy Balances"
250,France,2005.0,3.65,EG_EGY_PRIM,,"IEA (2024), World Energy Balances"
250,France,2006.0,3.48,EG_EGY_PRIM,,"IEA (2024), World Energy Balances"
250,France,2007.0,3.36,EG_EGY_PRIM,,"IEA (2024), World Energy Balances"
250,France,2008.0,3.37,EG_EGY_PRIM,,"IEA (2024), World Energy Balances"
250,France,2009.0,3.31,EG_EGY_PRIM,,"IEA (2024), World Energy Balances"
250,France,2010.0,3.35,EG_EGY_PRIM,,"IEA (2024), World Energy Balances"
250,France,2011.0,3.21,EG_EGY_PRIM,,"IEA (2024), World Energy Balances"
250,France,2012.0,3.2,EG_EGY_PRIM,,"IEA (2024), World Energy Balances"
250,France,2013.0,3.19,EG_EGY_PRIM,,"IEA (2024), World Energy Balances"
250,France,2014.0,3.03,EG_EGY_PRIM,,"IEA (2024), World Energy Balances"
250,France,2015.0,3.05,EG_EGY_PRIM,,"IEA (2024), World Energy Balances"
250,France,2016.0,2.97,EG_EGY_PRIM,,"IEA (2024), World Energy Balances"
250,France,2017.0,2.9,EG_EGY_PRIM,,"IEA (2024), World Energy Balances"
250,France,2018.0,2.84,EG_EGY_PRIM,,"IEA (2024), World Energy Balances"
250,France,2019.0,2.74,EG_EGY_PRIM,,"IEA (2024), World Energy Balances"
250,France,2020.0,2.67,EG_EGY_PRIM,,"IEA (2024), World Energy Balances"
250,France,2021.0,2.7,EG_EGY_PRIM,,"IEA (2024), World Energy Balances"
250,France,2022.0,2.36,EG_EGY_PRIM,,"IEA (2024), World Energy Balances"
254,French Guiana,2000.0,,EG_EGY_PRIM,,"Energy Balances, UN Statistics Division (2024)"
254,French Guiana,2001.0,,EG_EGY_PRIM,,"Energy Balances, UN Statistics Division (2024)"
254,French Guiana,2002.0,,EG_EGY_PRIM,,"Energy Balances, UN Statistics Division (2024)"
254,French Guiana,2003.0,,EG_EGY_PRIM,,"Energy Balances, UN Statistics Division (2024)"
254,French Guiana,2004.0,,EG_EGY_PRIM,,"Energy Balances, UN Statistics Division (2024)"
254,French Guiana,2005.0,,EG_EGY_PRIM,,"Energy Balances, UN Statistics Division (2024)"
254,French Guiana,2006.0,,EG_EGY_PRIM,,"Energy Balances, UN Statistics Division (2024)"
254,French Guiana,2007.0,,EG_EGY_PRIM,,"Energy Balances, UN Statistics Division (2024)"
254,French Guiana,2008.0,,EG_EGY_PRIM,,"Energy Balances, UN Statistics Division (2024)"
254,French Guiana,2009.0,,EG_EGY_PRIM,,"Energy Balances, UN Statistics Division (2024)"
254,French Guiana,2010.0,,EG_EGY_PRIM,,"Energy Balances, UN Statistics Division (2024)"
254,French Guiana,2011.0,,EG_EGY_PRIM,,"Energy Balances, UN Statistics Division (2024)"
254,French Guiana,2012.0,,EG_EGY_PRIM,,"Energy Balances, UN Statistics Division (2024)"
254,French Guiana,2013.0,,EG_EGY_PRIM,,"Energy Balances, UN Statistics Division (2024)"
254,French Guiana,2014.0,,EG_EGY_PRIM,,"Energy Balances, UN Statistics Division (2024)"
254,French Guiana,2015.0,,EG_EGY_PRIM,,"Energy Balances, UN Statistics Division (2024)"
254,French Guiana,2016.0,,EG_EGY_PRIM,,"Energy Balances, UN Statistics Division (2024)"
254,French Guiana,2017.0,,EG_EGY_PRIM,,"Energy Balances, UN Statistics Division (2024)"
254,French Guiana,2018.0,,EG_EGY_PRIM,,"Energy Balances, UN Statistics Division (2024)"
254,French Guiana,2019.0,,EG_EGY_PRIM,,"Energy Balances, UN Statistics Division (2024)"
254,French Guiana,2020.0,,EG_EGY_PRIM,,"Energy Balances, UN Statistics Division (2024)"
254,French Guiana,2021.0,,EG_EGY_PRIM,,"Energy Balances, UN Statistics Division (2024)"
254,French Guiana,2022.0,,EG_EGY_PRIM,,"Energy Balances, UN Statistics Division (2024)"
258,French Polynesia,2000.0,1.85,EG_EGY_PRIM,,"Energy Balances, UN Statistics Division (2024)"
258,French Polynesia,2001.0,2.06,EG_EGY_PRIM,,"Energy Balances, UN Statistics Division (2024)"
258,French Polynesia,2002.0,2.13,EG_EGY_PRIM,,"Energy Balances, UN Statistics Division (2024)"
258,French Polynesia,2003.0,2.21,EG_EGY_PRIM,,"Energy Balances, UN Statistics Division (2024)"
258,French Polynesia,2004.0,2.17,EG_EGY_PRIM,,"Energy Balances, UN Statistics Division (2024)"
258,French Polynesia,2005.0,2.15,EG_EGY_PRIM,,"Energy Balances, UN Statistics Division (2024)"
258,French Polynesia,2006.0,2.16,EG_EGY_PRIM,,"Energy Balances, UN Statistics Division (2024)"
258,French Polynesia,2007.0,2.18,EG_EGY_PRIM,,"Energy Balances, UN Statistics Division (2024)"
258,French Polynesia,2008.0,2.22,EG_EGY_PRIM,,"Energy Balances, UN Statistics Division (2024)"
258,French Polynesia,2009.0,2.3,EG_EGY_PRIM,,"Energy Balances, UN Statistics Division (2024)"
258,French Polynesia,2010.0,2.51,EG_EGY_PRIM,,"Energy Balances, UN Statistics Division (2024)"
258,French Polynesia,2011.0,2.45,EG_EGY_PRIM,,"Energy Balances, UN Statistics Division (2024)"
258,French Polynesia,2012.0,2.45,EG_EGY_PRIM,,"Energy Balances, UN Statistics Division (2024)"
258,French Polynesia,2013.0,2.45,EG_EGY_PRIM,,"Energy Balances, UN Statistics Division (2024)"
258,French Polynesia,2014.0,2.37,EG_EGY_PRIM,,"Energy Balances, UN Statistics Division (2024)"
258,French Polynesia,2015.0,2.33,EG_EGY_PRIM,,"Energy Balances, UN Statistics Division (2024)"
258,French Polynesia,2016.0,2.34,EG_EGY_PRIM,,"Energy Balances, UN Statistics Division (2024)"
258,French Polynesia,2017.0,2.26,EG_EGY_PRIM,,"Energy Balances, UN Statistics Division (2024)"
258,French Polynesia,2018.0,2.22,EG_EGY_PRIM,,"Energy Balances, UN Statistics Division (2024)"
258,French Polynesia,2019.0,2.18,EG_EGY_PRIM,,"Energy Balances, UN Statistics Division (2024)"
258,French Polynesia,2020.0,2.2,EG_EGY_PRIM,,"Energy Balances, UN Statistics Division (2024)"
258,French Polynesia,2021.0,2.28,EG_EGY_PRIM,,"Energy Balances, UN Statistics Division (2024)"
258,French Polynesia,2022.0,2.25,EG_EGY_PRIM,,"Energy Balances, UN Statistics Division (2024)"
266,Gabon,2000.0,2.22,EG_EGY_PRIM,,"IEA (2024), World Energy Balances"
266,Gabon,2001.0,2.34,EG_EGY_PRIM,,"IEA (2024), World Energy Balances"
266,Gabon,2002.0,2.82,EG_EGY_PRIM,,"IEA (2024), World Energy Balances"
266,Gabon,2003.0,3.25,EG_EGY_PRIM,,"IEA (2024), World Energy Balances"
266,Gabon,2004.0,3.74,EG_EGY_PRIM,,"IEA (2024), World Energy Balances"
266,Gabon,2005.0,4.39,EG_EGY_PRIM,,"IEA (2024), World Energy Balances"
266,Gabon,2006.0,5.04,EG_EGY_PRIM,,"IEA (2024), World Energy Balances"
266,Gabon,2007.0,5.23,EG_EGY_PRIM,,"IEA (2024), World Energy Balances"
266,Gabon,2008.0,5.65,EG_EGY_PRIM,,"IEA (2024), World Energy Balances"
266,Gabon,2009.0,6.33,EG_EGY_PRIM,,"IEA (2024), World Energy Balances"
266,Gabon,2010.0,6.68,EG_EGY_PRIM,,"IEA (2024), World Energy Balances"
266,Gabon,2011.0,5.02,EG_EGY_PRIM,,"IEA (2024), World Energy Balances"
266,Gabon,2012.0,4.21,EG_EGY_PRIM,,"IEA (2024), World Energy Balances"
266,Gabon,2013.0,5.86,EG_EGY_PRIM,,"IEA (2024), World Energy Balances"
266,Gabon,2014.0,5.45,EG_EGY_PRIM,,"IEA (2024), World Energy Balances"
266,Gabon,2015.0,5.3,EG_EGY_PRIM,,"IEA (2024), World Energy Balances"
266,Gabon,2016.0,5.21,EG_EGY_PRIM,,"IEA (2024), World Energy Balances"
266,Gabon,2017.0,4.85,EG_EGY_PRIM,,"IEA (2024), World Energy Balances"
266,Gabon,2018.0,4.99,EG_EGY_PRIM,,"IEA (2024), World Energy Balances"
266,Gabon,2019.0,4.74,EG_EGY_PRIM,,"IEA (2024), World Energy Balances"
266,Gabon,2020.0,4.8,EG_EGY_PRIM,,"IEA (2024), World Energy Balances"
266,Gabon,2021.0,4.75,EG_EGY_PRIM,,"IEA (2024), World Energy Balances"
266,Gabon,2022.0,4.7,EG_EGY_PRIM,,"IEA (2024), World Energy Balances"
270,Gambia,2000.0,2.42,EG_EGY_PRIM,,"Energy Balances, UN Statistics Division (2024)"
270,Gambia,2001.0,2.4,EG_EGY_PRIM,,"Energy Balances, UN Statistics Division (2024)"
270,Gambia,2002.0,2.5,EG_EGY_PRIM,,"Energy Balances, UN Statistics Division (2024)"
270,Gambia,2003.0,2.36,EG_EGY_PRIM,,"Energy Balances, UN Statistics Division (2024)"
270,Gambia,2004.0,2.28,EG_EGY_PRIM,,"Energy Balances, UN Statistics Division (2024)"
270,Gambia,2005.0,2.36,EG_EGY_PRIM,,"Energy Balances, UN Statistics Division (2024)"
270,Gambia,2006.0,2.48,EG_EGY_PRIM,,"Energy Balances, UN Statistics Division (2024)"
270,Gambia,2007.0,2.49,EG_EGY_PRIM,,"Energy Balances, UN Statistics Division (2024)"
270,Gambia,2008.0,2.39,EG_EGY_PRIM,,"Energy Balances, UN Statistics Division (2024)"
270,Gambia,2009.0,2.39,EG_EGY_PRIM,,"Energy Balances, UN Statistics Division (2024)"
270,Gambia,2010.0,2.26,EG_EGY_PRIM,,"Energy Balances, UN Statistics Division (2024)"
270,Gambia,2011.0,2.51,EG_EGY_PRIM,,"Energy Balances, UN Statistics Division (2024)"
270,Gambia,2012.0,2.42,EG_EGY_PRIM,,"Energy Balances, UN Statistics Division (2024)"
270,Gambia,2013.0,2.33,EG_EGY_PRIM,,"Energy Balances, UN Statistics Division (2024)"
270,Gambia,2014.0,2.58,EG_EGY_PRIM,,"Energy Balances, UN Statistics Division (2024)"
270,Gambia,2015.0,2.69,EG_EGY_PRIM,,"Energy Balances, UN Statistics Division (2024)"
270,Gambia,2016.0,2.67,EG_EGY_PRIM,,"Energy Balances, UN Statistics Division (2024)"
270,Gambia,2017.0,2.55,EG_EGY_PRIM,,"Energy Balances, UN Statistics Division (2024)"
270,Gambia,2018.0,2.51,EG_EGY_PRIM,,"Energy Balances, UN Statistics Division (2024)"
270,Gambia,2019.0,2.5,EG_EGY_PRIM,,"Energy Balances, UN Statistics Division (2024)"
270,Gambia,2020.0,2.47,EG_EGY_PRIM,,"Energy Balances, UN Statistics Division (2024)"
270,Gambia,2021.0,2.41,EG_EGY_PRIM,,"Energy Balances, UN Statistics Division (2024)"
270,Gambia,2022.0,2.45,EG_EGY_PRIM,,"Energy Balances, UN Statistics Division (2024)"
268,Georgia,2000.0,5.21,EG_EGY_PRIM,,"IEA (2024), World Energy Balances"
268,Georgia,2001.0,4.45,EG_EGY_PRIM,,"IEA (2024), World Energy Balances"
268,Georgia,2002.0,4.18,EG_EGY_PRIM,,"IEA (2024), World Energy Balances"
268,Georgia,2003.0,3.99,EG_EGY_PRIM,,"IEA (2024), World Energy Balances"
268,Georgia,2004.0,3.88,EG_EGY_PRIM,,"IEA (2024), World Energy Balances"
268,Georgia,2005.0,3.62,EG_EGY_PRIM,,"IEA (2024), World Energy Balances"
268,Georgia,2006.0,3.53,EG_EGY_PRIM,,"IEA (2024), World Energy Balances"
268,Georgia,2007.0,3.45,EG_EGY_PRIM,,"IEA (2024), World Energy Balances"
268,Georgia,2008.0,3.03,EG_EGY_PRIM,,"IEA (2024), World Energy Balances"
268,Georgia,2009.0,3.24,EG_EGY_PRIM,,"IEA (2024), World Energy Balances"
268,Georgia,2010.0,3.06,EG_EGY_PRIM,,"IEA (2024), World Energy Balances"
268,Georgia,2011.0,3.22,EG_EGY_PRIM,,"IEA (2024), World Energy Balances"
268,Georgia,2012.0,3.15,EG_EGY_PRIM,,"IEA (2024), World Energy Balances"
268,Georgia,2013.0,3.37,EG_EGY_PRIM,,"IEA (2024), World Energy Balances"
268,Georgia,2014.0,3.45,EG_EGY_PRIM,,"IEA (2024), World Energy Balances"
268,Georgia,2015.0,3.53,EG_EGY_PRIM,,"IEA (2024), World Energy Balances"
268,Georgia,2016.0,3.53,EG_EGY_PRIM,,"IEA (2024), World Energy Balances"
268,Georgia,2017.0,3.38,EG_EGY_PRIM,,"IEA (2024), World Energy Balances"
268,Georgia,2018.0,3.16,EG_EGY_PRIM,,"IEA (2024), World Energy Balances"
268,Georgia,2019.0,3.16,EG_EGY_PRIM,,"IEA (2024), World Energy Balances"
268,Georgia,2020.0,3.26,EG_EGY_PRIM,,"IEA (2024), World Energy Balances"
268,Georgia,2021.0,3.16,EG_EGY_PRIM,,"IEA (2024), World Energy Balances"
268,Georgia,2022.0,3.08,EG_EGY_PRIM,,"IEA (2024), World Energy Balances"
276,Germany,2000.0,3.41,EG_EGY_PRIM,,"IEA (2024), World Energy Balances"
276,Germany,2001.0,3.45,EG_EGY_PRIM,,"IEA (2024), World Energy Balances"
276,Germany,2002.0,3.38,EG_EGY_PRIM,,"IEA (2024), World Energy Balances"
276,Germany,2003.0,3.39,EG_EGY_PRIM,,"IEA (2024), World Energy Balances"
276,Germany,2004.0,3.38,EG_EGY_PRIM,,"IEA (2024), World Energy Balances"
276,Germany,2005.0,3.33,EG_EGY_PRIM,,"IEA (2024), World Energy Balances"
276,Germany,2006.0,3.3,EG_EGY_PRIM,,"IEA (2024), World Energy Balances"
276,Germany,2007.0,3.05,EG_EGY_PRIM,,"IEA (2024), World Energy Balances"
276,Germany,2008.0,3.06,EG_EGY_PRIM,,"IEA (2024), World Energy Balances"
276,Germany,2009.0,3.02,EG_EGY_PRIM,,"IEA (2024), World Energy Balances"
276,Germany,2010.0,3.05,EG_EGY_PRIM,,"IEA (2024), World Energy Balances"
276,Germany,2011.0,2.79,EG_EGY_PRIM,,"IEA (2024), World Energy Balances"
276,Germany,2012.0,2.8,EG_EGY_PRIM,,"IEA (2024), World Energy Balances"
276,Germany,2013.0,2.85,EG_EGY_PRIM,,"IEA (2024), World Energy Balances"
276,Germany,2014.0,2.66,EG_EGY_PRIM,,"IEA (2024), World Energy Balances"
276,Germany,2015.0,2.63,EG_EGY_PRIM,,"IEA (2024), World Energy Balances"
276,Germany,2016.0,2.58,EG_EGY_PRIM,,"IEA (2024), World Energy Balances"
276,Germany,2017.0,2.52,EG_EGY_PRIM,,"IEA (2024), World Energy Balances"
276,Germany,2018.0,2.44,EG_EGY_PRIM,,"IEA (2024), World Energy Balances"
276,Germany,2019.0,2.36,EG_EGY_PRIM,,"IEA (2024), World Energy Balances"
276,Germany,2020.0,2.31,EG_EGY_PRIM,,"IEA (2024), World Energy Balances"
276,Germany,2021.0,2.31,EG_EGY_PRIM,,"IEA (2024), World Energy Balances"
276,Germany,2022.0,2.14,EG_EGY_PRIM,,"IEA (2024), World Energy Balances"
288,Ghana,2000.0,4.0,EG_EGY_PRIM,,"IEA (2024), World Energy Balances"
288,Ghana,2001.0,3.85,EG_EGY_PRIM,,"IEA (2024), World Energy Balances"
288,Ghana,2002.0,3.67,EG_EGY_PRIM,,"IEA (2024), World Energy Balances"
288,Ghana,2003.0,3.32,EG_EGY_PRIM,,"IEA (2024), World Energy Balances"
288,Ghana,2004.0,3.11,EG_EGY_PRIM,,"IEA (2024), World Energy Balances"
288,Ghana,2005.0,2.91,EG_EGY_PRIM,,"IEA (2024), World Energy Balances"
288,Ghana,2006.0,2.97,EG_EGY_PRIM,,"IEA (2024), World Energy Balances"
288,Ghana,2007.0,2.81,EG_EGY_PRIM,,"IEA (2024), World Energy Balances"
288,Ghana,2008.0,2.75,EG_EGY_PRIM,,"IEA (2024), World Energy Balances"
288,Ghana,2009.0,2.66,EG_EGY_PRIM,,"IEA (2024), World Energy Balances"
288,Ghana,2010.0,2.73,EG_EGY_PRIM,,"IEA (2024), World Energy Balances"
288,Ghana,2011.0,2.52,EG_EGY_PRIM,,"IEA (2024), World Energy Balances"
288,Ghana,2012.0,2.58,EG_EGY_PRIM,,"IEA (2024), World Energy Balances"
288,Ghana,2013.0,2.42,EG_EGY_PRIM,,"IEA (2024), World Energy Balances"
288,Ghana,2014.0,2.39,EG_EGY_PRIM,,"IEA (2024), World Energy Balances"
288,Ghana,2015.0,2.46,EG_EGY_PRIM,,"IEA (2024), World Energy Balances"
288,Ghana,2016.0,2.42,EG_EGY_PRIM,,"IEA (2024), World Energy Balances"
288,Ghana,2017.0,2.25,EG_EGY_PRIM,,"IEA (2024), World Energy Balances"
288,Ghana,2018.0,2.35,EG_EGY_PRIM,,"IEA (2024), World Energy Balances"
288,Ghana,2019.0,2.28,EG_EGY_PRIM,,"IEA (2024), World Energy Balances"
288,Ghana,2020.0,2.4,EG_EGY_PRIM,,"IEA (2024), World Energy Balances"
288,Ghana,2021.0,2.29,EG_EGY_PRIM,,"IEA (2024), World Energy Balances"
288,Ghana,2022.0,2.23,EG_EGY_PRIM,,"IEA (2024), World Energy Balances"
292,Gibraltar,2000.0,,EG_EGY_PRIM,,"IEA (2024), World Energy Balances"
292,Gibraltar,2001.0,,EG_EGY_PRIM,,"IEA (2024), World Energy Balances"
292,Gibraltar,2002.0,,EG_EGY_PRIM,,"IEA (2024), World Energy Balances"
292,Gibraltar,2003.0,,EG_EGY_PRIM,,"IEA (2024), World Energy Balances"
292,Gibraltar,2004.0,,EG_EGY_PRIM,,"IEA (2024), World Energy Balances"
292,Gibraltar,2005.0,,EG_EGY_PRIM,,"IEA (2024), World Energy Balances"
292,Gibraltar,2006.0,,EG_EGY_PRIM,,"IEA (2024), World Energy Balances"
292,Gibraltar,2007.0,,EG_EGY_PRIM,,"IEA (2024), World Energy Balances"
292,Gibraltar,2008.0,,EG_EGY_PRIM,,"IEA (2024), World Energy Balances"
292,Gibraltar,2009.0,,EG_EGY_PRIM,,"IEA (2024), World Energy Balances"
292,Gibraltar,2010.0,,EG_EGY_PRIM,,"IEA (2024), World Energy Balances"
292,Gibraltar,2011.0,,EG_EGY_PRIM,,"IEA (2024), World Energy Balances"
292,Gibraltar,2012.0,,EG_EGY_PRIM,,"IEA (2024), World Energy Balances"
292,Gibraltar,2013.0,,EG_EGY_PRIM,,"IEA (2024), World Energy Balances"
292,Gibraltar,2014.0,,EG_EGY_PRIM,,"IEA (2024), World Energy Balances"
292,Gibraltar,2015.0,,EG_EGY_PRIM,,"IEA (2024), World Energy Balances"
292,Gibraltar,2016.0,,EG_EGY_PRIM,,"IEA (2024), World Energy Balances"
292,Gibraltar,2017.0,,EG_EGY_PRIM,,"IEA (2024), World Energy Balances"
292,Gibraltar,2018.0,,EG_EGY_PRIM,,"IEA (2024), World Energy Balances"
292,Gibraltar,2019.0,,EG_EGY_PRIM,,"IEA (2024), World Energy Balances"
292,Gibraltar,2020.0,,EG_EGY_PRIM,,"IEA (2024), World Energy Balances"
292,Gibraltar,2021.0,,EG_EGY_PRIM,,"IEA (2024), World Energy Balances"
292,Gibraltar,2022.0,,EG_EGY_PRIM,,"IEA (2024), World Energy Balances"
300,Greece,2000.0,3.24,EG_EGY_PRIM,,"IEA (2024), World Energy Balances"
300,Greece,2001.0,3.22,EG_EGY_PRIM,,"IEA (2024), World Energy Balances"
300,Greece,2002.0,3.13,EG_EGY_PRIM,,"IEA (2024), World Energy Balances"
300,Greece,2003.0,3.04,EG_EGY_PRIM,,"IEA (2024), World Energy Balances"
300,Greece,2004.0,2.95,EG_EGY_PRIM,,"IEA (2024), World Energy Balances"
300,Greece,2005.0,2.99,EG_EGY_PRIM,,"IEA (2024), World Energy Balances"
300,Greece,2006.0,2.83,EG_EGY_PRIM,,"IEA (2024), World Energy Balances"
300,Greece,2007.0,2.73,EG_EGY_PRIM,,"IEA (2024), World Energy Balances"
300,Greece,2008.0,2.76,EG_EGY_PRIM,,"IEA (2024), World Energy Balances"
300,Greece,2009.0,2.79,EG_EGY_PRIM,,"IEA (2024), World Energy Balances"
300,Greece,2010.0,2.77,EG_EGY_PRIM,,"IEA (2024), World Energy Balances"
300,Greece,2011.0,2.99,EG_EGY_PRIM,,"IEA (2024), World Energy Balances"
300,Greece,2012.0,3.2,EG_EGY_PRIM,,"IEA (2024), World Energy Balances"
300,Greece,2013.0,2.88,EG_EGY_PRIM,,"IEA (2024), World Energy Balances"
300,Greece,2014.0,2.84,EG_EGY_PRIM,,"IEA (2024), World Energy Balances"
300,Greece,2015.0,2.86,EG_EGY_PRIM,,"IEA (2024), World Energy Balances"
300,Greece,2016.0,2.81,EG_EGY_PRIM,,"IEA (2024), World Energy Balances"
300,Greece,2017.0,2.82,EG_EGY_PRIM,,"IEA (2024), World Energy Balances"
300,Greece,2018.0,2.69,EG_EGY_PRIM,,"IEA (2024), World Energy Balances"
300,Greece,2019.0,2.6,EG_EGY_PRIM,,"IEA (2024), World Energy Balances"
300,Greece,2020.0,2.56,EG_EGY_PRIM,,"IEA (2024), World Energy Balances"
300,Greece,2021.0,2.44,EG_EGY_PRIM,,"IEA (2024), World Energy Balances"
300,Greece,2022.0,2.33,EG_EGY_PRIM,,"IEA (2024), World Energy Balances"
304,Greenland,2000.0,2.84,EG_EGY_PRIM,,"Energy Balances, UN Statistics Division (2024)"
304,Greenland,2001.0,2.84,EG_EGY_PRIM,,"Energy Balances, UN Statistics Division (2024)"
304,Greenland,2002.0,2.83,EG_EGY_PRIM,,"Energy Balances, UN Statistics Division (2024)"
304,Greenland,2003.0,2.74,EG_EGY_PRIM,,"Energy Balances, UN Statistics Division (2024)"
304,Greenland,2004.0,3.24,EG_EGY_PRIM,,"Energy Balances, UN Statistics Division (2024)"
304,Greenland,2005.0,3.24,EG_EGY_PRIM,,"Energy Balances, UN Statistics Division (2024)"
304,Greenland,2006.0,3.11,EG_EGY_PRIM,,"Energy Balances, UN Statistics Division (2024)"
304,Greenland,2007.0,3.11,EG_EGY_PRIM,,"Energy Balances, UN Statistics Division (2024)"
304,Greenland,2008.0,3.04,EG_EGY_PRIM,,"Energy Balances, UN Statistics Division (2024)"
304,Greenland,2009.0,2.7,EG_EGY_PRIM,,"Energy Balances, UN Statistics Division (2024)"
304,Greenland,2010.0,3.05,EG_EGY_PRIM,,"Energy Balances, UN Statistics Division (2024)"
304,Greenland,2011.0,3.3,EG_EGY_PRIM,,"Energy Balances, UN Statistics Division (2024)"
304,Greenland,2012.0,2.68,EG_EGY_PRIM,,"Energy Balances, UN Statistics Division (2024)"
304,Greenland,2013.0,2.64,EG_EGY_PRIM,,"Energy Balances, UN Statistics Division (2024)"
304,Greenland,2014.0,2.37,EG_EGY_PRIM,,"Energy Balances, UN Statistics Division (2024)"
304,Greenland,2015.0,2.49,EG_EGY_PRIM,,"Energy Balances, UN Statistics Division (2024)"
304,Greenland,2016.0,2.35,EG_EGY_PRIM,,"Energy Balances, UN Statistics Division (2024)"
304,Greenland,2017.0,2.4,EG_EGY_PRIM,,"Energy Balances, UN Statistics Division (2024)"
304,Greenland,2018.0,2.53,EG_EGY_PRIM,,"Energy Balances, UN Statistics Division (2024)"
304,Greenland,2019.0,2.51,EG_EGY_PRIM,,"Energy Balances, UN Statistics Division (2024)"
304,Greenland,2020.0,2.44,EG_EGY_PRIM,,"Energy Balances, UN Statistics Division (2024)"
304,Greenland,2021.0,2.44,EG_EGY_PRIM,,"Energy Balances, UN Statistics Division (2024)"
304,Greenland,2022.0,,EG_EGY_PRIM,,"Energy Balances, UN Statistics Division (2024)"
308,Grenada,2000.0,2.34,EG_EGY_PRIM,,"Energy Balances, UN Statistics Division (2024)"
308,Grenada,2001.0,2.45,EG_EGY_PRIM,,"Energy Balances, UN Statistics Division (2024)"
308,Grenada,2002.0,2.47,EG_EGY_PRIM,,"Energy Balances, UN Statistics Division (2024)"
308,Grenada,2003.0,2.39,EG_EGY_PRIM,,"Energy Balances, UN Statistics Division (2024)"
308,Grenada,2004.0,2.34,EG_EGY_PRIM,,"Energy Balances, UN Statistics Division (2024)"
308,Grenada,2005.0,2.17,EG_EGY_PRIM,,"Energy Balances, UN Statistics Division (2024)"
308,Grenada,2006.0,2.34,EG_EGY_PRIM,,"Energy Balances, UN Statistics Division (2024)"
308,Grenada,2007.0,2.34,EG_EGY_PRIM,,"Energy Balances, UN Statistics Division (2024)"
308,Grenada,2008.0,2.48,EG_EGY_PRIM,,"Energy Balances, UN Statistics Division (2024)"
308,Grenada,2009.0,2.58,EG_EGY_PRIM,,"Energy Balances, UN Statistics Division (2024)"
308,Grenada,2010.0,2.65,EG_EGY_PRIM,,"Energy Balances, UN Statistics Division (2024)"
308,Grenada,2011.0,2.57,EG_EGY_PRIM,,"Energy Balances, UN Statistics Division (2024)"
308,Grenada,2012.0,2.76,EG_EGY_PRIM,,"Energy Balances, UN Statistics Division (2024)"
308,Grenada,2013.0,2.99,EG_EGY_PRIM,,"Energy Balances, UN Statistics Division (2024)"
308,Grenada,2014.0,2.32,EG_EGY_PRIM,,"Energy Balances, UN Statistics Division (2024)"
308,Grenada,2015.0,2.33,EG_EGY_PRIM,,"Energy Balances, UN Statistics Division (2024)"
308,Grenada,2016.0,2.35,EG_EGY_PRIM,,"Energy Balances, UN Statistics Division (2024)"
308,Grenada,2017.0,2.39,EG_EGY_PRIM,,"Energy Balances, UN Statistics Division (2024)"
308,Grenada,2018.0,2.42,EG_EGY_PRIM,,"Energy Balances, UN Statistics Division (2024)"
308,Grenada,2019.0,2.59,EG_EGY_PRIM,,"Energy Balances, UN Statistics Division (2024)"
308,Grenada,2020.0,2.59,EG_EGY_PRIM,,"Energy Balances, UN Statistics Division (2024)"
308,Grenada,2021.0,2.65,EG_EGY_PRIM,,"Energy Balances, UN Statistics Division (2024)"
308,Grenada,2022.0,2.7,EG_EGY_PRIM,,"Energy Balances, UN Statistics Division (2024)"
312,Guadeloupe,2000.0,,EG_EGY_PRIM,,"Energy Balances, UN Statistics Division (2024)"
312,Guadeloupe,2001.0,,EG_EGY_PRIM,,"Energy Balances, UN Statistics Division (2024)"
312,Guadeloupe,2002.0,,EG_EGY_PRIM,,"Energy Balances, UN Statistics Division (2024)"
312,Guadeloupe,2003.0,,EG_EGY_PRIM,,"Energy Balances, UN Statistics Division (2024)"
312,Guadeloupe,2004.0,,EG_EGY_PRIM,,"Energy Balances, UN Statistics Division (2024)"
312,Guadeloupe,2005.0,,EG_EGY_PRIM,,"Energy Balances, UN Statistics Division (2024)"
312,Guadeloupe,2006.0,,EG_EGY_PRIM,,"Energy Balances, UN Statistics Division (2024)"
312,Guadeloupe,2007.0,,EG_EGY_PRIM,,"Energy Balances, UN Statistics Division (2024)"
312,Guadeloupe,2008.0,,EG_EGY_PRIM,,"Energy Balances, UN Statistics Division (2024)"
312,Guadeloupe,2009.0,,EG_EGY_PRIM,,"Energy Balances, UN Statistics Division (2024)"
312,Guadeloupe,2010.0,,EG_EGY_PRIM,,"Energy Balances, UN Statistics Division (2024)"
312,Guadeloupe,2011.0,,EG_EGY_PRIM,,"Energy Balances, UN Statistics Division (2024)"
312,Guadeloupe,2012.0,,EG_EGY_PRIM,,"Energy Balances, UN Statistics Division (2024)"
312,Guadeloupe,2013.0,,EG_EGY_PRIM,,"Energy Balances, UN Statistics Division (2024)"
312,Guadeloupe,2014.0,,EG_EGY_PRIM,,"Energy Balances, UN Statistics Division (2024)"
312,Guadeloupe,2015.0,,EG_EGY_PRIM,,"Energy Balances, UN Statistics Division (2024)"
312,Guadeloupe,2016.0,,EG_EGY_PRIM,,"Energy Balances, UN Statistics Division (2024)"
312,Guadeloupe,2017.0,,EG_EGY_PRIM,,"Energy Balances, UN Statistics Division (2024)"
312,Guadeloupe,2018.0,,EG_EGY_PRIM,,"Energy Balances, UN Statistics Division (2024)"
312,Guadeloupe,2019.0,,EG_EGY_PRIM,,"Energy Balances, UN Statistics Division (2024)"
312,Guadeloupe,2020.0,,EG_EGY_PRIM,,"Energy Balances, UN Statistics Division (2024)"
312,Guadeloupe,2021.0,,EG_EGY_PRIM,,"Energy Balances, UN Statistics Division (2024)"
312,Guadeloupe,2022.0,,EG_EGY_PRIM,,"Energy Balances, UN Statistics Division (2024)"
316,Guam,2000.0,,EG_EGY_PRIM,,"Energy Balances, UN Statistics Division (2024)"
316,Guam,2001.0,,EG_EGY_PRIM,,"Energy Balances, UN Statistics Division (2024)"
316,Guam,2002.0,,EG_EGY_PRIM,,"Energy Balances, UN Statistics Division (2024)"
316,Guam,2003.0,,EG_EGY_PRIM,,"Energy Balances, UN Statistics Division (2024)"
316,Guam,2004.0,,EG_EGY_PRIM,,"Energy Balances, UN Statistics Division (2024)"
316,Guam,2005.0,,EG_EGY_PRIM,,"Energy Balances, UN Statistics Division (2024)"
316,Guam,2006.0,,EG_EGY_PRIM,,"Energy Balances, UN Statistics Division (2024)"
316,Guam,2007.0,,EG_EGY_PRIM,,"Energy Balances, UN Statistics Division (2024)"
316,Guam,2008.0,,EG_EGY_PRIM,,"Energy Balances, UN Statistics Division (2024)"
316,Guam,2009.0,,EG_EGY_PRIM,,"Energy Balances, UN Statistics Division (2024)"
316,Guam,2010.0,,EG_EGY_PRIM,,"Energy Balances, UN Statistics Division (2024)"
316,Guam,2011.0,,EG_EGY_PRIM,,"Energy Balances, UN Statistics Division (2024)"
316,Guam,2012.0,,EG_EGY_PRIM,,"Energy Balances, UN Statistics Division (2024)"
316,Guam,2013.0,,EG_EGY_PRIM,,"Energy Balances, UN Statistics Division (2024)"
316,Guam,2014.0,,EG_EGY_PRIM,,"Energy Balances, UN Statistics Division (2024)"
316,Guam,2015.0,,EG_EGY_PRIM,,"Energy Balances, UN Statistics Division (2024)"
316,Guam,2016.0,,EG_EGY_PRIM,,"Energy Balances, UN Statistics Division (2024)"
316,Guam,2017.0,,EG_EGY_PRIM,,"Energy Balances, UN Statistics Division (2024)"
316,Guam,2018.0,,EG_EGY_PRIM,,"Energy Balances, UN Statistics Division (2024)"
316,Guam,2019.0,,EG_EGY_PRIM,,"Energy Balances, UN Statistics Division (2024)"
316,Guam,2020.0,,EG_EGY_PRIM,,"Energy Balances, UN Statistics Division (2024)"
316,Guam,2021.0,,EG_EGY_PRIM,,"Energy Balances, UN Statistics Division (2024)"
316,Guam,2022.0,,EG_EGY_PRIM,,"Energy Balances, UN Statistics Division (2024)"
320,Guatemala,2000.0,2.96,EG_EGY_PRIM,,"IEA (2024), World Energy Balances"
320,Guatemala,2001.0,2.95,EG_EGY_PRIM,,"IEA (2024), World Energy Balances"
320,Guatemala,2002.0,3.25,EG_EGY_PRIM,,"IEA (2024), World Energy Balances"
320,Guatemala,2003.0,3.24,EG_EGY_PRIM,,"IEA (2024), World Energy Balances"
320,Guatemala,2004.0,3.23,EG_EGY_PRIM,,"IEA (2024), World Energy Balances"
320,Guatemala,2005.0,3.2,EG_EGY_PRIM,,"IEA (2024), World Energy Balances"
320,Guatemala,2006.0,3.06,EG_EGY_PRIM,,"IEA (2024), World Energy Balances"
320,Guatemala,2007.0,3.09,EG_EGY_PRIM,,"IEA (2024), World Energy Balances"
320,Guatemala,2008.0,2.91,EG_EGY_PRIM,,"IEA (2024), World Energy Balances"
320,Guatemala,2009.0,3.1,EG_EGY_PRIM,,"IEA (2024), World Energy Balances"
320,Guatemala,2010.0,3.04,EG_EGY_PRIM,,"IEA (2024), World Energy Balances"
320,Guatemala,2011.0,2.98,EG_EGY_PRIM,,"IEA (2024), World Energy Balances"
320,Guatemala,2012.0,3.03,EG_EGY_PRIM,,"IEA (2024), World Energy Balances"
320,Guatemala,2013.0,3.0,EG_EGY_PRIM,,"IEA (2024), World Energy Balances"
320,Guatemala,2014.0,3.0,EG_EGY_PRIM,,"IEA (2024), World Energy Balances"
320,Guatemala,2015.0,3.05,EG_EGY_PRIM,,"IEA (2024), World Energy Balances"
320,Guatemala,2016.0,3.21,EG_EGY_PRIM,,"IEA (2024), World Energy Balances"
320,Guatemala,2017.0,3.11,EG_EGY_PRIM,,"IEA (2024), World Energy Balances"
320,Guatemala,2018.0,3.12,EG_EGY_PRIM,,"IEA (2024), World Energy Balances"
320,Guatemala,2019.0,3.11,EG_EGY_PRIM,,"IEA (2024), World Energy Balances"
320,Guatemala,2020.0,3.11,EG_EGY_PRIM,,"IEA (2024), World Energy Balances"
320,Guatemala,2021.0,3.27,EG_EGY_PRIM,,"IEA (2024), World Energy Balances"
320,Guatemala,2022.0,3.08,EG_EGY_PRIM,,"IEA (2024), World Energy Balances"
831,Guernsey,2000.0,,EG_EGY_PRIM,,"Energy Balances, UN Statistics Division (2024)"
831,Guernsey,2001.0,,EG_EGY_PRIM,,"Energy Balances, UN Statistics Division (2024)"
831,Guernsey,2002.0,,EG_EGY_PRIM,,"Energy Balances, UN Statistics Division (2024)"
831,Guernsey,2003.0,,EG_EGY_PRIM,,"Energy Balances, UN Statistics Division (2024)"
831,Guernsey,2004.0,,EG_EGY_PRIM,,"Energy Balances, UN Statistics Division (2024)"
831,Guernsey,2005.0,,EG_EGY_PRIM,,"Energy Balances, UN Statistics Division (2024)"
831,Guernsey,2006.0,,EG_EGY_PRIM,,"Energy Balances, UN Statistics Division (2024)"
831,Guernsey,2007.0,,EG_EGY_PRIM,,"Energy Balances, UN Statistics Division (2024)"
831,Guernsey,2008.0,,EG_EGY_PRIM,,"Energy Balances, UN Statistics Division (2024)"
831,Guernsey,2009.0,,EG_EGY_PRIM,,"Energy Balances, UN Statistics Division (2024)"
831,Guernsey,2010.0,,EG_EGY_PRIM,,"Energy Balances, UN Statistics Division (2024)"
831,Guernsey,2011.0,,EG_EGY_PRIM,,"Energy Balances, UN Statistics Division (2024)"
831,Guernsey,2012.0,,EG_EGY_PRIM,,"Energy Balances, UN Statistics Division (2024)"
831,Guernsey,2013.0,,EG_EGY_PRIM,,"Energy Balances, UN Statistics Division (2024)"
831,Guernsey,2014.0,,EG_EGY_PRIM,,"Energy Balances, UN Statistics Division (2024)"
831,Guernsey,2015.0,,EG_EGY_PRIM,,"Energy Balances, UN Statistics Division (2024)"
831,Guernsey,2016.0,,EG_EGY_PRIM,,"Energy Balances, UN Statistics Division (2024)"
831,Guernsey,2017.0,,EG_EGY_PRIM,,"Energy Balances, UN Statistics Division (2024)"
831,Guernsey,2018.0,,EG_EGY_PRIM,,"Energy Balances, UN Statistics Division (2024)"
831,Guernsey,2019.0,,EG_EGY_PRIM,,"Energy Balances, UN Statistics Division (2024)"
831,Guernsey,2020.0,,EG_EGY_PRIM,,"Energy Balances, UN Statistics Division (2024)"
831,Guernsey,2021.0,,EG_EGY_PRIM,,"Energy Balances, UN Statistics Division (2024)"
831,Guernsey,2022.0,,EG_EGY_PRIM,,"Energy Balances, UN Statistics Division (2024)"
324,Guinea,2000.0,5.03,EG_EGY_PRIM,,"Energy Balances, UN Statistics Division (2024)"
324,Guinea,2001.0,5.01,EG_EGY_PRIM,,"Energy Balances, UN Statistics Division (2024)"
324,Guinea,2002.0,4.91,EG_EGY_PRIM,,"Energy Balances, UN Statistics Division (2024)"
324,Guinea,2003.0,4.96,EG_EGY_PRIM,,"Energy Balances, UN Statistics Division (2024)"
324,Guinea,2004.0,5.0,EG_EGY_PRIM,,"Energy Balances, UN Statistics Division (2024)"
324,Guinea,2005.0,4.98,EG_EGY_PRIM,,"Energy Balances, UN Statistics Division (2024)"
324,Guinea,2006.0,4.97,EG_EGY_PRIM,,"Energy Balances, UN Statistics Division (2024)"
324,Guinea,2007.0,4.81,EG_EGY_PRIM,,"Energy Balances, UN Statistics Division (2024)"
324,Guinea,2008.0,4.71,EG_EGY_PRIM,,"Energy Balances, UN Statistics Division (2024)"
324,Guinea,2009.0,4.94,EG_EGY_PRIM,,"Energy Balances, UN Statistics Division (2024)"
324,Guinea,2010.0,5.02,EG_EGY_PRIM,,"Energy Balances, UN Statistics Division (2024)"
324,Guinea,2011.0,4.86,EG_EGY_PRIM,,"Energy Balances, UN Statistics Division (2024)"
324,Guinea,2012.0,4.62,EG_EGY_PRIM,,"Energy Balances, UN Statistics Division (2024)"
324,Guinea,2013.0,4.36,EG_EGY_PRIM,,"Energy Balances, UN Statistics Division (2024)"
324,Guinea,2014.0,4.42,EG_EGY_PRIM,,"Energy Balances, UN Statistics Division (2024)"
324,Guinea,2015.0,4.4,EG_EGY_PRIM,,"Energy Balances, UN Statistics Division (2024)"
324,Guinea,2016.0,4.11,EG_EGY_PRIM,,"Energy Balances, UN Statistics Division (2024)"
324,Guinea,2017.0,4.55,EG_EGY_PRIM,,"Energy Balances, UN Statistics Division (2024)"
324,Guinea,2018.0,3.94,EG_EGY_PRIM,,"Energy Balances, UN Statistics Division (2024)"
324,Guinea,2019.0,3.85,EG_EGY_PRIM,,"Energy Balances, UN Statistics Division (2024)"
324,Guinea,2020.0,3.79,EG_EGY_PRIM,,"Energy Balances, UN Statistics Division (2024)"
324,Guinea,2021.0,3.59,EG_EGY_PRIM,,"Energy Balances, UN Statistics Division (2024)"
324,Guinea,2022.0,3.48,EG_EGY_PRIM,,"Energy Balances, UN Statistics Division (2024)"
624,Guinea-Bissau,2000.0,7.74,EG_EGY_PRIM,,"Energy Balances, UN Statistics Division (2024)"
624,Guinea-Bissau,2001.0,7.2,EG_EGY_PRIM,,"Energy Balances, UN Statistics Division (2024)"
624,Guinea-Bissau,2002.0,6.87,EG_EGY_PRIM,,"Energy Balances, UN Statistics Division (2024)"
624,Guinea-Bissau,2003.0,6.81,EG_EGY_PRIM,,"Energy Balances, UN Statistics Division (2024)"
624,Guinea-Bissau,2004.0,6.42,EG_EGY_PRIM,,"Energy Balances, UN Statistics Division (2024)"
624,Guinea-Bissau,2005.0,6.38,EG_EGY_PRIM,,"Energy Balances, UN Statistics Division (2024)"
624,Guinea-Bissau,2006.0,6.44,EG_EGY_PRIM,,"Energy Balances, UN Statistics Division (2024)"
624,Guinea-Bissau,2007.0,6.2,EG_EGY_PRIM,,"Energy Balances, UN Statistics Division (2024)"
624,Guinea-Bissau,2008.0,6.16,EG_EGY_PRIM,,"Energy Balances, UN Statistics Division (2024)"
624,Guinea-Bissau,2009.0,6.02,EG_EGY_PRIM,,"Energy Balances, UN Statistics Division (2024)"
624,Guinea-Bissau,2010.0,5.64,EG_EGY_PRIM,,"Energy Balances, UN Statistics Division (2024)"
624,Guinea-Bissau,2011.0,5.46,EG_EGY_PRIM,,"Energy Balances, UN Statistics Division (2024)"
624,Guinea-Bissau,2012.0,6.05,EG_EGY_PRIM,,"Energy Balances, UN Statistics Division (2024)"
624,Guinea-Bissau,2013.0,5.67,EG_EGY_PRIM,,"Energy Balances, UN Statistics Division (2024)"
624,Guinea-Bissau,2014.0,5.63,EG_EGY_PRIM,,"Energy Balances, UN Statistics Division (2024)"
624,Guinea-Bissau,2015.0,5.43,EG_EGY_PRIM,,"Energy Balances, UN Statistics Division (2024)"
624,Guinea-Bissau,2016.0,5.29,EG_EGY_PRIM,,"Energy Balances, UN Statistics Division (2024)"
624,Guinea-Bissau,2017.0,5.14,EG_EGY_PRIM,,"Energy Balances, UN Statistics Division (2024)"
624,Guinea-Bissau,2018.0,5.02,EG_EGY_PRIM,,"Energy Balances, UN Statistics Division (2024)"
624,Guinea-Bissau,2019.0,3.95,EG_EGY_PRIM,,"Energy Balances, UN Statistics Division (2024)"
624,Guinea-Bissau,2020.0,4.17,EG_EGY_PRIM,,"Energy Balances, UN Statistics Division (2024)"
624,Guinea-Bissau,2021.0,4.31,EG_EGY_PRIM,,"Energy Balances, UN Statistics Division (2024)"
624,Guinea-Bissau,2022.0,4.16,EG_EGY_PRIM,,"Energy Balances, UN Statistics Division (2024)"
328,Guyana,2000.0,5.8,EG_EGY_PRIM,,"Energy Balances, UN Statistics Division (2024)"
328,Guyana,2001.0,5.71,EG_EGY_PRIM,,"Energy Balances, UN Statistics Division (2024)"
328,Guyana,2002.0,5.79,EG_EGY_PRIM,,"Energy Balances, UN Statistics Division (2024)"
328,Guyana,2003.0,6.07,EG_EGY_PRIM,,"Energy Balances, UN Statistics Division (2024)"
328,Guyana,2004.0,6.26,EG_EGY_PRIM,,"Energy Balances, UN Statistics Division (2024)"
328,Guyana,2005.0,5.38,EG_EGY_PRIM,,"Energy Balances, UN Statistics Division (2024)"
328,Guyana,2006.0,4.89,EG_EGY_PRIM,,"Energy Balances, UN Statistics Division (2024)"
328,Guyana,2007.0,5.12,EG_EGY_PRIM,,"Energy Balances, UN Statistics Division (2024)"
328,Guyana,2008.0,4.78,EG_EGY_PRIM,,"Energy Balances, UN Statistics Division (2024)"
328,Guyana,2009.0,4.99,EG_EGY_PRIM,,"Energy Balances, UN Statistics Division (2024)"
328,Guyana,2010.0,4.69,EG_EGY_PRIM,,"Energy Balances, UN Statistics Division (2024)"
328,Guyana,2011.0,4.78,EG_EGY_PRIM,,"Energy Balances, UN Statistics Division (2024)"
328,Guyana,2012.0,4.36,EG_EGY_PRIM,,"Energy Balances, UN Statistics Division (2024)"
328,Guyana,2013.0,3.98,EG_EGY_PRIM,,"Energy Balances, UN Statistics Division (2024)"
328,Guyana,2014.0,3.98,EG_EGY_PRIM,,"Energy Balances, UN Statistics Division (2024)"
328,Guyana,2015.0,3.97,EG_EGY_PRIM,,"Energy Balances, UN Statistics Division (2024)"
328,Guyana,2016.0,4.13,EG_EGY_PRIM,,"Energy Balances, UN Statistics Division (2024)"
328,Guyana,2017.0,3.92,EG_EGY_PRIM,,"Energy Balances, UN Statistics Division (2024)"
328,Guyana,2018.0,3.83,EG_EGY_PRIM,,"Energy Balances, UN Statistics Division (2024)"
328,Guyana,2019.0,3.92,EG_EGY_PRIM,,"Energy Balances, UN Statistics Division (2024)"
328,Guyana,2020.0,2.7,EG_EGY_PRIM,,"Energy Balances, UN Statistics Division (2024)"
328,Guyana,2021.0,2.39,EG_EGY_PRIM,,"Energy Balances, UN Statistics Division (2024)"
328,Guyana,2022.0,2.09,EG_EGY_PRIM,,"Energy Balances, UN Statistics Division (2024)"
332,Haiti,2000.0,4.71,EG_EGY_PRIM,,"IEA (2024), World Energy Balances"
332,Haiti,2001.0,4.65,EG_EGY_PRIM,,"IEA (2024), World Energy Balances"
332,Haiti,2002.0,4.77,EG_EGY_PRIM,,"IEA (2024), World Energy Balances"
332,Haiti,2003.0,4.63,EG_EGY_PRIM,,"IEA (2024), World Energy Balances"
332,Haiti,2004.0,4.78,EG_EGY_PRIM,,"IEA (2024), World Energy Balances"
332,Haiti,2005.0,4.79,EG_EGY_PRIM,,"IEA (2024), World Energy Balances"
332,Haiti,2006.0,4.85,EG_EGY_PRIM,,"IEA (2024), World Energy Balances"
332,Haiti,2007.0,4.74,EG_EGY_PRIM,,"IEA (2024), World Energy Balances"
332,Haiti,2008.0,4.67,EG_EGY_PRIM,,"IEA (2024), World Energy Balances"
332,Haiti,2009.0,4.6,EG_EGY_PRIM,,"IEA (2024), World Energy Balances"
332,Haiti,2010.0,5.08,EG_EGY_PRIM,,"IEA (2024), World Energy Balances"
332,Haiti,2011.0,5.06,EG_EGY_PRIM,,"IEA (2024), World Energy Balances"
332,Haiti,2012.0,5.19,EG_EGY_PRIM,,"IEA (2024), World Energy Balances"
332,Haiti,2013.0,5.13,EG_EGY_PRIM,,"IEA (2024), World Energy Balances"
332,Haiti,2014.0,4.94,EG_EGY_PRIM,,"IEA (2024), World Energy Balances"
332,Haiti,2015.0,4.88,EG_EGY_PRIM,,"IEA (2024), World Energy Balances"
332,Haiti,2016.0,4.96,EG_EGY_PRIM,,"IEA (2024), World Energy Balances"
332,Haiti,2017.0,4.93,EG_EGY_PRIM,,"IEA (2024), World Energy Balances"
332,Haiti,2018.0,5.02,EG_EGY_PRIM,,"IEA (2024), World Energy Balances"
332,Haiti,2019.0,5.06,EG_EGY_PRIM,,"IEA (2024), World Energy Balances"
332,Haiti,2020.0,5.15,EG_EGY_PRIM,,"IEA (2024), World Energy Balances"
332,Haiti,2021.0,5.41,EG_EGY_PRIM,,"IEA (2024), World Energy Balances"
332,Haiti,2022.0,5.17,EG_EGY_PRIM,,"IEA (2024), World Energy Balances"
340,Honduras,2000.0,4.17,EG_EGY_PRIM,,"IEA (2024), World Energy Balances"
340,Honduras,2001.0,4.38,EG_EGY_PRIM,,"IEA (2024), World Energy Balances"
340,Honduras,2002.0,4.42,EG_EGY_PRIM,,"IEA (2024), World Energy Balances"
340,Honduras,2003.0,4.59,EG_EGY_PRIM,,"IEA (2024), World Energy Balances"
340,Honduras,2004.0,4.69,EG_EGY_PRIM,,"IEA (2024), World Energy Balances"
340,Honduras,2005.0,4.38,EG_EGY_PRIM,,"IEA (2024), World Energy Balances"
340,Honduras,2006.0,4.49,EG_EGY_PRIM,,"IEA (2024), World Energy Balances"
340,Honduras,2007.0,4.52,EG_EGY_PRIM,,"IEA (2024), World Energy Balances"
340,Honduras,2008.0,4.4,EG_EGY_PRIM,,"IEA (2024), World Energy Balances"
340,Honduras,2009.0,4.46,EG_EGY_PRIM,,"IEA (2024), World Energy Balances"
340,Honduras,2010.0,4.36,EG_EGY_PRIM,,"IEA (2024), World Energy Balances"
340,Honduras,2011.0,4.63,EG_EGY_PRIM,,"IEA (2024), World Energy Balances"
340,Honduras,2012.0,4.57,EG_EGY_PRIM,,"IEA (2024), World Energy Balances"
340,Honduras,2013.0,4.55,EG_EGY_PRIM,,"IEA (2024), World Energy Balances"
340,Honduras,2014.0,4.43,EG_EGY_PRIM,,"IEA (2024), World Energy Balances"
340,Honduras,2015.0,4.75,EG_EGY_PRIM,,"IEA (2024), World Energy Balances"
340,Honduras,2016.0,4.35,EG_EGY_PRIM,,"IEA (2024), World Energy Balances"
340,Honduras,2017.0,3.69,EG_EGY_PRIM,,"IEA (2024), World Energy Balances"
340,Honduras,2018.0,3.8,EG_EGY_PRIM,,"IEA (2024), World Energy Balances"
340,Honduras,2019.0,3.9,EG_EGY_PRIM,,"IEA (2024), World Energy Balances"
340,Honduras,2020.0,4.07,EG_EGY_PRIM,,"IEA (2024), World Energy Balances"
340,Honduras,2021.0,3.85,EG_EGY_PRIM,,"IEA (2024), World Energy Balances"
340,Honduras,2022.0,3.78,EG_EGY_PRIM,,"IEA (2024), World Energy Balances"
348,Hungary,2000.0,4.59,EG_EGY_PRIM,,"IEA (2024), World Energy Balances"
348,Hungary,2001.0,4.52,EG_EGY_PRIM,,"IEA (2024), World Energy Balances"
348,Hungary,2002.0,4.31,EG_EGY_PRIM,,"IEA (2024), World Energy Balances"
348,Hungary,2003.0,4.23,EG_EGY_PRIM,,"IEA (2024), World Energy Balances"
348,Hungary,2004.0,4.02,EG_EGY_PRIM,,"IEA (2024), World Energy Balances"
348,Hungary,2005.0,4.15,EG_EGY_PRIM,,"IEA (2024), World Energy Balances"
348,Hungary,2006.0,3.95,EG_EGY_PRIM,,"IEA (2024), World Energy Balances"
348,Hungary,2007.0,3.86,EG_EGY_PRIM,,"IEA (2024), World Energy Balances"
348,Hungary,2008.0,3.77,EG_EGY_PRIM,,"IEA (2024), World Energy Balances"
348,Hungary,2009.0,3.84,EG_EGY_PRIM,,"IEA (2024), World Energy Balances"
348,Hungary,2010.0,3.94,EG_EGY_PRIM,,"IEA (2024), World Energy Balances"
348,Hungary,2011.0,3.79,EG_EGY_PRIM,,"IEA (2024), World Energy Balances"
348,Hungary,2012.0,3.65,EG_EGY_PRIM,,"IEA (2024), World Energy Balances"
348,Hungary,2013.0,3.47,EG_EGY_PRIM,,"IEA (2024), World Energy Balances"
348,Hungary,2014.0,3.32,EG_EGY_PRIM,,"IEA (2024), World Energy Balances"
348,Hungary,2015.0,3.38,EG_EGY_PRIM,,"IEA (2024), World Energy Balances"
348,Hungary,2016.0,3.35,EG_EGY_PRIM,,"IEA (2024), World Energy Balances"
348,Hungary,2017.0,3.36,EG_EGY_PRIM,,"IEA (2024), World Energy Balances"
348,Hungary,2018.0,3.18,EG_EGY_PRIM,,"IEA (2024), World Energy Balances"
348,Hungary,2019.0,3.04,EG_EGY_PRIM,,"IEA (2024), World Energy Balances"
348,Hungary,2020.0,3.13,EG_EGY_PRIM,,"IEA (2024), World Energy Balances"
348,Hungary,2021.0,3.06,EG_EGY_PRIM,,"IEA (2024), World Energy Balances"
348,Hungary,2022.0,2.74,EG_EGY_PRIM,,"IEA (2024), World Energy Balances"
352,Iceland,2000.0,9.95,EG_EGY_PRIM,,"IEA (2024), World Energy Balances"
352,Iceland,2001.0,9.29,EG_EGY_PRIM,,"IEA (2024), World Energy Balances"
352,Iceland,2002.0,9.52,EG_EGY_PRIM,,"IEA (2024), World Energy Balances"
352,Iceland,2003.0,9.32,EG_EGY_PRIM,,"IEA (2024), World Energy Balances"
352,Iceland,2004.0,8.57,EG_EGY_PRIM,,"IEA (2024), World Energy Balances"
352,Iceland,2005.0,8.19,EG_EGY_PRIM,,"IEA (2024), World Energy Balances"
352,Iceland,2006.0,9.56,EG_EGY_PRIM,,"IEA (2024), World Energy Balances"
352,Iceland,2007.0,10.42,EG_EGY_PRIM,,"IEA (2024), World Energy Balances"
352,Iceland,2008.0,11.85,EG_EGY_PRIM,,"IEA (2024), World Energy Balances"
352,Iceland,2009.0,13.32,EG_EGY_PRIM,,"IEA (2024), World Energy Balances"
352,Iceland,2010.0,13.0,EG_EGY_PRIM,,"IEA (2024), World Energy Balances"
352,Iceland,2011.0,13.65,EG_EGY_PRIM,,"IEA (2024), World Energy Balances"
352,Iceland,2012.0,13.19,EG_EGY_PRIM,,"IEA (2024), World Energy Balances"
352,Iceland,2013.0,13.15,EG_EGY_PRIM,,"IEA (2024), World Energy Balances"
352,Iceland,2014.0,12.89,EG_EGY_PRIM,,"IEA (2024), World Energy Balances"
352,Iceland,2015.0,11.75,EG_EGY_PRIM,,"IEA (2024), World Energy Balances"
352,Iceland,2016.0,10.41,EG_EGY_PRIM,,"IEA (2024), World Energy Balances"
352,Iceland,2017.0,10.57,EG_EGY_PRIM,,"IEA (2024), World Energy Balances"
352,Iceland,2018.0,11.06,EG_EGY_PRIM,,"IEA (2024), World Energy Balances"
352,Iceland,2019.0,10.69,EG_EGY_PRIM,,"IEA (2024), World Energy Balances"
352,Iceland,2020.0,11.24,EG_EGY_PRIM,,"IEA (2024), World Energy Balances"
352,Iceland,2021.0,10.65,EG_EGY_PRIM,,"IEA (2024), World Energy Balances"
352,Iceland,2022.0,10.07,EG_EGY_PRIM,,"IEA (2024), World Energy Balances"
356,India,2000.0,5.34,EG_EGY_PRIM,,"IEA (2024), World Energy Balances"
356,India,2001.0,5.17,EG_EGY_PRIM,,"IEA (2024), World Energy Balances"
356,India,2002.0,5.12,EG_EGY_PRIM,,"IEA (2024), World Energy Balances"
356,India,2003.0,4.86,EG_EGY_PRIM,,"IEA (2024), World Energy Balances"
356,India,2004.0,4.76,EG_EGY_PRIM,,"IEA (2024), World Energy Balances"
356,India,2005.0,4.59,EG_EGY_PRIM,,"IEA (2024), World Energy Balances"
356,India,2006.0,4.48,EG_EGY_PRIM,,"IEA (2024), World Energy Balances"
356,India,2007.0,4.41,EG_EGY_PRIM,,"IEA (2024), World Energy Balances"
356,India,2008.0,4.53,EG_EGY_PRIM,,"IEA (2024), World Energy Balances"
356,India,2009.0,4.51,EG_EGY_PRIM,,"IEA (2024), World Energy Balances"
356,India,2010.0,4.4,EG_EGY_PRIM,,"IEA (2024), World Energy Balances"
356,India,2011.0,4.37,EG_EGY_PRIM,,"IEA (2024), World Energy Balances"
356,India,2012.0,4.38,EG_EGY_PRIM,,"IEA (2024), World Energy Balances"
356,India,2013.0,4.21,EG_EGY_PRIM,,"IEA (2024), World Energy Balances"
356,India,2014.0,4.2,EG_EGY_PRIM,,"IEA (2024), World Energy Balances"
356,India,2015.0,4.01,EG_EGY_PRIM,,"IEA (2024), World Energy Balances"
356,India,2016.0,3.77,EG_EGY_PRIM,,"IEA (2024), World Energy Balances"
356,India,2017.0,3.7,EG_EGY_PRIM,,"IEA (2024), World Energy Balances"
356,India,2018.0,3.64,EG_EGY_PRIM,,"IEA (2024), World Energy Balances"
356,India,2019.0,3.51,EG_EGY_PRIM,,"IEA (2024), World Energy Balances"
356,India,2020.0,3.54,EG_EGY_PRIM,,"IEA (2024), World Energy Balances"
356,India,2021.0,3.51,EG_EGY_PRIM,,"IEA (2024), World Energy Balances"
356,India,2022.0,3.49,EG_EGY_PRIM,,"IEA (2024), World Energy Balances"
360,Indonesia,2000.0,4.11,EG_EGY_PRIM,,"IEA (2024), World Energy Balances"
360,Indonesia,2001.0,4.06,EG_EGY_PRIM,,"IEA (2024), World Energy Balances"
360,Indonesia,2002.0,4.04,EG_EGY_PRIM,,"IEA (2024), World Energy Balances"
360,Indonesia,2003.0,3.85,EG_EGY_PRIM,,"IEA (2024), World Energy Balances"
360,Indonesia,2004.0,3.94,EG_EGY_PRIM,,"IEA (2024), World Energy Balances"
360,Indonesia,2005.0,3.8,EG_EGY_PRIM,,"IEA (2024), World Energy Balances"
360,Indonesia,2006.0,3.68,EG_EGY_PRIM,,"IEA (2024), World Energy Balances"
360,Indonesia,2007.0,3.43,EG_EGY_PRIM,,"IEA (2024), World Energy Balances"
360,Indonesia,2008.0,3.25,EG_EGY_PRIM,,"IEA (2024), World Energy Balances"
360,Indonesia,2009.0,3.35,EG_EGY_PRIM,,"IEA (2024), World Energy Balances"
360,Indonesia,2010.0,3.31,EG_EGY_PRIM,,"IEA (2024), World Energy Balances"
360,Indonesia,2011.0,3.22,EG_EGY_PRIM,,"IEA (2024), World Energy Balances"
360,Indonesia,2012.0,3.04,EG_EGY_PRIM,,"IEA (2024), World Energy Balances"
360,Indonesia,2013.0,2.81,EG_EGY_PRIM,,"IEA (2024), World Energy Balances"
360,Indonesia,2014.0,2.8,EG_EGY_PRIM,,"IEA (2024), World Energy Balances"
360,Indonesia,2015.0,2.66,EG_EGY_PRIM,,"IEA (2024), World Energy Balances"
360,Indonesia,2016.0,2.62,EG_EGY_PRIM,,"IEA (2024), World Energy Balances"
360,Indonesia,2017.0,2.63,EG_EGY_PRIM,,"IEA (2024), World Energy Balances"
360,Indonesia,2018.0,2.78,EG_EGY_PRIM,,"IEA (2024), World Energy Balances"
360,Indonesia,2019.0,2.79,EG_EGY_PRIM,,"IEA (2024), World Energy Balances"
360,Indonesia,2020.0,2.74,EG_EGY_PRIM,,"IEA (2024), World Energy Balances"
360,Indonesia,2021.0,2.71,EG_EGY_PRIM,,"IEA (2024), World Energy Balances"
360,Indonesia,2022.0,2.94,EG_EGY_PRIM,,"IEA (2024), World Energy Balances"
364,Iran (Islamic Republic of),2000.0,7.11,EG_EGY_PRIM,,"IEA (2024), World Energy Balances"
364,Iran (Islamic Republic of),2001.0,7.53,EG_EGY_PRIM,,"IEA (2024), World Energy Balances"
364,Iran (Islamic Republic of),2002.0,7.21,EG_EGY_PRIM,,"IEA (2024), World Energy Balances"
364,Iran (Islamic Republic of),2003.0,6.86,EG_EGY_PRIM,,"IEA (2024), World Energy Balances"
364,Iran (Islamic Republic of),2004.0,7.17,EG_EGY_PRIM,,"IEA (2024), World Energy Balances"
364,Iran (Islamic Republic of),2005.0,7.71,EG_EGY_PRIM,,"IEA (2024), World Energy Balances"
364,Iran (Islamic Republic of),2006.0,7.67,EG_EGY_PRIM,,"IEA (2024), World Energy Balances"
364,Iran (Islamic Republic of),2007.0,7.51,EG_EGY_PRIM,,"IEA (2024), World Energy Balances"
364,Iran (Islamic Republic of),2008.0,8.03,EG_EGY_PRIM,,"IEA (2024), World Energy Balances"
364,Iran (Islamic Republic of),2009.0,7.93,EG_EGY_PRIM,,"IEA (2024), World Energy Balances"
364,Iran (Islamic Republic of),2010.0,7.5,EG_EGY_PRIM,,"IEA (2024), World Energy Balances"
364,Iran (Islamic Republic of),2011.0,7.45,EG_EGY_PRIM,,"IEA (2024), World Energy Balances"
364,Iran (Islamic Republic of),2012.0,8.08,EG_EGY_PRIM,,"IEA (2024), World Energy Balances"
364,Iran (Islamic Republic of),2013.0,8.37,EG_EGY_PRIM,,"IEA (2024), World Energy Balances"
364,Iran (Islamic Republic of),2014.0,8.44,EG_EGY_PRIM,,"IEA (2024), World Energy Balances"
364,Iran (Islamic Republic of),2015.0,8.24,EG_EGY_PRIM,,"IEA (2024), World Energy Balances"
364,Iran (Islamic Republic of),2016.0,8.03,EG_EGY_PRIM,,"IEA (2024), World Energy Balances"
364,Iran (Islamic Republic of),2017.0,8.39,EG_EGY_PRIM,,"IEA (2024), World Energy Balances"
364,Iran (Islamic Republic of),2018.0,8.32,EG_EGY_PRIM,,"IEA (2024), World Energy Balances"
364,Iran (Islamic Republic of),2019.0,9.51,EG_EGY_PRIM,,"IEA (2024), World Energy Balances"
364,Iran (Islamic Republic of),2020.0,9.46,EG_EGY_PRIM,,"IEA (2024), World Energy Balances"
364,Iran (Islamic Republic of),2021.0,9.34,EG_EGY_PRIM,,"IEA (2024), World Energy Balances"
364,Iran (Islamic Republic of),2022.0,8.92,EG_EGY_PRIM,,"IEA (2024), World Energy Balances"
368,Iraq,2000.0,3.59,EG_EGY_PRIM,,"IEA (2024), World Energy Balances"
368,Iraq,2001.0,3.95,EG_EGY_PRIM,,"IEA (2024), World Energy Balances"
368,Iraq,2002.0,4.1,EG_EGY_PRIM,,"IEA (2024), World Energy Balances"
368,Iraq,2003.0,5.74,EG_EGY_PRIM,,"IEA (2024), World Energy Balances"
368,Iraq,2004.0,4.01,EG_EGY_PRIM,,"IEA (2024), World Energy Balances"
368,Iraq,2005.0,3.94,EG_EGY_PRIM,,"IEA (2024), World Energy Balances"
368,Iraq,2006.0,3.63,EG_EGY_PRIM,,"IEA (2024), World Energy Balances"
368,Iraq,2007.0,3.5,EG_EGY_PRIM,,"IEA (2024), World Energy Balances"
368,Iraq,2008.0,3.5,EG_EGY_PRIM,,"IEA (2024), World Energy Balances"
368,Iraq,2009.0,3.63,EG_EGY_PRIM,,"IEA (2024), World Energy Balances"
368,Iraq,2010.0,3.77,EG_EGY_PRIM,,"IEA (2024), World Energy Balances"
368,Iraq,2011.0,3.84,EG_EGY_PRIM,,"IEA (2024), World Energy Balances"
368,Iraq,2012.0,3.73,EG_EGY_PRIM,,"IEA (2024), World Energy Balances"
368,Iraq,2013.0,3.59,EG_EGY_PRIM,,"IEA (2024), World Energy Balances"
368,Iraq,2014.0,3.4,EG_EGY_PRIM,,"IEA (2024), World Energy Balances"
368,Iraq,2015.0,3.14,EG_EGY_PRIM,,"IEA (2024), World Energy Balances"
368,Iraq,2016.0,2.98,EG_EGY_PRIM,,"IEA (2024), World Energy Balances"
368,Iraq,2017.0,3.41,EG_EGY_PRIM,,"IEA (2024), World Energy Balances"
368,Iraq,2018.0,3.69,EG_EGY_PRIM,,"IEA (2024), World Energy Balances"
368,Iraq,2019.0,3.67,EG_EGY_PRIM,,"IEA (2024), World Energy Balances"
368,Iraq,2020.0,3.71,EG_EGY_PRIM,,"IEA (2024), World Energy Balances"
368,Iraq,2021.0,4.17,EG_EGY_PRIM,,"IEA (2024), World Energy Balances"
368,Iraq,2022.0,4.39,EG_EGY_PRIM,,"IEA (2024), World Energy Balances"
372,Ireland,2000.0,2.84,EG_EGY_PRIM,,"IEA (2024), World Energy Balances"
372,Ireland,2001.0,2.81,EG_EGY_PRIM,,"IEA (2024), World Energy Balances"
372,Ireland,2002.0,2.66,EG_EGY_PRIM,,"IEA (2024), World Energy Balances"
372,Ireland,2003.0,2.52,EG_EGY_PRIM,,"IEA (2024), World Energy Balances"
372,Ireland,2004.0,2.43,EG_EGY_PRIM,,"IEA (2024), World Energy Balances"
372,Ireland,2005.0,2.32,EG_EGY_PRIM,,"IEA (2024), World Energy Balances"
372,Ireland,2006.0,2.22,EG_EGY_PRIM,,"IEA (2024), World Energy Balances"
372,Ireland,2007.0,2.15,EG_EGY_PRIM,,"IEA (2024), World Energy Balances"
372,Ireland,2008.0,2.23,EG_EGY_PRIM,,"IEA (2024), World Energy Balances"
372,Ireland,2009.0,2.28,EG_EGY_PRIM,,"IEA (2024), World Energy Balances"
372,Ireland,2010.0,2.24,EG_EGY_PRIM,,"IEA (2024), World Energy Balances"
372,Ireland,2011.0,2.02,EG_EGY_PRIM,,"IEA (2024), World Energy Balances"
372,Ireland,2012.0,2.02,EG_EGY_PRIM,,"IEA (2024), World Energy Balances"
372,Ireland,2013.0,1.95,EG_EGY_PRIM,,"IEA (2024), World Energy Balances"
372,Ireland,2014.0,1.75,EG_EGY_PRIM,,"IEA (2024), World Energy Balances"
372,Ireland,2015.0,1.47,EG_EGY_PRIM,,"IEA (2024), World Energy Balances"
372,Ireland,2016.0,1.52,EG_EGY_PRIM,,"IEA (2024), World Energy Balances"
372,Ireland,2017.0,1.37,EG_EGY_PRIM,,"IEA (2024), World Energy Balances"
372,Ireland,2018.0,1.27,EG_EGY_PRIM,,"IEA (2024), World Energy Balances"
372,Ireland,2019.0,1.2,EG_EGY_PRIM,,"IEA (2024), World Energy Balances"
372,Ireland,2020.0,1.09,EG_EGY_PRIM,,"IEA (2024), World Energy Balances"
372,Ireland,2021.0,0.97,EG_EGY_PRIM,,"IEA (2024), World Energy Balances"
372,Ireland,2022.0,0.88,EG_EGY_PRIM,,"IEA (2024), World Energy Balances"
833,Isle of Man,2000.0,,EG_EGY_PRIM,,"Energy Balances, UN Statistics Division (2024)"
833,Isle of Man,2001.0,,EG_EGY_PRIM,,"Energy Balances, UN Statistics Division (2024)"
833,Isle of Man,2002.0,,EG_EGY_PRIM,,"Energy Balances, UN Statistics Division (2024)"
833,Isle of Man,2003.0,,EG_EGY_PRIM,,"Energy Balances, UN Statistics Division (2024)"
833,Isle of Man,2004.0,,EG_EGY_PRIM,,"Energy Balances, UN Statistics Division (2024)"
833,Isle of Man,2005.0,,EG_EGY_PRIM,,"Energy Balances, UN Statistics Division (2024)"
833,Isle of Man,2006.0,,EG_EGY_PRIM,,"Energy Balances, UN Statistics Division (2024)"
833,Isle of Man,2007.0,,EG_EGY_PRIM,,"Energy Balances, UN Statistics Division (2024)"
833,Isle of Man,2008.0,,EG_EGY_PRIM,,"Energy Balances, UN Statistics Division (2024)"
833,Isle of Man,2009.0,,EG_EGY_PRIM,,"Energy Balances, UN Statistics Division (2024)"
833,Isle of Man,2010.0,,EG_EGY_PRIM,,"Energy Balances, UN Statistics Division (2024)"
833,Isle of Man,2011.0,,EG_EGY_PRIM,,"Energy Balances, UN Statistics Division (2024)"
833,Isle of Man,2012.0,,EG_EGY_PRIM,,"Energy Balances, UN Statistics Division (2024)"
833,Isle of Man,2013.0,,EG_EGY_PRIM,,"Energy Balances, UN Statistics Division (2024)"
833,Isle of Man,2014.0,,EG_EGY_PRIM,,"Energy Balances, UN Statistics Division (2024)"
833,Isle of Man,2015.0,,EG_EGY_PRIM,,"Energy Balances, UN Statistics Division (2024)"
833,Isle of Man,2016.0,,EG_EGY_PRIM,,"Energy Balances, UN Statistics Division (2024)"
833,Isle of Man,2017.0,,EG_EGY_PRIM,,"Energy Balances, UN Statistics Division (2024)"
833,Isle of Man,2018.0,,EG_EGY_PRIM,,"Energy Balances, UN Statistics Division (2024)"
833,Isle of Man,2019.0,,EG_EGY_PRIM,,"Energy Balances, UN Statistics Division (2024)"
833,Isle of Man,2020.0,,EG_EGY_PRIM,,"Energy Balances, UN Statistics Division (2024)"
833,Isle of Man,2021.0,,EG_EGY_PRIM,,"Energy Balances, UN Statistics Division (2024)"
833,Isle of Man,2022.0,,EG_EGY_PRIM,,"Energy Balances, UN Statistics Division (2024)"
376,Israel,2000.0,3.64,EG_EGY_PRIM,,"IEA (2024), World Energy Balances"
376,Israel,2001.0,3.81,EG_EGY_PRIM,,"IEA (2024), World Energy Balances"
376,Israel,2002.0,3.75,EG_EGY_PRIM,,"IEA (2024), World Energy Balances"
376,Israel,2003.0,3.87,EG_EGY_PRIM,,"IEA (2024), World Energy Balances"
376,Israel,2004.0,3.6,EG_EGY_PRIM,,"IEA (2024), World Energy Balances"
376,Israel,2005.0,3.32,EG_EGY_PRIM,,"IEA (2024), World Energy Balances"
376,Israel,2006.0,3.47,EG_EGY_PRIM,,"IEA (2024), World Energy Balances"
376,Israel,2007.0,3.34,EG_EGY_PRIM,,"IEA (2024), World Energy Balances"
376,Israel,2008.0,3.56,EG_EGY_PRIM,,"IEA (2024), World Energy Balances"
376,Israel,2009.0,3.31,EG_EGY_PRIM,,"IEA (2024), World Energy Balances"
376,Israel,2010.0,3.38,EG_EGY_PRIM,,"IEA (2024), World Energy Balances"
376,Israel,2011.0,3.2,EG_EGY_PRIM,,"IEA (2024), World Energy Balances"
376,Israel,2012.0,3.17,EG_EGY_PRIM,,"IEA (2024), World Energy Balances"
376,Israel,2013.0,2.78,EG_EGY_PRIM,,"IEA (2024), World Energy Balances"
376,Israel,2014.0,2.59,EG_EGY_PRIM,,"IEA (2024), World Energy Balances"
376,Israel,2015.0,2.66,EG_EGY_PRIM,,"IEA (2024), World Energy Balances"
376,Israel,2016.0,2.56,EG_EGY_PRIM,,"IEA (2024), World Energy Balances"
376,Israel,2017.0,2.42,EG_EGY_PRIM,,"IEA (2024), World Energy Balances"
376,Israel,2018.0,2.38,EG_EGY_PRIM,,"IEA (2024), World Energy Balances"
376,Israel,2019.0,2.26,EG_EGY_PRIM,,"IEA (2024), World Energy Balances"
376,Israel,2020.0,2.38,EG_EGY_PRIM,,"IEA (2024), World Energy Balances"
376,Israel,2021.0,2.19,EG_EGY_PRIM,,"IEA (2024), World Energy Balances"
376,Israel,2022.0,2.15,EG_EGY_PRIM,,"IEA (2024), World Energy Balances"
380,Italy,2000.0,2.47,EG_EGY_PRIM,,"IEA (2024), World Energy Balances"
380,Italy,2001.0,2.43,EG_EGY_PRIM,,"IEA (2024), World Energy Balances"
380,Italy,2002.0,2.44,EG_EGY_PRIM,,"IEA (2024), World Energy Balances"
380,Italy,2003.0,2.56,EG_EGY_PRIM,,"IEA (2024), World Energy Balances"
380,Italy,2004.0,2.54,EG_EGY_PRIM,,"IEA (2024), World Energy Balances"
380,Italy,2005.0,2.57,EG_EGY_PRIM,,"IEA (2024), World Energy Balances"
380,Italy,2006.0,2.5,EG_EGY_PRIM,,"IEA (2024), World Energy Balances"
380,Italy,2007.0,2.46,EG_EGY_PRIM,,"IEA (2024), World Energy Balances"
380,Italy,2008.0,2.45,EG_EGY_PRIM,,"IEA (2024), World Energy Balances"
380,Italy,2009.0,2.41,EG_EGY_PRIM,,"IEA (2024), World Energy Balances"
380,Italy,2010.0,2.44,EG_EGY_PRIM,,"IEA (2024), World Energy Balances"
380,Italy,2011.0,2.34,EG_EGY_PRIM,,"IEA (2024), World Energy Balances"
380,Italy,2012.0,2.32,EG_EGY_PRIM,,"IEA (2024), World Energy Balances"
380,Italy,2013.0,2.27,EG_EGY_PRIM,,"IEA (2024), World Energy Balances"
380,Italy,2014.0,2.15,EG_EGY_PRIM,,"IEA (2024), World Energy Balances"
380,Italy,2015.0,2.21,EG_EGY_PRIM,,"IEA (2024), World Energy Balances"
380,Italy,2016.0,2.16,EG_EGY_PRIM,,"IEA (2024), World Energy Balances"
380,Italy,2017.0,2.16,EG_EGY_PRIM,,"IEA (2024), World Energy Balances"
380,Italy,2018.0,2.11,EG_EGY_PRIM,,"IEA (2024), World Energy Balances"
380,Italy,2019.0,2.07,EG_EGY_PRIM,,"IEA (2024), World Energy Balances"
380,Italy,2020.0,2.1,EG_EGY_PRIM,,"IEA (2024), World Energy Balances"
380,Italy,2021.0,2.1,EG_EGY_PRIM,,"IEA (2024), World Energy Balances"
380,Italy,2022.0,1.91,EG_EGY_PRIM,,"IEA (2024), World Energy Balances"
388,Jamaica,2000.0,5.82,EG_EGY_PRIM,,"IEA (2024), World Energy Balances"
388,Jamaica,2001.0,5.86,EG_EGY_PRIM,,"IEA (2024), World Energy Balances"
388,Jamaica,2002.0,5.57,EG_EGY_PRIM,,"IEA (2024), World Energy Balances"
388,Jamaica,2003.0,5.61,EG_EGY_PRIM,,"IEA (2024), World Energy Balances"
388,Jamaica,2004.0,5.57,EG_EGY_PRIM,,"IEA (2024), World Energy Balances"
388,Jamaica,2005.0,5.4,EG_EGY_PRIM,,"IEA (2024), World Energy Balances"
388,Jamaica,2006.0,5.95,EG_EGY_PRIM,,"IEA (2024), World Energy Balances"
388,Jamaica,2007.0,5.93,EG_EGY_PRIM,,"IEA (2024), World Energy Balances"
388,Jamaica,2008.0,4.78,EG_EGY_PRIM,,"IEA (2024), World Energy Balances"
388,Jamaica,2009.0,3.98,EG_EGY_PRIM,,"IEA (2024), World Energy Balances"
388,Jamaica,2010.0,3.76,EG_EGY_PRIM,,"IEA (2024), World Energy Balances"
388,Jamaica,2011.0,3.94,EG_EGY_PRIM,,"IEA (2024), World Energy Balances"
388,Jamaica,2012.0,3.82,EG_EGY_PRIM,,"IEA (2024), World Energy Balances"
388,Jamaica,2013.0,4.01,EG_EGY_PRIM,,"IEA (2024), World Energy Balances"
388,Jamaica,2014.0,3.88,EG_EGY_PRIM,,"IEA (2024), World Energy Balances"
388,Jamaica,2015.0,3.86,EG_EGY_PRIM,,"IEA (2024), World Energy Balances"
388,Jamaica,2016.0,4.22,EG_EGY_PRIM,,"IEA (2024), World Energy Balances"
388,Jamaica,2017.0,3.86,EG_EGY_PRIM,,"IEA (2024), World Energy Balances"
388,Jamaica,2018.0,4.26,EG_EGY_PRIM,,"IEA (2024), World Energy Balances"
388,Jamaica,2019.0,4.41,EG_EGY_PRIM,,"IEA (2024), World Energy Balances"
388,Jamaica,2020.0,3.63,EG_EGY_PRIM,,"IEA (2024), World Energy Balances"
388,Jamaica,2021.0,3.85,EG_EGY_PRIM,,"IEA (2024), World Energy Balances"
388,Jamaica,2022.0,4.03,EG_EGY_PRIM,,"IEA (2024), World Energy Balances"
392,Japan,2000.0,4.34,EG_EGY_PRIM,,"IEA (2024), World Energy Balances"
392,Japan,2001.0,4.25,EG_EGY_PRIM,,"IEA (2024), World Energy Balances"
392,Japan,2002.0,4.27,EG_EGY_PRIM,,"IEA (2024), World Energy Balances"
392,Japan,2003.0,4.17,EG_EGY_PRIM,,"IEA (2024), World Energy Balances"
392,Japan,2004.0,4.22,EG_EGY_PRIM,,"IEA (2024), World Energy Balances"
392,Japan,2005.0,4.12,EG_EGY_PRIM,,"IEA (2024), World Energy Balances"
392,Japan,2006.0,4.07,EG_EGY_PRIM,,"IEA (2024), World Energy Balances"
392,Japan,2007.0,3.97,EG_EGY_PRIM,,"IEA (2024), World Energy Balances"
392,Japan,2008.0,3.87,EG_EGY_PRIM,,"IEA (2024), World Energy Balances"
392,Japan,2009.0,3.93,EG_EGY_PRIM,,"IEA (2024), World Energy Balances"
392,Japan,2010.0,3.97,EG_EGY_PRIM,,"IEA (2024), World Energy Balances"
392,Japan,2011.0,3.68,EG_EGY_PRIM,,"IEA (2024), World Energy Balances"
392,Japan,2012.0,3.54,EG_EGY_PRIM,,"IEA (2024), World Energy Balances"
392,Japan,2013.0,3.5,EG_EGY_PRIM,,"IEA (2024), World Energy Balances"
392,Japan,2014.0,3.36,EG_EGY_PRIM,,"IEA (2024), World Energy Balances"
392,Japan,2015.0,3.26,EG_EGY_PRIM,,"IEA (2024), World Energy Balances"
392,Japan,2016.0,3.21,EG_EGY_PRIM,,"IEA (2024), World Energy Balances"
392,Japan,2017.0,3.17,EG_EGY_PRIM,,"IEA (2024), World Energy Balances"
392,Japan,2018.0,3.1,EG_EGY_PRIM,,"IEA (2024), World Energy Balances"
392,Japan,2019.0,3.04,EG_EGY_PRIM,,"IEA (2024), World Energy Balances"
392,Japan,2020.0,2.95,EG_EGY_PRIM,,"IEA (2024), World Energy Balances"
392,Japan,2021.0,3.0,EG_EGY_PRIM,,"IEA (2024), World Energy Balances"
392,Japan,2022.0,2.9,EG_EGY_PRIM,,"IEA (2024), World Energy Balances"
832,Jersey,2000.0,,EG_EGY_PRIM,,"Energy Balances, UN Statistics Division (2024)"
832,Jersey,2001.0,,EG_EGY_PRIM,,"Energy Balances, UN Statistics Division (2024)"
832,Jersey,2002.0,,EG_EGY_PRIM,,"Energy Balances, UN Statistics Division (2024)"
832,Jersey,2003.0,,EG_EGY_PRIM,,"Energy Balances, UN Statistics Division (2024)"
832,Jersey,2004.0,,EG_EGY_PRIM,,"Energy Balances, UN Statistics Division (2024)"
832,Jersey,2005.0,,EG_EGY_PRIM,,"Energy Balances, UN Statistics Division (2024)"
832,Jersey,2006.0,,EG_EGY_PRIM,,"Energy Balances, UN Statistics Division (2024)"
832,Jersey,2007.0,,EG_EGY_PRIM,,"Energy Balances, UN Statistics Division (2024)"
832,Jersey,2008.0,,EG_EGY_PRIM,,"Energy Balances, UN Statistics Division (2024)"
832,Jersey,2009.0,,EG_EGY_PRIM,,"Energy Balances, UN Statistics Division (2024)"
832,Jersey,2010.0,,EG_EGY_PRIM,,"Energy Balances, UN Statistics Division (2024)"
832,Jersey,2011.0,,EG_EGY_PRIM,,"Energy Balances, UN Statistics Division (2024)"
832,Jersey,2012.0,,EG_EGY_PRIM,,"Energy Balances, UN Statistics Division (2024)"
832,Jersey,2013.0,,EG_EGY_PRIM,,"Energy Balances, UN Statistics Division (2024)"
832,Jersey,2014.0,,EG_EGY_PRIM,,"Energy Balances, UN Statistics Division (2024)"
832,Jersey,2015.0,,EG_EGY_PRIM,,"Energy Balances, UN Statistics Division (2024)"
832,Jersey,2016.0,,EG_EGY_PRIM,,"Energy Balances, UN Statistics Division (2024)"
832,Jersey,2017.0,,EG_EGY_PRIM,,"Energy Balances, UN Statistics Division (2024)"
832,Jersey,2018.0,,EG_EGY_PRIM,,"Energy Balances, UN Statistics Division (2024)"
832,Jersey,2019.0,,EG_EGY_PRIM,,"Energy Balances, UN Statistics Division (2024)"
832,Jersey,2020.0,,EG_EGY_PRIM,,"Energy Balances, UN Statistics Division (2024)"
832,Jersey,2021.0,,EG_EGY_PRIM,,"Energy Balances, UN Statistics Division (2024)"
832,Jersey,2022.0,,EG_EGY_PRIM,,"Energy Balances, UN Statistics Division (2024)"
400,Jordan,2000.0,4.74,EG_EGY_PRIM,,"IEA (2024), World Energy Balances"
400,Jordan,2001.0,4.47,EG_EGY_PRIM,,"IEA (2024), World Energy Balances"
400,Jordan,2002.0,4.41,EG_EGY_PRIM,,"IEA (2024), World Energy Balances"
400,Jordan,2003.0,4.33,EG_EGY_PRIM,,"IEA (2024), World Energy Balances"
400,Jordan,2004.0,4.81,EG_EGY_PRIM,,"IEA (2024), World Energy Balances"
400,Jordan,2005.0,4.75,EG_EGY_PRIM,,"IEA (2024), World Energy Balances"
400,Jordan,2006.0,4.49,EG_EGY_PRIM,,"IEA (2024), World Energy Balances"
400,Jordan,2007.0,4.36,EG_EGY_PRIM,,"IEA (2024), World Energy Balances"
400,Jordan,2008.0,3.98,EG_EGY_PRIM,,"IEA (2024), World Energy Balances"
400,Jordan,2009.0,4.0,EG_EGY_PRIM,,"IEA (2024), World Energy Balances"
400,Jordan,2010.0,3.72,EG_EGY_PRIM,,"IEA (2024), World Energy Balances"
400,Jordan,2011.0,3.6,EG_EGY_PRIM,,"IEA (2024), World Energy Balances"
400,Jordan,2012.0,3.91,EG_EGY_PRIM,,"IEA (2024), World Energy Balances"
400,Jordan,2013.0,3.75,EG_EGY_PRIM,,"IEA (2024), World Energy Balances"
400,Jordan,2014.0,3.84,EG_EGY_PRIM,,"IEA (2024), World Energy Balances"
400,Jordan,2015.0,3.95,EG_EGY_PRIM,,"IEA (2024), World Energy Balances"
400,Jordan,2016.0,3.99,EG_EGY_PRIM,,"IEA (2024), World Energy Balances"
400,Jordan,2017.0,4.11,EG_EGY_PRIM,,"IEA (2024), World Energy Balances"
400,Jordan,2018.0,3.91,EG_EGY_PRIM,,"IEA (2024), World Energy Balances"
400,Jordan,2019.0,3.66,EG_EGY_PRIM,,"IEA (2024), World Energy Balances"
400,Jordan,2020.0,3.5,EG_EGY_PRIM,,"IEA (2024), World Energy Balances"
400,Jordan,2021.0,3.31,EG_EGY_PRIM,,"IEA (2024), World Energy Balances"
400,Jordan,2022.0,3.42,EG_EGY_PRIM,,"IEA (2024), World Energy Balances"
398,Kazakhstan,2000.0,7.41,EG_EGY_PRIM,,"IEA (2024), World Energy Balances"
398,Kazakhstan,2001.0,6.32,EG_EGY_PRIM,,"IEA (2024), World Energy Balances"
398,Kazakhstan,2002.0,6.62,EG_EGY_PRIM,,"IEA (2024), World Energy Balances"
398,Kazakhstan,2003.0,6.57,EG_EGY_PRIM,,"IEA (2024), World Energy Balances"
398,Kazakhstan,2004.0,7.06,EG_EGY_PRIM,,"IEA (2024), World Energy Balances"
398,Kazakhstan,2005.0,6.45,EG_EGY_PRIM,,"IEA (2024), World Energy Balances"
398,Kazakhstan,2006.0,6.94,EG_EGY_PRIM,,"IEA (2024), World Energy Balances"
398,Kazakhstan,2007.0,6.95,EG_EGY_PRIM,,"IEA (2024), World Energy Balances"
398,Kazakhstan,2008.0,7.11,EG_EGY_PRIM,,"IEA (2024), World Energy Balances"
398,Kazakhstan,2009.0,6.38,EG_EGY_PRIM,,"IEA (2024), World Energy Balances"
398,Kazakhstan,2010.0,6.48,EG_EGY_PRIM,,"IEA (2024), World Energy Balances"
398,Kazakhstan,2011.0,6.74,EG_EGY_PRIM,,"IEA (2024), World Energy Balances"
398,Kazakhstan,2012.0,6.14,EG_EGY_PRIM,,"IEA (2024), World Energy Balances"
398,Kazakhstan,2013.0,6.4,EG_EGY_PRIM,,"IEA (2024), World Energy Balances"
398,Kazakhstan,2014.0,4.92,EG_EGY_PRIM,,"IEA (2024), World Energy Balances"
398,Kazakhstan,2015.0,4.11,EG_EGY_PRIM,,"IEA (2024), World Energy Balances"
398,Kazakhstan,2016.0,4.59,EG_EGY_PRIM,,"IEA (2024), World Energy Balances"
398,Kazakhstan,2017.0,4.51,EG_EGY_PRIM,,"IEA (2024), World Energy Balances"
398,Kazakhstan,2018.0,4.92,EG_EGY_PRIM,,"IEA (2024), World Energy Balances"
398,Kazakhstan,2019.0,4.71,EG_EGY_PRIM,,"IEA (2024), World Energy Balances"
398,Kazakhstan,2020.0,4.42,EG_EGY_PRIM,,"IEA (2024), World Energy Balances"
398,Kazakhstan,2021.0,4.49,EG_EGY_PRIM,,"IEA (2024), World Energy Balances"
398,Kazakhstan,2022.0,4.45,EG_EGY_PRIM,,"IEA (2024), World Energy Balances"
404,Kenya,2000.0,5.07,EG_EGY_PRIM,,"IEA (2024), World Energy Balances"
404,Kenya,2001.0,4.95,EG_EGY_PRIM,,"IEA (2024), World Energy Balances"
404,Kenya,2002.0,5.0,EG_EGY_PRIM,,"IEA (2024), World Energy Balances"
404,Kenya,2003.0,4.89,EG_EGY_PRIM,,"IEA (2024), World Energy Balances"
404,Kenya,2004.0,4.98,EG_EGY_PRIM,,"IEA (2024), World Energy Balances"
404,Kenya,2005.0,4.9,EG_EGY_PRIM,,"IEA (2024), World Energy Balances"
404,Kenya,2006.0,4.84,EG_EGY_PRIM,,"IEA (2024), World Energy Balances"
404,Kenya,2007.0,4.63,EG_EGY_PRIM,,"IEA (2024), World Energy Balances"
404,Kenya,2008.0,4.76,EG_EGY_PRIM,,"IEA (2024), World Energy Balances"
404,Kenya,2009.0,4.9,EG_EGY_PRIM,,"IEA (2024), World Energy Balances"
404,Kenya,2010.0,4.65,EG_EGY_PRIM,,"IEA (2024), World Energy Balances"
404,Kenya,2011.0,4.58,EG_EGY_PRIM,,"IEA (2024), World Energy Balances"
404,Kenya,2012.0,4.4,EG_EGY_PRIM,,"IEA (2024), World Energy Balances"
404,Kenya,2013.0,4.43,EG_EGY_PRIM,,"IEA (2024), World Energy Balances"
404,Kenya,2014.0,4.55,EG_EGY_PRIM,,"IEA (2024), World Energy Balances"
404,Kenya,2015.0,4.73,EG_EGY_PRIM,,"IEA (2024), World Energy Balances"
404,Kenya,2016.0,4.66,EG_EGY_PRIM,,"IEA (2024), World Energy Balances"
404,Kenya,2017.0,4.64,EG_EGY_PRIM,,"IEA (2024), World Energy Balances"
404,Kenya,2018.0,4.54,EG_EGY_PRIM,,"IEA (2024), World Energy Balances"
404,Kenya,2019.0,4.39,EG_EGY_PRIM,,"IEA (2024), World Energy Balances"
404,Kenya,2020.0,4.41,EG_EGY_PRIM,,"IEA (2024), World Energy Balances"
404,Kenya,2021.0,4.22,EG_EGY_PRIM,,"IEA (2024), World Energy Balances"
404,Kenya,2022.0,4.12,EG_EGY_PRIM,,"IEA (2024), World Energy Balances"
296,Kiribati,2000.0,5.29,EG_EGY_PRIM,,"Energy Balances, UN Statistics Division (2024)"
296,Kiribati,2001.0,5.25,EG_EGY_PRIM,,"Energy Balances, UN Statistics Division (2024)"
296,Kiribati,2002.0,5.53,EG_EGY_PRIM,,"Energy Balances, UN Statistics Division (2024)"
296,Kiribati,2003.0,5.72,EG_EGY_PRIM,,"Energy Balances, UN Statistics Division (2024)"
296,Kiribati,2004.0,5.96,EG_EGY_PRIM,,"Energy Balances, UN Statistics Division (2024)"
296,Kiribati,2005.0,6.21,EG_EGY_PRIM,,"Energy Balances, UN Statistics Division (2024)"
296,Kiribati,2006.0,6.05,EG_EGY_PRIM,,"Energy Balances, UN Statistics Division (2024)"
296,Kiribati,2007.0,5.92,EG_EGY_PRIM,,"Energy Balances, UN Statistics Division (2024)"
296,Kiribati,2008.0,5.99,EG_EGY_PRIM,,"Energy Balances, UN Statistics Division (2024)"
296,Kiribati,2009.0,5.92,EG_EGY_PRIM,,"Energy Balances, UN Statistics Division (2024)"
296,Kiribati,2010.0,6.63,EG_EGY_PRIM,,"Energy Balances, UN Statistics Division (2024)"
296,Kiribati,2011.0,6.25,EG_EGY_PRIM,,"Energy Balances, UN Statistics Division (2024)"
296,Kiribati,2012.0,5.88,EG_EGY_PRIM,,"Energy Balances, UN Statistics Division (2024)"
296,Kiribati,2013.0,5.52,EG_EGY_PRIM,,"Energy Balances, UN Statistics Division (2024)"
296,Kiribati,2014.0,5.55,EG_EGY_PRIM,,"Energy Balances, UN Statistics Division (2024)"
296,Kiribati,2015.0,5.17,EG_EGY_PRIM,,"Energy Balances, UN Statistics Division (2024)"
296,Kiribati,2016.0,4.66,EG_EGY_PRIM,,"Energy Balances, UN Statistics Division (2024)"
296,Kiribati,2017.0,5.25,EG_EGY_PRIM,,"Energy Balances, UN Statistics Division (2024)"
296,Kiribati,2018.0,5.09,EG_EGY_PRIM,,"Energy Balances, UN Statistics Division (2024)"
296,Kiribati,2019.0,4.95,EG_EGY_PRIM,,"Energy Balances, UN Statistics Division (2024)"
296,Kiribati,2020.0,4.92,EG_EGY_PRIM,,"Energy Balances, UN Statistics Division (2024)"
296,Kiribati,2021.0,4.53,EG_EGY_PRIM,,"Energy Balances, UN Statistics Division (2024)"
296,Kiribati,2022.0,4.4,EG_EGY_PRIM,,"Energy Balances, UN Statistics Division (2024)"
412,Kosovo,2000.0,6.01,EG_EGY_PRIM,,"IEA (2024), World Energy Balances"
412,Kosovo,2001.0,7.07,EG_EGY_PRIM,,"IEA (2024), World Energy Balances"
412,Kosovo,2002.0,7.07,EG_EGY_PRIM,,"IEA (2024), World Energy Balances"
412,Kosovo,2003.0,7.2,EG_EGY_PRIM,,"IEA (2024), World Energy Balances"
412,Kosovo,2004.0,6.65,EG_EGY_PRIM,,"IEA (2024), World Energy Balances"
412,Kosovo,2005.0,6.87,EG_EGY_PRIM,,"IEA (2024), World Energy Balances"
412,Kosovo,2006.0,6.83,EG_EGY_PRIM,,"IEA (2024), World Energy Balances"
412,Kosovo,2007.0,6.35,EG_EGY_PRIM,,"IEA (2024), World Energy Balances"
412,Kosovo,2008.0,7.03,EG_EGY_PRIM,,"IEA (2024), World Energy Balances"
412,Kosovo,2009.0,7.25,EG_EGY_PRIM,,"IEA (2024), World Energy Balances"
412,Kosovo,2010.0,6.91,EG_EGY_PRIM,,"IEA (2024), World Energy Balances"
412,Kosovo,2011.0,6.54,EG_EGY_PRIM,,"IEA (2024), World Energy Balances"
412,Kosovo,2012.0,6.18,EG_EGY_PRIM,,"IEA (2024), World Energy Balances"
412,Kosovo,2013.0,5.76,EG_EGY_PRIM,,"IEA (2024), World Energy Balances"
412,Kosovo,2014.0,5.25,EG_EGY_PRIM,,"IEA (2024), World Energy Balances"
412,Kosovo,2015.0,5.62,EG_EGY_PRIM,,"IEA (2024), World Energy Balances"
412,Kosovo,2016.0,5.65,EG_EGY_PRIM,,"IEA (2024), World Energy Balances"
412,Kosovo,2017.0,5.2,EG_EGY_PRIM,,"IEA (2024), World Energy Balances"
412,Kosovo,2018.0,5.06,EG_EGY_PRIM,,"IEA (2024), World Energy Balances"
412,Kosovo,2019.0,4.99,EG_EGY_PRIM,,"IEA (2024), World Energy Balances"
412,Kosovo,2020.0,5.33,EG_EGY_PRIM,,"IEA (2024), World Energy Balances"
412,Kosovo,2021.0,5.15,EG_EGY_PRIM,,"IEA (2024), World Energy Balances"
412,Kosovo,2022.0,4.55,EG_EGY_PRIM,,"IEA (2024), World Energy Balances"
414,Kuwait,2000.0,6.59,EG_EGY_PRIM,,"IEA (2024), World Energy Balances"
414,Kuwait,2001.0,7.02,EG_EGY_PRIM,,"IEA (2024), World Energy Balances"
414,Kuwait,2002.0,6.89,EG_EGY_PRIM,,"IEA (2024), World Energy Balances"
414,Kuwait,2003.0,6.29,EG_EGY_PRIM,,"IEA (2024), World Energy Balances"
414,Kuwait,2004.0,6.3,EG_EGY_PRIM,,"IEA (2024), World Energy Balances"
414,Kuwait,2005.0,6.47,EG_EGY_PRIM,,"IEA (2024), World Energy Balances"
414,Kuwait,2006.0,5.53,EG_EGY_PRIM,,"IEA (2024), World Energy Balances"
414,Kuwait,2007.0,5.04,EG_EGY_PRIM,,"IEA (2024), World Energy Balances"
414,Kuwait,2008.0,5.82,EG_EGY_PRIM,,"IEA (2024), World Energy Balances"
414,Kuwait,2009.0,6.53,EG_EGY_PRIM,,"IEA (2024), World Energy Balances"
414,Kuwait,2010.0,7.56,EG_EGY_PRIM,,"IEA (2024), World Energy Balances"
414,Kuwait,2011.0,6.82,EG_EGY_PRIM,,"IEA (2024), World Energy Balances"
414,Kuwait,2012.0,6.76,EG_EGY_PRIM,,"IEA (2024), World Energy Balances"
414,Kuwait,2013.0,6.59,EG_EGY_PRIM,,"IEA (2024), World Energy Balances"
414,Kuwait,2014.0,6.08,EG_EGY_PRIM,,"IEA (2024), World Energy Balances"
414,Kuwait,2015.0,7.09,EG_EGY_PRIM,,"IEA (2024), World Energy Balances"
414,Kuwait,2016.0,7.16,EG_EGY_PRIM,,"IEA (2024), World Energy Balances"
414,Kuwait,2017.0,7.67,EG_EGY_PRIM,,"IEA (2024), World Energy Balances"
414,Kuwait,2018.0,7.97,EG_EGY_PRIM,,"IEA (2024), World Energy Balances"
414,Kuwait,2019.0,6.84,EG_EGY_PRIM,,"IEA (2024), World Energy Balances"
414,Kuwait,2020.0,7.56,EG_EGY_PRIM,,"IEA (2024), World Energy Balances"
414,Kuwait,2021.0,7.08,EG_EGY_PRIM,,"IEA (2024), World Energy Balances"
414,Kuwait,2022.0,7.5,EG_EGY_PRIM,,"IEA (2024), World Energy Balances"
417,Kyrgyzstan,2000.0,5.39,EG_EGY_PRIM,,"IEA (2024), World Energy Balances"
417,Kyrgyzstan,2001.0,4.76,EG_EGY_PRIM,,"IEA (2024), World Energy Balances"
417,Kyrgyzstan,2002.0,5.35,EG_EGY_PRIM,,"IEA (2024), World Energy Balances"
417,Kyrgyzstan,2003.0,5.32,EG_EGY_PRIM,,"IEA (2024), World Energy Balances"
417,Kyrgyzstan,2004.0,4.9,EG_EGY_PRIM,,"IEA (2024), World Energy Balances"
417,Kyrgyzstan,2005.0,4.97,EG_EGY_PRIM,,"IEA (2024), World Energy Balances"
417,Kyrgyzstan,2006.0,4.74,EG_EGY_PRIM,,"IEA (2024), World Energy Balances"
417,Kyrgyzstan,2007.0,5.09,EG_EGY_PRIM,,"IEA (2024), World Energy Balances"
417,Kyrgyzstan,2008.0,5.07,EG_EGY_PRIM,,"IEA (2024), World Energy Balances"
417,Kyrgyzstan,2009.0,4.5,EG_EGY_PRIM,,"IEA (2024), World Energy Balances"
417,Kyrgyzstan,2010.0,4.31,EG_EGY_PRIM,,"IEA (2024), World Energy Balances"
417,Kyrgyzstan,2011.0,4.89,EG_EGY_PRIM,,"IEA (2024), World Energy Balances"
417,Kyrgyzstan,2012.0,6.11,EG_EGY_PRIM,,"IEA (2024), World Energy Balances"
417,Kyrgyzstan,2013.0,5.2,EG_EGY_PRIM,,"IEA (2024), World Energy Balances"
417,Kyrgyzstan,2014.0,5.24,EG_EGY_PRIM,,"IEA (2024), World Energy Balances"
417,Kyrgyzstan,2015.0,4.91,EG_EGY_PRIM,,"IEA (2024), World Energy Balances"
417,Kyrgyzstan,2016.0,4.56,EG_EGY_PRIM,,"IEA (2024), World Energy Balances"
417,Kyrgyzstan,2017.0,4.34,EG_EGY_PRIM,,"IEA (2024), World Energy Balances"
417,Kyrgyzstan,2018.0,4.97,EG_EGY_PRIM,,"IEA (2024), World Energy Balances"
417,Kyrgyzstan,2019.0,4.19,EG_EGY_PRIM,,"IEA (2024), World Energy Balances"
417,Kyrgyzstan,2020.0,4.25,EG_EGY_PRIM,,"IEA (2024), World Energy Balances"
417,Kyrgyzstan,2021.0,4.35,EG_EGY_PRIM,,"IEA (2024), World Energy Balances"
417,Kyrgyzstan,2022.0,4.4,EG_EGY_PRIM,,"IEA (2024), World Energy Balances"
432,Landlocked developing countries (LLDCs),2000.0,8.69,EG_EGY_PRIM,,"IEA (2024), World Energy Balances; Energy Balances, UN Statistics Division (2024)"
432,Landlocked developing countries (LLDCs),2001.0,8.17,EG_EGY_PRIM,,"IEA (2024), World Energy Balances; Energy Balances, UN Statistics Division (2024)"
432,Landlocked developing countries (LLDCs),2002.0,8.04,EG_EGY_PRIM,,"IEA (2024), World Energy Balances; Energy Balances, UN Statistics Division (2024)"
432,Landlocked developing countries (LLDCs),2003.0,7.96,EG_EGY_PRIM,,"IEA (2024), World Energy Balances; Energy Balances, UN Statistics Division (2024)"
432,Landlocked developing countries (LLDCs),2004.0,7.89,EG_EGY_PRIM,,"IEA (2024), World Energy Balances; Energy Balances, UN Statistics Division (2024)"
432,Landlocked developing countries (LLDCs),2005.0,7.38,EG_EGY_PRIM,,"IEA (2024), World Energy Balances; Energy Balances, UN Statistics Division (2024)"
432,Landlocked developing countries (LLDCs),2006.0,7.19,EG_EGY_PRIM,,"IEA (2024), World Energy Balances; Energy Balances, UN Statistics Division (2024)"
432,Landlocked developing countries (LLDCs),2007.0,6.81,EG_EGY_PRIM,,"IEA (2024), World Energy Balances; Energy Balances, UN Statistics Division (2024)"
432,Landlocked developing countries (LLDCs),2008.0,6.75,EG_EGY_PRIM,,"IEA (2024), World Energy Balances; Energy Balances, UN Statistics Division (2024)"
432,Landlocked developing countries (LLDCs),2009.0,6.2,EG_EGY_PRIM,,"IEA (2024), World Energy Balances; Energy Balances, UN Statistics Division (2024)"
432,Landlocked developing countries (LLDCs),2010.0,6.13,EG_EGY_PRIM,,"IEA (2024), World Energy Balances; Energy Balances, UN Statistics Division (2024)"
432,Landlocked developing countries (LLDCs),2011.0,6.13,EG_EGY_PRIM,,"IEA (2024), World Energy Balances; Energy Balances, UN Statistics Division (2024)"
432,Landlocked developing countries (LLDCs),2012.0,5.73,EG_EGY_PRIM,,"IEA (2024), World Energy Balances; Energy Balances, UN Statistics Division (2024)"
432,Landlocked developing countries (LLDCs),2013.0,5.63,EG_EGY_PRIM,,"IEA (2024), World Energy Balances; Energy Balances, UN Statistics Division (2024)"
432,Landlocked developing countries (LLDCs),2014.0,5.13,EG_EGY_PRIM,,"IEA (2024), World Energy Balances; Energy Balances, UN Statistics Division (2024)"
432,Landlocked developing countries (LLDCs),2015.0,4.84,EG_EGY_PRIM,,"IEA (2024), World Energy Balances; Energy Balances, UN Statistics Division (2024)"
432,Landlocked developing countries (LLDCs),2016.0,4.98,EG_EGY_PRIM,,"IEA (2024), World Energy Balances; Energy Balances, UN Statistics Division (2024)"
432,Landlocked developing countries (LLDCs),2017.0,4.92,EG_EGY_PRIM,,"IEA (2024), World Energy Balances; Energy Balances, UN Statistics Division (2024)"
432,Landlocked developing countries (LLDCs),2018.0,4.97,EG_EGY_PRIM,,"IEA (2024), World Energy Balances; Energy Balances, UN Statistics Division (2024)"
432,Landlocked developing countries (LLDCs),2019.0,4.86,EG_EGY_PRIM,,"IEA (2024), World Energy Balances; Energy Balances, UN Statistics Division (2024)"
432,Landlocked developing countries (LLDCs),2020.0,4.93,EG_EGY_PRIM,,"IEA (2024), World Energy Balances; Energy Balances, UN Statistics Division (2024)"
432,Landlocked developing countries (LLDCs),2021.0,5.12,EG_EGY_PRIM,,"IEA (2024), World Energy Balances; Energy Balances, UN Statistics Division (2024)"
432,Landlocked developing countries (LLDCs),2022.0,5.05,EG_EGY_PRIM,,"IEA (2024), World Energy Balances; Energy Balances, UN Statistics Division (2024)"
418,Lao People's Democratic Republic,2000.0,3.63,EG_EGY_PRIM,,"Energy Balances, UN Statistics Division (2024)"
418,Lao People's Democratic Republic,2001.0,3.62,EG_EGY_PRIM,,"Energy Balances, UN Statistics Division (2024)"
418,Lao People's Democratic Republic,2002.0,3.49,EG_EGY_PRIM,,"Energy Balances, UN Statistics Division (2024)"
418,Lao People's Democratic Republic,2003.0,3.4,EG_EGY_PRIM,,"Energy Balances, UN Statistics Division (2024)"
418,Lao People's Democratic Republic,2004.0,3.27,EG_EGY_PRIM,,"Energy Balances, UN Statistics Division (2024)"
418,Lao People's Democratic Republic,2005.0,3.17,EG_EGY_PRIM,,"Energy Balances, UN Statistics Division (2024)"
418,Lao People's Democratic Republic,2006.0,3.23,EG_EGY_PRIM,,"Energy Balances, UN Statistics Division (2024)"
418,Lao People's Democratic Republic,2007.0,3.22,EG_EGY_PRIM,,"Energy Balances, UN Statistics Division (2024)"
418,Lao People's Democratic Republic,2008.0,3.33,EG_EGY_PRIM,,"Energy Balances, UN Statistics Division (2024)"
418,Lao People's Democratic Republic,2009.0,3.29,EG_EGY_PRIM,,"Energy Balances, UN Statistics Division (2024)"
418,Lao People's Democratic Republic,2010.0,3.16,EG_EGY_PRIM,,"Energy Balances, UN Statistics Division (2024)"
418,Lao People's Democratic Republic,2011.0,2.97,EG_EGY_PRIM,,"Energy Balances, UN Statistics Division (2024)"
418,Lao People's Democratic Republic,2012.0,2.81,EG_EGY_PRIM,,"Energy Balances, UN Statistics Division (2024)"
418,Lao People's Democratic Republic,2013.0,2.85,EG_EGY_PRIM,,"Energy Balances, UN Statistics Division (2024)"
418,Lao People's Democratic Republic,2014.0,2.8,EG_EGY_PRIM,,"Energy Balances, UN Statistics Division (2024)"
418,Lao People's Democratic Republic,2015.0,3.66,EG_EGY_PRIM,,"Energy Balances, UN Statistics Division (2024)"
418,Lao People's Democratic Republic,2016.0,4.54,EG_EGY_PRIM,,"Energy Balances, UN Statistics Division (2024)"
418,Lao People's Democratic Republic,2017.0,4.68,EG_EGY_PRIM,,"Energy Balances, UN Statistics Division (2024)"
418,Lao People's Democratic Republic,2018.0,4.49,EG_EGY_PRIM,,"Energy Balances, UN Statistics Division (2024)"
418,Lao People's Democratic Republic,2019.0,3.95,EG_EGY_PRIM,,"Energy Balances, UN Statistics Division (2024)"
418,Lao People's Democratic Republic,2020.0,3.87,EG_EGY_PRIM,,"Energy Balances, UN Statistics Division (2024)"
418,Lao People's Democratic Republic,2021.0,3.93,EG_EGY_PRIM,,"Energy Balances, UN Statistics Division (2024)"
418,Lao People's Democratic Republic,2022.0,4.22,EG_EGY_PRIM,,"Energy Balances, UN Statistics Division (2024)"
419,Latin America and the Caribbean,2000.0,3.27,EG_EGY_PRIM,,"IEA (2024), World Energy Balances; Energy Balances, UN Statistics Division (2024)"
419,Latin America and the Caribbean,2001.0,3.25,EG_EGY_PRIM,,"IEA (2024), World Energy Balances; Energy Balances, UN Statistics Division (2024)"
419,Latin America and the Caribbean,2002.0,3.37,EG_EGY_PRIM,,"IEA (2024), World Energy Balances; Energy Balances, UN Statistics Division (2024)"
419,Latin America and the Caribbean,2003.0,3.4,EG_EGY_PRIM,,"IEA (2024), World Energy Balances; Energy Balances, UN Statistics Division (2024)"
419,Latin America and the Caribbean,2004.0,3.33,EG_EGY_PRIM,,"IEA (2024), World Energy Balances; Energy Balances, UN Statistics Division (2024)"
419,Latin America and the Caribbean,2005.0,3.3,EG_EGY_PRIM,,"IEA (2024), World Energy Balances; Energy Balances, UN Statistics Division (2024)"
419,Latin America and the Caribbean,2006.0,3.22,EG_EGY_PRIM,,"IEA (2024), World Energy Balances; Energy Balances, UN Statistics Division (2024)"
419,Latin America and the Caribbean,2007.0,3.15,EG_EGY_PRIM,,"IEA (2024), World Energy Balances; Energy Balances, UN Statistics Division (2024)"
419,Latin America and the Caribbean,2008.0,3.11,EG_EGY_PRIM,,"IEA (2024), World Energy Balances; Energy Balances, UN Statistics Division (2024)"
419,Latin America and the Caribbean,2009.0,3.1,EG_EGY_PRIM,,"IEA (2024), World Energy Balances; Energy Balances, UN Statistics Division (2024)"
419,Latin America and the Caribbean,2010.0,3.12,EG_EGY_PRIM,,"IEA (2024), World Energy Balances; Energy Balances, UN Statistics Division (2024)"
419,Latin America and the Caribbean,2011.0,3.04,EG_EGY_PRIM,,"IEA (2024), World Energy Balances; Energy Balances, UN Statistics Division (2024)"
419,Latin America and the Caribbean,2012.0,3.05,EG_EGY_PRIM,,"IEA (2024), World Energy Balances; Energy Balances, UN Statistics Division (2024)"
419,Latin America and the Caribbean,2013.0,3.09,EG_EGY_PRIM,,"IEA (2024), World Energy Balances; Energy Balances, UN Statistics Division (2024)"
419,Latin America and the Caribbean,2014.0,3.04,EG_EGY_PRIM,,"IEA (2024), World Energy Balances; Energy Balances, UN Statistics Division (2024)"
419,Latin America and the Caribbean,2015.0,3.01,EG_EGY_PRIM,,"IEA (2024), World Energy Balances; Energy Balances, UN Statistics Division (2024)"
419,Latin America and the Caribbean,2016.0,3.0,EG_EGY_PRIM,,"IEA (2024), World Energy Balances; Energy Balances, UN Statistics Division (2024)"
419,Latin America and the Caribbean,2017.0,2.95,EG_EGY_PRIM,,"IEA (2024), World Energy Balances; Energy Balances, UN Statistics Division (2024)"
419,Latin America and the Caribbean,2018.0,2.88,EG_EGY_PRIM,,"IEA (2024), World Energy Balances; Energy Balances, UN Statistics Division (2024)"
419,Latin America and the Caribbean,2019.0,2.92,EG_EGY_PRIM,,"IEA (2024), World Energy Balances; Energy Balances, UN Statistics Division (2024)"
419,Latin America and the Caribbean,2020.0,2.94,EG_EGY_PRIM,,"IEA (2024), World Energy Balances; Energy Balances, UN Statistics Division (2024)"
419,Latin America and the Caribbean,2021.0,2.92,EG_EGY_PRIM,,"IEA (2024), World Energy Balances; Energy Balances, UN Statistics Division (2024)"
419,Latin America and the Caribbean,2022.0,2.86,EG_EGY_PRIM,,"IEA (2024), World Energy Balances; Energy Balances, UN Statistics Division (2024)"
428,Latvia,2000.0,4.52,EG_EGY_PRIM,,"IEA (2024), World Energy Balances"
428,Latvia,2001.0,4.56,EG_EGY_PRIM,,"IEA (2024), World Energy Balances"
428,Latvia,2002.0,4.22,EG_EGY_PRIM,,"IEA (2024), World Energy Balances"
428,Latvia,2003.0,4.13,EG_EGY_PRIM,,"IEA (2024), World Energy Balances"
428,Latvia,2004.0,3.91,EG_EGY_PRIM,,"IEA (2024), World Energy Balances"
428,Latvia,2005.0,3.61,EG_EGY_PRIM,,"IEA (2024), World Energy Balances"
428,Latvia,2006.0,3.34,EG_EGY_PRIM,,"IEA (2024), World Energy Balances"
428,Latvia,2007.0,3.1,EG_EGY_PRIM,,"IEA (2024), World Energy Balances"
428,Latvia,2008.0,3.07,EG_EGY_PRIM,,"IEA (2024), World Energy Balances"
428,Latvia,2009.0,3.43,EG_EGY_PRIM,,"IEA (2024), World Energy Balances"
428,Latvia,2010.0,3.68,EG_EGY_PRIM,,"IEA (2024), World Energy Balances"
428,Latvia,2011.0,3.39,EG_EGY_PRIM,,"IEA (2024), World Energy Balances"
428,Latvia,2012.0,3.28,EG_EGY_PRIM,,"IEA (2024), World Energy Balances"
428,Latvia,2013.0,3.16,EG_EGY_PRIM,,"IEA (2024), World Energy Balances"
428,Latvia,2014.0,3.1,EG_EGY_PRIM,,"IEA (2024), World Energy Balances"
428,Latvia,2015.0,2.93,EG_EGY_PRIM,,"IEA (2024), World Energy Balances"
428,Latvia,2016.0,2.86,EG_EGY_PRIM,,"IEA (2024), World Energy Balances"
428,Latvia,2017.0,2.86,EG_EGY_PRIM,,"IEA (2024), World Energy Balances"
428,Latvia,2018.0,2.9,EG_EGY_PRIM,,"IEA (2024), World Energy Balances"
428,Latvia,2019.0,2.79,EG_EGY_PRIM,,"IEA (2024), World Energy Balances"
428,Latvia,2020.0,2.76,EG_EGY_PRIM,,"IEA (2024), World Energy Balances"
428,Latvia,2021.0,2.7,EG_EGY_PRIM,,"IEA (2024), World Energy Balances"
428,Latvia,2022.0,2.49,EG_EGY_PRIM,,"IEA (2024), World Energy Balances"
199,Least Developed Countries (LDCs),2000.0,5.58,EG_EGY_PRIM,,"IEA (2024), World Energy Balances; Energy Balances, UN Statistics Division (2024)"
199,Least Developed Countries (LDCs),2001.0,5.5,EG_EGY_PRIM,,"IEA (2024), World Energy Balances; Energy Balances, UN Statistics Division (2024)"
199,Least Developed Countries (LDCs),2002.0,5.38,EG_EGY_PRIM,,"IEA (2024), World Energy Balances; Energy Balances, UN Statistics Division (2024)"
199,Least Developed Countries (LDCs),2003.0,5.31,EG_EGY_PRIM,,"IEA (2024), World Energy Balances; Energy Balances, UN Statistics Division (2024)"
199,Least Developed Countries (LDCs),2004.0,5.13,EG_EGY_PRIM,,"IEA (2024), World Energy Balances; Energy Balances, UN Statistics Division (2024)"
199,Least Developed Countries (LDCs),2005.0,4.93,EG_EGY_PRIM,,"IEA (2024), World Energy Balances; Energy Balances, UN Statistics Division (2024)"
199,Least Developed Countries (LDCs),2006.0,4.8,EG_EGY_PRIM,,"IEA (2024), World Energy Balances; Energy Balances, UN Statistics Division (2024)"
199,Least Developed Countries (LDCs),2007.0,4.56,EG_EGY_PRIM,,"IEA (2024), World Energy Balances; Energy Balances, UN Statistics Division (2024)"
199,Least Developed Countries (LDCs),2008.0,4.43,EG_EGY_PRIM,,"IEA (2024), World Energy Balances; Energy Balances, UN Statistics Division (2024)"
199,Least Developed Countries (LDCs),2009.0,4.45,EG_EGY_PRIM,,"IEA (2024), World Energy Balances; Energy Balances, UN Statistics Division (2024)"
199,Least Developed Countries (LDCs),2010.0,4.31,EG_EGY_PRIM,,"IEA (2024), World Energy Balances; Energy Balances, UN Statistics Division (2024)"
199,Least Developed Countries (LDCs),2011.0,4.3,EG_EGY_PRIM,,"IEA (2024), World Energy Balances; Energy Balances, UN Statistics Division (2024)"
199,Least Developed Countries (LDCs),2012.0,4.25,EG_EGY_PRIM,,"IEA (2024), World Energy Balances; Energy Balances, UN Statistics Division (2024)"
199,Least Developed Countries (LDCs),2013.0,4.26,EG_EGY_PRIM,,"IEA (2024), World Energy Balances; Energy Balances, UN Statistics Division (2024)"
199,Least Developed Countries (LDCs),2014.0,4.14,EG_EGY_PRIM,,"IEA (2024), World Energy Balances; Energy Balances, UN Statistics Division (2024)"
199,Least Developed Countries (LDCs),2015.0,4.1,EG_EGY_PRIM,,"IEA (2024), World Energy Balances; Energy Balances, UN Statistics Division (2024)"
199,Least Developed Countries (LDCs),2016.0,4.08,EG_EGY_PRIM,,"IEA (2024), World Energy Balances; Energy Balances, UN Statistics Division (2024)"
199,Least Developed Countries (LDCs),2017.0,4.03,EG_EGY_PRIM,,"IEA (2024), World Energy Balances; Energy Balances, UN Statistics Division (2024)"
199,Least Developed Countries (LDCs),2018.0,3.94,EG_EGY_PRIM,,"IEA (2024), World Energy Balances; Energy Balances, UN Statistics Division (2024)"
199,Least Developed Countries (LDCs),2019.0,3.86,EG_EGY_PRIM,,"IEA (2024), World Energy Balances; Energy Balances, UN Statistics Division (2024)"
199,Least Developed Countries (LDCs),2020.0,3.96,EG_EGY_PRIM,,"IEA (2024), World Energy Balances; Energy Balances, UN Statistics Division (2024)"
199,Least Developed Countries (LDCs),2021.0,3.96,EG_EGY_PRIM,,"IEA (2024), World Energy Balances; Energy Balances, UN Statistics Division (2024)"
199,Least Developed Countries (LDCs),2022.0,3.89,EG_EGY_PRIM,,"IEA (2024), World Energy Balances; Energy Balances, UN Statistics Division (2024)"
422,Lebanon,2000.0,4.77,EG_EGY_PRIM,,"IEA (2024), World Energy Balances"
422,Lebanon,2001.0,4.92,EG_EGY_PRIM,,"IEA (2024), World Energy Balances"
422,Lebanon,2002.0,4.73,EG_EGY_PRIM,,"IEA (2024), World Energy Balances"
422,Lebanon,2003.0,4.64,EG_EGY_PRIM,,"IEA (2024), World Energy Balances"
422,Lebanon,2004.0,4.36,EG_EGY_PRIM,,"IEA (2024), World Energy Balances"
422,Lebanon,2005.0,4.05,EG_EGY_PRIM,,"IEA (2024), World Energy Balances"
422,Lebanon,2006.0,3.7,EG_EGY_PRIM,,"IEA (2024), World Energy Balances"
422,Lebanon,2007.0,2.89,EG_EGY_PRIM,,"IEA (2024), World Energy Balances"
422,Lebanon,2008.0,3.47,EG_EGY_PRIM,,"IEA (2024), World Energy Balances"
422,Lebanon,2009.0,4.01,EG_EGY_PRIM,,"IEA (2024), World Energy Balances"
422,Lebanon,2010.0,3.57,EG_EGY_PRIM,,"IEA (2024), World Energy Balances"
422,Lebanon,2011.0,3.54,EG_EGY_PRIM,,"IEA (2024), World Energy Balances"
422,Lebanon,2012.0,3.9,EG_EGY_PRIM,,"IEA (2024), World Energy Balances"
422,Lebanon,2013.0,3.69,EG_EGY_PRIM,,"IEA (2024), World Energy Balances"
422,Lebanon,2014.0,3.83,EG_EGY_PRIM,,"IEA (2024), World Energy Balances"
422,Lebanon,2015.0,4.19,EG_EGY_PRIM,,"IEA (2024), World Energy Balances"
422,Lebanon,2016.0,4.26,EG_EGY_PRIM,,"IEA (2024), World Energy Balances"
422,Lebanon,2017.0,4.47,EG_EGY_PRIM,,"IEA (2024), World Energy Balances"
422,Lebanon,2018.0,4.29,EG_EGY_PRIM,,"IEA (2024), World Energy Balances"
422,Lebanon,2019.0,4.63,EG_EGY_PRIM,,"IEA (2024), World Energy Balances"
422,Lebanon,2020.0,5.08,EG_EGY_PRIM,,"IEA (2024), World Energy Balances"
422,Lebanon,2021.0,3.89,EG_EGY_PRIM,,"IEA (2024), World Energy Balances"
422,Lebanon,2022.0,2.45,EG_EGY_PRIM,,"IEA (2024), World Energy Balances"
426,Lesotho,2000.0,12.29,EG_EGY_PRIM,,"Energy Balances, UN Statistics Division (2024)"
426,Lesotho,2001.0,12.0,EG_EGY_PRIM,,"Energy Balances, UN Statistics Division (2024)"
426,Lesotho,2002.0,11.82,EG_EGY_PRIM,,"Energy Balances, UN Statistics Division (2024)"
426,Lesotho,2003.0,10.46,EG_EGY_PRIM,,"Energy Balances, UN Statistics Division (2024)"
426,Lesotho,2004.0,10.46,EG_EGY_PRIM,,"Energy Balances, UN Statistics Division (2024)"
426,Lesotho,2005.0,10.34,EG_EGY_PRIM,,"Energy Balances, UN Statistics Division (2024)"
426,Lesotho,2006.0,10.1,EG_EGY_PRIM,,"Energy Balances, UN Statistics Division (2024)"
426,Lesotho,2007.0,9.91,EG_EGY_PRIM,,"Energy Balances, UN Statistics Division (2024)"
426,Lesotho,2008.0,9.77,EG_EGY_PRIM,,"Energy Balances, UN Statistics Division (2024)"
426,Lesotho,2009.0,10.1,EG_EGY_PRIM,,"Energy Balances, UN Statistics Division (2024)"
426,Lesotho,2010.0,9.65,EG_EGY_PRIM,,"Energy Balances, UN Statistics Division (2024)"
426,Lesotho,2011.0,10.39,EG_EGY_PRIM,,"Energy Balances, UN Statistics Division (2024)"
426,Lesotho,2012.0,9.81,EG_EGY_PRIM,,"Energy Balances, UN Statistics Division (2024)"
426,Lesotho,2013.0,8.25,EG_EGY_PRIM,,"Energy Balances, UN Statistics Division (2024)"
426,Lesotho,2014.0,8.11,EG_EGY_PRIM,,"Energy Balances, UN Statistics Division (2024)"
426,Lesotho,2015.0,7.38,EG_EGY_PRIM,,"Energy Balances, UN Statistics Division (2024)"
426,Lesotho,2016.0,7.12,EG_EGY_PRIM,,"Energy Balances, UN Statistics Division (2024)"
426,Lesotho,2017.0,7.64,EG_EGY_PRIM,,"Energy Balances, UN Statistics Division (2024)"
426,Lesotho,2018.0,7.44,EG_EGY_PRIM,,"Energy Balances, UN Statistics Division (2024)"
426,Lesotho,2019.0,7.67,EG_EGY_PRIM,,"Energy Balances, UN Statistics Division (2024)"
426,Lesotho,2020.0,7.61,EG_EGY_PRIM,,"Energy Balances, UN Statistics Division (2024)"
426,Lesotho,2021.0,9.7,EG_EGY_PRIM,,"Energy Balances, UN Statistics Division (2024)"
426,Lesotho,2022.0,8.45,EG_EGY_PRIM,,"Energy Balances, UN Statistics Division (2024)"
430,Liberia,2000.0,9.53,EG_EGY_PRIM,,"Energy Balances, UN Statistics Division (2024)"
430,Liberia,2001.0,9.67,EG_EGY_PRIM,,"Energy Balances, UN Statistics Division (2024)"
430,Liberia,2002.0,9.67,EG_EGY_PRIM,,"Energy Balances, UN Statistics Division (2024)"
430,Liberia,2003.0,14.27,EG_EGY_PRIM,,"Energy Balances, UN Statistics Division (2024)"
430,Liberia,2004.0,14.39,EG_EGY_PRIM,,"Energy Balances, UN Statistics Division (2024)"
430,Liberia,2005.0,14.42,EG_EGY_PRIM,,"Energy Balances, UN Statistics Division (2024)"
430,Liberia,2006.0,13.79,EG_EGY_PRIM,,"Energy Balances, UN Statistics Division (2024)"
430,Liberia,2007.0,12.47,EG_EGY_PRIM,,"Energy Balances, UN Statistics Division (2024)"
430,Liberia,2008.0,11.96,EG_EGY_PRIM,,"Energy Balances, UN Statistics Division (2024)"
430,Liberia,2009.0,11.75,EG_EGY_PRIM,,"Energy Balances, UN Statistics Division (2024)"
430,Liberia,2010.0,11.87,EG_EGY_PRIM,,"Energy Balances, UN Statistics Division (2024)"
430,Liberia,2011.0,11.59,EG_EGY_PRIM,,"Energy Balances, UN Statistics Division (2024)"
430,Liberia,2012.0,11.16,EG_EGY_PRIM,,"Energy Balances, UN Statistics Division (2024)"
430,Liberia,2013.0,10.44,EG_EGY_PRIM,,"Energy Balances, UN Statistics Division (2024)"
430,Liberia,2014.0,10.35,EG_EGY_PRIM,,"Energy Balances, UN Statistics Division (2024)"
430,Liberia,2015.0,10.62,EG_EGY_PRIM,,"Energy Balances, UN Statistics Division (2024)"
430,Liberia,2016.0,11.06,EG_EGY_PRIM,,"Energy Balances, UN Statistics Division (2024)"
430,Liberia,2017.0,11.17,EG_EGY_PRIM,,"Energy Balances, UN Statistics Division (2024)"
430,Liberia,2018.0,11.22,EG_EGY_PRIM,,"Energy Balances, UN Statistics Division (2024)"
430,Liberia,2019.0,12.43,EG_EGY_PRIM,,"Energy Balances, UN Statistics Division (2024)"
430,Liberia,2020.0,12.83,EG_EGY_PRIM,,"Energy Balances, UN Statistics Division (2024)"
430,Liberia,2021.0,12.56,EG_EGY_PRIM,,"Energy Balances, UN Statistics Division (2024)"
430,Liberia,2022.0,12.51,EG_EGY_PRIM,,"Energy Balances, UN Statistics Division (2024)"
434,Libya,2000.0,6.92,EG_EGY_PRIM,,"IEA (2024), World Energy Balances"
434,Libya,2001.0,7.09,EG_EGY_PRIM,,"IEA (2024), World Energy Balances"
434,Libya,2002.0,7.54,EG_EGY_PRIM,,"IEA (2024), World Energy Balances"
434,Libya,2003.0,6.5,EG_EGY_PRIM,,"IEA (2024), World Energy Balances"
434,Libya,2004.0,6.31,EG_EGY_PRIM,,"IEA (2024), World Energy Balances"
434,Libya,2005.0,5.95,EG_EGY_PRIM,,"IEA (2024), World Energy Balances"
434,Libya,2006.0,5.31,EG_EGY_PRIM,,"IEA (2024), World Energy Balances"
434,Libya,2007.0,4.41,EG_EGY_PRIM,,"IEA (2024), World Energy Balances"
434,Libya,2008.0,4.93,EG_EGY_PRIM,,"IEA (2024), World Energy Balances"
434,Libya,2009.0,5.68,EG_EGY_PRIM,,"IEA (2024), World Energy Balances"
434,Libya,2010.0,6.21,EG_EGY_PRIM,,"IEA (2024), World Energy Balances"
434,Libya,2011.0,10.26,EG_EGY_PRIM,,"IEA (2024), World Energy Balances"
434,Libya,2012.0,6.3,EG_EGY_PRIM,,"IEA (2024), World Energy Balances"
434,Libya,2013.0,6.95,EG_EGY_PRIM,,"IEA (2024), World Energy Balances"
434,Libya,2014.0,11.9,EG_EGY_PRIM,,"IEA (2024), World Energy Balances"
434,Libya,2015.0,11.1,EG_EGY_PRIM,,"IEA (2024), World Energy Balances"
434,Libya,2016.0,11.04,EG_EGY_PRIM,,"IEA (2024), World Energy Balances"
434,Libya,2017.0,9.46,EG_EGY_PRIM,,"IEA (2024), World Energy Balances"
434,Libya,2018.0,7.81,EG_EGY_PRIM,,"IEA (2024), World Energy Balances"
434,Libya,2019.0,9.97,EG_EGY_PRIM,,"IEA (2024), World Energy Balances"
434,Libya,2020.0,7.08,EG_EGY_PRIM,,"IEA (2024), World Energy Balances"
434,Libya,2021.0,7.84,EG_EGY_PRIM,,"IEA (2024), World Energy Balances"
434,Libya,2022.0,9.28,EG_EGY_PRIM,,"IEA (2024), World Energy Balances"
438,Liechtenstein,2000.0,,EG_EGY_PRIM,,"Energy Balances, UN Statistics Division (2024)"
438,Liechtenstein,2001.0,,EG_EGY_PRIM,,"Energy Balances, UN Statistics Division (2024)"
438,Liechtenstein,2002.0,,EG_EGY_PRIM,,"Energy Balances, UN Statistics Division (2024)"
438,Liechtenstein,2003.0,,EG_EGY_PRIM,,"Energy Balances, UN Statistics Division (2024)"
438,Liechtenstein,2004.0,,EG_EGY_PRIM,,"Energy Balances, UN Statistics Division (2024)"
438,Liechtenstein,2005.0,,EG_EGY_PRIM,,"Energy Balances, UN Statistics Division (2024)"
438,Liechtenstein,2006.0,,EG_EGY_PRIM,,"Energy Balances, UN Statistics Division (2024)"
438,Liechtenstein,2007.0,,EG_EGY_PRIM,,"Energy Balances, UN Statistics Division (2024)"
438,Liechtenstein,2008.0,,EG_EGY_PRIM,,"Energy Balances, UN Statistics Division (2024)"
438,Liechtenstein,2009.0,,EG_EGY_PRIM,,"Energy Balances, UN Statistics Division (2024)"
438,Liechtenstein,2010.0,,EG_EGY_PRIM,,"Energy Balances, UN Statistics Division (2024)"
438,Liechtenstein,2011.0,,EG_EGY_PRIM,,"Energy Balances, UN Statistics Division (2024)"
438,Liechtenstein,2012.0,,EG_EGY_PRIM,,"Energy Balances, UN Statistics Division (2024)"
438,Liechtenstein,2013.0,,EG_EGY_PRIM,,"Energy Balances, UN Statistics Division (2024)"
438,Liechtenstein,2014.0,,EG_EGY_PRIM,,"Energy Balances, UN Statistics Division (2024)"
438,Liechtenstein,2015.0,,EG_EGY_PRIM,,"Energy Balances, UN Statistics Division (2024)"
438,Liechtenstein,2016.0,,EG_EGY_PRIM,,"Energy Balances, UN Statistics Division (2024)"
438,Liechtenstein,2017.0,,EG_EGY_PRIM,,"Energy Balances, UN Statistics Division (2024)"
438,Liechtenstein,2018.0,,EG_EGY_PRIM,,"Energy Balances, UN Statistics Division (2024)"
438,Liechtenstein,2019.0,,EG_EGY_PRIM,,"Energy Balances, UN Statistics Division (2024)"
438,Liechtenstein,2020.0,,EG_EGY_PRIM,,"Energy Balances, UN Statistics Division (2024)"
438,Liechtenstein,2021.0,,EG_EGY_PRIM,,"Energy Balances, UN Statistics Division (2024)"
438,Liechtenstein,2022.0,,EG_EGY_PRIM,,"Energy Balances, UN Statistics Division (2024)"
440,Lithuania,2000.0,5.24,EG_EGY_PRIM,,"IEA (2024), World Energy Balances"
440,Lithuania,2001.0,5.71,EG_EGY_PRIM,,"IEA (2024), World Energy Balances"
440,Lithuania,2002.0,5.73,EG_EGY_PRIM,,"IEA (2024), World Energy Balances"
440,Lithuania,2003.0,5.42,EG_EGY_PRIM,,"IEA (2024), World Energy Balances"
440,Lithuania,2004.0,5.16,EG_EGY_PRIM,,"IEA (2024), World Energy Balances"
440,Lithuania,2005.0,4.51,EG_EGY_PRIM,,"IEA (2024), World Energy Balances"
440,Lithuania,2006.0,4.13,EG_EGY_PRIM,,"IEA (2024), World Energy Balances"
440,Lithuania,2007.0,4.03,EG_EGY_PRIM,,"IEA (2024), World Energy Balances"
440,Lithuania,2008.0,3.96,EG_EGY_PRIM,,"IEA (2024), World Energy Balances"
440,Lithuania,2009.0,4.27,EG_EGY_PRIM,,"IEA (2024), World Energy Balances"
440,Lithuania,2010.0,3.38,EG_EGY_PRIM,,"IEA (2024), World Energy Balances"
440,Lithuania,2011.0,3.3,EG_EGY_PRIM,,"IEA (2024), World Energy Balances"
440,Lithuania,2012.0,3.21,EG_EGY_PRIM,,"IEA (2024), World Energy Balances"
440,Lithuania,2013.0,2.93,EG_EGY_PRIM,,"IEA (2024), World Energy Balances"
440,Lithuania,2014.0,2.83,EG_EGY_PRIM,,"IEA (2024), World Energy Balances"
440,Lithuania,2015.0,2.81,EG_EGY_PRIM,,"IEA (2024), World Energy Balances"
440,Lithuania,2016.0,2.8,EG_EGY_PRIM,,"IEA (2024), World Energy Balances"
440,Lithuania,2017.0,2.81,EG_EGY_PRIM,,"IEA (2024), World Energy Balances"
440,Lithuania,2018.0,2.74,EG_EGY_PRIM,,"IEA (2024), World Energy Balances"
440,Lithuania,2019.0,2.6,EG_EGY_PRIM,,"IEA (2024), World Energy Balances"
440,Lithuania,2020.0,2.55,EG_EGY_PRIM,,"IEA (2024), World Energy Balances"
440,Lithuania,2021.0,2.49,EG_EGY_PRIM,,"IEA (2024), World Energy Balances"
440,Lithuania,2022.0,2.16,EG_EGY_PRIM,,"IEA (2024), World Energy Balances"
442,Luxembourg,2000.0,2.78,EG_EGY_PRIM,,"IEA (2024), World Energy Balances"
442,Luxembourg,2001.0,2.84,EG_EGY_PRIM,,"IEA (2024), World Energy Balances"
442,Luxembourg,2002.0,2.86,EG_EGY_PRIM,,"IEA (2024), World Energy Balances"
442,Luxembourg,2003.0,2.94,EG_EGY_PRIM,,"IEA (2024), World Energy Balances"
442,Luxembourg,2004.0,3.13,EG_EGY_PRIM,,"IEA (2024), World Energy Balances"
442,Luxembourg,2005.0,3.12,EG_EGY_PRIM,,"IEA (2024), World Energy Balances"
442,Luxembourg,2006.0,2.91,EG_EGY_PRIM,,"IEA (2024), World Energy Balances"
442,Luxembourg,2007.0,2.62,EG_EGY_PRIM,,"IEA (2024), World Energy Balances"
442,Luxembourg,2008.0,2.63,EG_EGY_PRIM,,"IEA (2024), World Energy Balances"
442,Luxembourg,2009.0,2.55,EG_EGY_PRIM,,"IEA (2024), World Energy Balances"
442,Luxembourg,2010.0,2.62,EG_EGY_PRIM,,"IEA (2024), World Energy Balances"
442,Luxembourg,2011.0,2.57,EG_EGY_PRIM,,"IEA (2024), World Energy Balances"
442,Luxembourg,2012.0,2.48,EG_EGY_PRIM,,"IEA (2024), World Energy Balances"
442,Luxembourg,2013.0,2.33,EG_EGY_PRIM,,"IEA (2024), World Energy Balances"
442,Luxembourg,2014.0,2.18,EG_EGY_PRIM,,"IEA (2024), World Energy Balances"
442,Luxembourg,2015.0,2.08,EG_EGY_PRIM,,"IEA (2024), World Energy Balances"
442,Luxembourg,2016.0,1.96,EG_EGY_PRIM,,"IEA (2024), World Energy Balances"
442,Luxembourg,2017.0,1.97,EG_EGY_PRIM,,"IEA (2024), World Energy Balances"
442,Luxembourg,2018.0,2.02,EG_EGY_PRIM,,"IEA (2024), World Energy Balances"
442,Luxembourg,2019.0,1.99,EG_EGY_PRIM,,"IEA (2024), World Energy Balances"
442,Luxembourg,2020.0,1.74,EG_EGY_PRIM,,"IEA (2024), World Energy Balances"
442,Luxembourg,2021.0,1.71,EG_EGY_PRIM,,"IEA (2024), World Energy Balances"
442,Luxembourg,2022.0,1.49,EG_EGY_PRIM,,"IEA (2024), World Energy Balances"
450,Madagascar,2000.0,7.0,EG_EGY_PRIM,,"Energy Balances, UN Statistics Division (2024)"
450,Madagascar,2001.0,6.48,EG_EGY_PRIM,,"Energy Balances, UN Statistics Division (2024)"
450,Madagascar,2002.0,7.78,EG_EGY_PRIM,,"Energy Balances, UN Statistics Division (2024)"
450,Madagascar,2003.0,7.51,EG_EGY_PRIM,,"Energy Balances, UN Statistics Division (2024)"
450,Madagascar,2004.0,7.41,EG_EGY_PRIM,,"Energy Balances, UN Statistics Division (2024)"
450,Madagascar,2005.0,7.24,EG_EGY_PRIM,,"Energy Balances, UN Statistics Division (2024)"
450,Madagascar,2006.0,7.03,EG_EGY_PRIM,,"Energy Balances, UN Statistics Division (2024)"
450,Madagascar,2007.0,6.9,EG_EGY_PRIM,,"Energy Balances, UN Statistics Division (2024)"
450,Madagascar,2008.0,6.77,EG_EGY_PRIM,,"Energy Balances, UN Statistics Division (2024)"
450,Madagascar,2009.0,7.24,EG_EGY_PRIM,,"Energy Balances, UN Statistics Division (2024)"
450,Madagascar,2010.0,7.67,EG_EGY_PRIM,,"Energy Balances, UN Statistics Division (2024)"
450,Madagascar,2011.0,7.87,EG_EGY_PRIM,,"Energy Balances, UN Statistics Division (2024)"
450,Madagascar,2012.0,7.92,EG_EGY_PRIM,,"Energy Balances, UN Statistics Division (2024)"
450,Madagascar,2013.0,7.54,EG_EGY_PRIM,,"Energy Balances, UN Statistics Division (2024)"
450,Madagascar,2014.0,7.38,EG_EGY_PRIM,,"Energy Balances, UN Statistics Division (2024)"
450,Madagascar,2015.0,7.33,EG_EGY_PRIM,,"Energy Balances, UN Statistics Division (2024)"
450,Madagascar,2016.0,7.13,EG_EGY_PRIM,,"Energy Balances, UN Statistics Division (2024)"
450,Madagascar,2017.0,7.2,EG_EGY_PRIM,,"Energy Balances, UN Statistics Division (2024)"
450,Madagascar,2018.0,7.66,EG_EGY_PRIM,,"Energy Balances, UN Statistics Division (2024)"
450,Madagascar,2019.0,7.74,EG_EGY_PRIM,,"Energy Balances, UN Statistics Division (2024)"
450,Madagascar,2020.0,8.48,EG_EGY_PRIM,,"Energy Balances, UN Statistics Division (2024)"
450,Madagascar,2021.0,8.42,EG_EGY_PRIM,,"Energy Balances, UN Statistics Division (2024)"
450,Madagascar,2022.0,8.09,EG_EGY_PRIM,,"Energy Balances, UN Statistics Division (2024)"
454,Malawi,2000.0,6.88,EG_EGY_PRIM,,"Energy Balances, UN Statistics Division (2024)"
454,Malawi,2001.0,7.24,EG_EGY_PRIM,,"Energy Balances, UN Statistics Division (2024)"
454,Malawi,2002.0,7.44,EG_EGY_PRIM,,"Energy Balances, UN Statistics Division (2024)"
454,Malawi,2003.0,7.21,EG_EGY_PRIM,,"Energy Balances, UN Statistics Division (2024)"
454,Malawi,2004.0,7.03,EG_EGY_PRIM,,"Energy Balances, UN Statistics Division (2024)"
454,Malawi,2005.0,6.95,EG_EGY_PRIM,,"Energy Balances, UN Statistics Division (2024)"
454,Malawi,2006.0,6.74,EG_EGY_PRIM,,"Energy Balances, UN Statistics Division (2024)"
454,Malawi,2007.0,6.4,EG_EGY_PRIM,,"Energy Balances, UN Statistics Division (2024)"
454,Malawi,2008.0,6.44,EG_EGY_PRIM,,"Energy Balances, UN Statistics Division (2024)"
454,Malawi,2009.0,6.07,EG_EGY_PRIM,,"Energy Balances, UN Statistics Division (2024)"
454,Malawi,2010.0,5.75,EG_EGY_PRIM,,"Energy Balances, UN Statistics Division (2024)"
454,Malawi,2011.0,5.67,EG_EGY_PRIM,,"Energy Balances, UN Statistics Division (2024)"
454,Malawi,2012.0,5.74,EG_EGY_PRIM,,"Energy Balances, UN Statistics Division (2024)"
454,Malawi,2013.0,5.6,EG_EGY_PRIM,,"Energy Balances, UN Statistics Division (2024)"
454,Malawi,2014.0,5.38,EG_EGY_PRIM,,"Energy Balances, UN Statistics Division (2024)"
454,Malawi,2015.0,5.39,EG_EGY_PRIM,,"Energy Balances, UN Statistics Division (2024)"
454,Malawi,2016.0,5.44,EG_EGY_PRIM,,"Energy Balances, UN Statistics Division (2024)"
454,Malawi,2017.0,5.34,EG_EGY_PRIM,,"Energy Balances, UN Statistics Division (2024)"
454,Malawi,2018.0,5.39,EG_EGY_PRIM,,"Energy Balances, UN Statistics Division (2024)"
454,Malawi,2019.0,5.25,EG_EGY_PRIM,,"Energy Balances, UN Statistics Division (2024)"
454,Malawi,2020.0,5.32,EG_EGY_PRIM,,"Energy Balances, UN Statistics Division (2024)"
454,Malawi,2021.0,5.13,EG_EGY_PRIM,,"Energy Balances, UN Statistics Division (2024)"
454,Malawi,2022.0,4.99,EG_EGY_PRIM,,"Energy Balances, UN Statistics Division (2024)"
458,Malaysia,2000.0,4.73,EG_EGY_PRIM,,"IEA (2024), World Energy Balances"
458,Malaysia,2001.0,4.9,EG_EGY_PRIM,,"IEA (2024), World Energy Balances"
458,Malaysia,2002.0,4.81,EG_EGY_PRIM,,"IEA (2024), World Energy Balances"
458,Malaysia,2003.0,4.87,EG_EGY_PRIM,,"IEA (2024), World Energy Balances"
458,Malaysia,2004.0,4.91,EG_EGY_PRIM,,"IEA (2024), World Energy Balances"
458,Malaysia,2005.0,5.07,EG_EGY_PRIM,,"IEA (2024), World Energy Balances"
458,Malaysia,2006.0,4.83,EG_EGY_PRIM,,"IEA (2024), World Energy Balances"
458,Malaysia,2007.0,4.85,EG_EGY_PRIM,,"IEA (2024), World Energy Balances"
458,Malaysia,2008.0,4.9,EG_EGY_PRIM,,"IEA (2024), World Energy Balances"
458,Malaysia,2009.0,4.7,EG_EGY_PRIM,,"IEA (2024), World Energy Balances"
458,Malaysia,2010.0,4.54,EG_EGY_PRIM,,"IEA (2024), World Energy Balances"
458,Malaysia,2011.0,4.5,EG_EGY_PRIM,,"IEA (2024), World Energy Balances"
458,Malaysia,2012.0,4.33,EG_EGY_PRIM,,"IEA (2024), World Energy Balances"
458,Malaysia,2013.0,4.66,EG_EGY_PRIM,,"IEA (2024), World Energy Balances"
458,Malaysia,2014.0,4.49,EG_EGY_PRIM,,"IEA (2024), World Energy Balances"
458,Malaysia,2015.0,4.09,EG_EGY_PRIM,,"IEA (2024), World Energy Balances"
458,Malaysia,2016.0,4.06,EG_EGY_PRIM,,"IEA (2024), World Energy Balances"
458,Malaysia,2017.0,3.71,EG_EGY_PRIM,,"IEA (2024), World Energy Balances"
458,Malaysia,2018.0,3.9,EG_EGY_PRIM,,"IEA (2024), World Energy Balances"
458,Malaysia,2019.0,3.85,EG_EGY_PRIM,,"IEA (2024), World Energy Balances"
458,Malaysia,2020.0,3.9,EG_EGY_PRIM,,"IEA (2024), World Energy Balances"
458,Malaysia,2021.0,3.92,EG_EGY_PRIM,,"IEA (2024), World Energy Balances"
458,Malaysia,2022.0,3.74,EG_EGY_PRIM,,"IEA (2024), World Energy Balances"
462,Maldives,2000.0,1.77,EG_EGY_PRIM,,"Energy Balances, UN Statistics Division (2024)"
462,Maldives,2001.0,1.79,EG_EGY_PRIM,,"Energy Balances, UN Statistics Division (2024)"
462,Maldives,2002.0,2.14,EG_EGY_PRIM,,"Energy Balances, UN Statistics Division (2024)"
462,Maldives,2003.0,1.61,EG_EGY_PRIM,,"Energy Balances, UN Statistics Division (2024)"
462,Maldives,2004.0,2.01,EG_EGY_PRIM,,"Energy Balances, UN Statistics Division (2024)"
462,Maldives,2005.0,2.05,EG_EGY_PRIM,,"Energy Balances, UN Statistics Division (2024)"
462,Maldives,2006.0,2.05,EG_EGY_PRIM,,"Energy Balances, UN Statistics Division (2024)"
462,Maldives,2007.0,2.0,EG_EGY_PRIM,,"Energy Balances, UN Statistics Division (2024)"
462,Maldives,2008.0,1.97,EG_EGY_PRIM,,"Energy Balances, UN Statistics Division (2024)"
462,Maldives,2009.0,2.26,EG_EGY_PRIM,,"Energy Balances, UN Statistics Division (2024)"
462,Maldives,2010.0,2.23,EG_EGY_PRIM,,"Energy Balances, UN Statistics Division (2024)"
462,Maldives,2011.0,2.17,EG_EGY_PRIM,,"Energy Balances, UN Statistics Division (2024)"
462,Maldives,2012.0,2.39,EG_EGY_PRIM,,"Energy Balances, UN Statistics Division (2024)"
462,Maldives,2013.0,2.21,EG_EGY_PRIM,,"Energy Balances, UN Statistics Division (2024)"
462,Maldives,2014.0,2.46,EG_EGY_PRIM,,"Energy Balances, UN Statistics Division (2024)"
462,Maldives,2015.0,2.3,EG_EGY_PRIM,,"Energy Balances, UN Statistics Division (2024)"
462,Maldives,2016.0,2.42,EG_EGY_PRIM,,"Energy Balances, UN Statistics Division (2024)"
462,Maldives,2017.0,2.37,EG_EGY_PRIM,,"Energy Balances, UN Statistics Division (2024)"
462,Maldives,2018.0,2.5,EG_EGY_PRIM,,"Energy Balances, UN Statistics Division (2024)"
462,Maldives,2019.0,2.67,EG_EGY_PRIM,,"Energy Balances, UN Statistics Division (2024)"
462,Maldives,2020.0,3.36,EG_EGY_PRIM,,"Energy Balances, UN Statistics Division (2024)"
462,Maldives,2021.0,2.9,EG_EGY_PRIM,,"Energy Balances, UN Statistics Division (2024)"
462,Maldives,2022.0,2.81,EG_EGY_PRIM,,"Energy Balances, UN Statistics Division (2024)"
466,Mali,2000.0,4.14,EG_EGY_PRIM,,"Energy Balances, UN Statistics Division (2024)"
466,Mali,2001.0,3.76,EG_EGY_PRIM,,"Energy Balances, UN Statistics Division (2024)"
466,Mali,2002.0,4.06,EG_EGY_PRIM,,"Energy Balances, UN Statistics Division (2024)"
466,Mali,2003.0,4.09,EG_EGY_PRIM,,"Energy Balances, UN Statistics Division (2024)"
466,Mali,2004.0,4.29,EG_EGY_PRIM,,"Energy Balances, UN Statistics Division (2024)"
466,Mali,2005.0,4.11,EG_EGY_PRIM,,"Energy Balances, UN Statistics Division (2024)"
466,Mali,2006.0,4.04,EG_EGY_PRIM,,"Energy Balances, UN Statistics Division (2024)"
466,Mali,2007.0,4.16,EG_EGY_PRIM,,"Energy Balances, UN Statistics Division (2024)"
466,Mali,2008.0,4.07,EG_EGY_PRIM,,"Energy Balances, UN Statistics Division (2024)"
466,Mali,2009.0,4.11,EG_EGY_PRIM,,"Energy Balances, UN Statistics Division (2024)"
466,Mali,2010.0,4.86,EG_EGY_PRIM,,"Energy Balances, UN Statistics Division (2024)"
466,Mali,2011.0,4.89,EG_EGY_PRIM,,"Energy Balances, UN Statistics Division (2024)"
466,Mali,2012.0,4.9,EG_EGY_PRIM,,"Energy Balances, UN Statistics Division (2024)"
466,Mali,2013.0,4.85,EG_EGY_PRIM,,"Energy Balances, UN Statistics Division (2024)"
466,Mali,2014.0,4.65,EG_EGY_PRIM,,"Energy Balances, UN Statistics Division (2024)"
466,Mali,2015.0,4.45,EG_EGY_PRIM,,"Energy Balances, UN Statistics Division (2024)"
466,Mali,2016.0,4.46,EG_EGY_PRIM,,"Energy Balances, UN Statistics Division (2024)"
466,Mali,2017.0,4.37,EG_EGY_PRIM,,"Energy Balances, UN Statistics Division (2024)"
466,Mali,2018.0,4.28,EG_EGY_PRIM,,"Energy Balances, UN Statistics Division (2024)"
466,Mali,2019.0,4.21,EG_EGY_PRIM,,"Energy Balances, UN Statistics Division (2024)"
466,Mali,2020.0,4.43,EG_EGY_PRIM,,"Energy Balances, UN Statistics Division (2024)"
466,Mali,2021.0,4.54,EG_EGY_PRIM,,"Energy Balances, UN Statistics Division (2024)"
466,Mali,2022.0,4.37,EG_EGY_PRIM,,"Energy Balances, UN Statistics Division (2024)"
470,Malta,2000.0,2.28,EG_EGY_PRIM,,"IEA (2024), World Energy Balances"
470,Malta,2001.0,2.67,EG_EGY_PRIM,,"IEA (2024), World Energy Balances"
470,Malta,2002.0,2.43,EG_EGY_PRIM,,"IEA (2024), World Energy Balances"
470,Malta,2003.0,2.63,EG_EGY_PRIM,,"IEA (2024), World Energy Balances"
470,Malta,2004.0,2.63,EG_EGY_PRIM,,"IEA (2024), World Energy Balances"
470,Malta,2005.0,2.62,EG_EGY_PRIM,,"IEA (2024), World Energy Balances"
470,Malta,2006.0,2.56,EG_EGY_PRIM,,"IEA (2024), World Energy Balances"
470,Malta,2007.0,2.49,EG_EGY_PRIM,,"IEA (2024), World Energy Balances"
470,Malta,2008.0,2.43,EG_EGY_PRIM,,"IEA (2024), World Energy Balances"
470,Malta,2009.0,2.25,EG_EGY_PRIM,,"IEA (2024), World Energy Balances"
470,Malta,2010.0,2.2,EG_EGY_PRIM,,"IEA (2024), World Energy Balances"
470,Malta,2011.0,2.17,EG_EGY_PRIM,,"IEA (2024), World Energy Balances"
470,Malta,2012.0,2.21,EG_EGY_PRIM,,"IEA (2024), World Energy Balances"
470,Malta,2013.0,1.82,EG_EGY_PRIM,,"IEA (2024), World Energy Balances"
470,Malta,2014.0,1.7,EG_EGY_PRIM,,"IEA (2024), World Energy Balances"
470,Malta,2015.0,1.28,EG_EGY_PRIM,,"IEA (2024), World Energy Balances"
470,Malta,2016.0,1.14,EG_EGY_PRIM,,"IEA (2024), World Energy Balances"
470,Malta,2017.0,1.15,EG_EGY_PRIM,,"IEA (2024), World Energy Balances"
470,Malta,2018.0,1.08,EG_EGY_PRIM,,"IEA (2024), World Energy Balances"
470,Malta,2019.0,1.1,EG_EGY_PRIM,,"IEA (2024), World Energy Balances"
470,Malta,2020.0,1.08,EG_EGY_PRIM,,"IEA (2024), World Energy Balances"
470,Malta,2021.0,0.98,EG_EGY_PRIM,,"IEA (2024), World Energy Balances"
470,Malta,2022.0,1.03,EG_EGY_PRIM,,"IEA (2024), World Energy Balances"
584,Marshall Islands,2000.0,9.55,EG_EGY_PRIM,,"Energy Balances, UN Statistics Division (2024)"
584,Marshall Islands,2001.0,9.19,EG_EGY_PRIM,,"Energy Balances, UN Statistics Division (2024)"
584,Marshall Islands,2002.0,9.6,EG_EGY_PRIM,,"Energy Balances, UN Statistics Division (2024)"
584,Marshall Islands,2003.0,9.6,EG_EGY_PRIM,,"Energy Balances, UN Statistics Division (2024)"
584,Marshall Islands,2004.0,10.14,EG_EGY_PRIM,,"Energy Balances, UN Statistics Division (2024)"
584,Marshall Islands,2005.0,9.95,EG_EGY_PRIM,,"Energy Balances, UN Statistics Division (2024)"
584,Marshall Islands,2006.0,10.42,EG_EGY_PRIM,,"Energy Balances, UN Statistics Division (2024)"
584,Marshall Islands,2007.0,10.57,EG_EGY_PRIM,,"Energy Balances, UN Statistics Division (2024)"
584,Marshall Islands,2008.0,11.53,EG_EGY_PRIM,,"Energy Balances, UN Statistics Division (2024)"
584,Marshall Islands,2009.0,11.4,EG_EGY_PRIM,,"Energy Balances, UN Statistics Division (2024)"
584,Marshall Islands,2010.0,11.1,EG_EGY_PRIM,,"Energy Balances, UN Statistics Division (2024)"
584,Marshall Islands,2011.0,11.17,EG_EGY_PRIM,,"Energy Balances, UN Statistics Division (2024)"
584,Marshall Islands,2012.0,11.11,EG_EGY_PRIM,,"Energy Balances, UN Statistics Division (2024)"
584,Marshall Islands,2013.0,10.95,EG_EGY_PRIM,,"Energy Balances, UN Statistics Division (2024)"
584,Marshall Islands,2014.0,11.23,EG_EGY_PRIM,,"Energy Balances, UN Statistics Division (2024)"
584,Marshall Islands,2015.0,11.22,EG_EGY_PRIM,,"Energy Balances, UN Statistics Division (2024)"
584,Marshall Islands,2016.0,10.98,EG_EGY_PRIM,,"Energy Balances, UN Statistics Division (2024)"
584,Marshall Islands,2017.0,10.81,EG_EGY_PRIM,,"Energy Balances, UN Statistics Division (2024)"
584,Marshall Islands,2018.0,10.36,EG_EGY_PRIM,,"Energy Balances, UN Statistics Division (2024)"
584,Marshall Islands,2019.0,9.4,EG_EGY_PRIM,,"Energy Balances, UN Statistics Division (2024)"
584,Marshall Islands,2020.0,9.54,EG_EGY_PRIM,,"Energy Balances, UN Statistics Division (2024)"
584,Marshall Islands,2021.0,9.39,EG_EGY_PRIM,,"Energy Balances, UN Statistics Division (2024)"
584,Marshall Islands,2022.0,9.63,EG_EGY_PRIM,,"Energy Balances, UN Statistics Division (2024)"
474,Martinique,2000.0,,EG_EGY_PRIM,,"Energy Balances, UN Statistics Division (2024)"
474,Martinique,2001.0,,EG_EGY_PRIM,,"Energy Balances, UN Statistics Division (2024)"
474,Martinique,2002.0,,EG_EGY_PRIM,,"Energy Balances, UN Statistics Division (2024)"
474,Martinique,2003.0,,EG_EGY_PRIM,,"Energy Balances, UN Statistics Division (2024)"
474,Martinique,2004.0,,EG_EGY_PRIM,,"Energy Balances, UN Statistics Division (2024)"
474,Martinique,2005.0,,EG_EGY_PRIM,,"Energy Balances, UN Statistics Division (2024)"
474,Martinique,2006.0,,EG_EGY_PRIM,,"Energy Balances, UN Statistics Division (2024)"
474,Martinique,2007.0,,EG_EGY_PRIM,,"Energy Balances, UN Statistics Division (2024)"
474,Martinique,2008.0,,EG_EGY_PRIM,,"Energy Balances, UN Statistics Division (2024)"
474,Martinique,2009.0,,EG_EGY_PRIM,,"Energy Balances, UN Statistics Division (2024)"
474,Martinique,2010.0,,EG_EGY_PRIM,,"Energy Balances, UN Statistics Division (2024)"
474,Martinique,2011.0,,EG_EGY_PRIM,,"Energy Balances, UN Statistics Division (2024)"
474,Martinique,2012.0,,EG_EGY_PRIM,,"Energy Balances, UN Statistics Division (2024)"
474,Martinique,2013.0,,EG_EGY_PRIM,,"Energy Balances, UN Statistics Division (2024)"
474,Martinique,2014.0,,EG_EGY_PRIM,,"Energy Balances, UN Statistics Division (2024)"
474,Martinique,2015.0,,EG_EGY_PRIM,,"Energy Balances, UN Statistics Division (2024)"
474,Martinique,2016.0,,EG_EGY_PRIM,,"Energy Balances, UN Statistics Division (2024)"
474,Martinique,2017.0,,EG_EGY_PRIM,,"Energy Balances, UN Statistics Division (2024)"
474,Martinique,2018.0,,EG_EGY_PRIM,,"Energy Balances, UN Statistics Division (2024)"
474,Martinique,2019.0,,EG_EGY_PRIM,,"Energy Balances, UN Statistics Division (2024)"
474,Martinique,2020.0,,EG_EGY_PRIM,,"Energy Balances, UN Statistics Division (2024)"
474,Martinique,2021.0,,EG_EGY_PRIM,,"Energy Balances, UN Statistics Division (2024)"
474,Martinique,2022.0,,EG_EGY_PRIM,,"Energy Balances, UN Statistics Division (2024)"
478,Mauritania,2000.0,2.19,EG_EGY_PRIM,,"Energy Balances, UN Statistics Division (2024)"
478,Mauritania,2001.0,2.29,EG_EGY_PRIM,,"Energy Balances, UN Statistics Division (2024)"
478,Mauritania,2002.0,2.39,EG_EGY_PRIM,,"Energy Balances, UN Statistics Division (2024)"
478,Mauritania,2003.0,2.31,EG_EGY_PRIM,,"Energy Balances, UN Statistics Division (2024)"
478,Mauritania,2004.0,2.33,EG_EGY_PRIM,,"Energy Balances, UN Statistics Division (2024)"
478,Mauritania,2005.0,2.22,EG_EGY_PRIM,,"Energy Balances, UN Statistics Division (2024)"
478,Mauritania,2006.0,1.88,EG_EGY_PRIM,,"Energy Balances, UN Statistics Division (2024)"
478,Mauritania,2007.0,2.1,EG_EGY_PRIM,,"Energy Balances, UN Statistics Division (2024)"
478,Mauritania,2008.0,2.23,EG_EGY_PRIM,,"Energy Balances, UN Statistics Division (2024)"
478,Mauritania,2009.0,2.4,EG_EGY_PRIM,,"Energy Balances, UN Statistics Division (2024)"
478,Mauritania,2010.0,2.41,EG_EGY_PRIM,,"Energy Balances, UN Statistics Division (2024)"
478,Mauritania,2011.0,2.41,EG_EGY_PRIM,,"Energy Balances, UN Statistics Division (2024)"
478,Mauritania,2012.0,2.46,EG_EGY_PRIM,,"Energy Balances, UN Statistics Division (2024)"
478,Mauritania,2013.0,2.22,EG_EGY_PRIM,,"Energy Balances, UN Statistics Division (2024)"
478,Mauritania,2014.0,2.41,EG_EGY_PRIM,,"Energy Balances, UN Statistics Division (2024)"
478,Mauritania,2015.0,2.58,EG_EGY_PRIM,,"Energy Balances, UN Statistics Division (2024)"
478,Mauritania,2016.0,2.34,EG_EGY_PRIM,,"Energy Balances, UN Statistics Division (2024)"
478,Mauritania,2017.0,2.76,EG_EGY_PRIM,,"Energy Balances, UN Statistics Division (2024)"
478,Mauritania,2018.0,3.2,EG_EGY_PRIM,,"Energy Balances, UN Statistics Division (2024)"
478,Mauritania,2019.0,3.21,EG_EGY_PRIM,,"Energy Balances, UN Statistics Division (2024)"
478,Mauritania,2020.0,3.3,EG_EGY_PRIM,,"Energy Balances, UN Statistics Division (2024)"
478,Mauritania,2021.0,3.14,EG_EGY_PRIM,,"Energy Balances, UN Statistics Division (2024)"
478,Mauritania,2022.0,3.31,EG_EGY_PRIM,,"Energy Balances, UN Statistics Division (2024)"
480,Mauritius,2000.0,2.66,EG_EGY_PRIM,,"IEA (2024), World Energy Balances"
480,Mauritius,2001.0,2.7,EG_EGY_PRIM,,"IEA (2024), World Energy Balances"
480,Mauritius,2002.0,2.64,EG_EGY_PRIM,,"IEA (2024), World Energy Balances"
480,Mauritius,2003.0,2.61,EG_EGY_PRIM,,"IEA (2024), World Energy Balances"
480,Mauritius,2004.0,2.55,EG_EGY_PRIM,,"IEA (2024), World Energy Balances"
480,Mauritius,2005.0,2.6,EG_EGY_PRIM,,"IEA (2024), World Energy Balances"
480,Mauritius,2006.0,2.65,EG_EGY_PRIM,,"IEA (2024), World Energy Balances"
480,Mauritius,2007.0,2.53,EG_EGY_PRIM,,"IEA (2024), World Energy Balances"
480,Mauritius,2008.0,2.45,EG_EGY_PRIM,,"IEA (2024), World Energy Balances"
480,Mauritius,2009.0,2.32,EG_EGY_PRIM,,"IEA (2024), World Energy Balances"
480,Mauritius,2010.0,2.34,EG_EGY_PRIM,,"IEA (2024), World Energy Balances"
480,Mauritius,2011.0,2.26,EG_EGY_PRIM,,"IEA (2024), World Energy Balances"
480,Mauritius,2012.0,2.21,EG_EGY_PRIM,,"IEA (2024), World Energy Balances"
480,Mauritius,2013.0,2.18,EG_EGY_PRIM,,"IEA (2024), World Energy Balances"
480,Mauritius,2014.0,2.14,EG_EGY_PRIM,,"IEA (2024), World Energy Balances"
480,Mauritius,2015.0,2.13,EG_EGY_PRIM,,"IEA (2024), World Energy Balances"
480,Mauritius,2016.0,2.05,EG_EGY_PRIM,,"IEA (2024), World Energy Balances"
480,Mauritius,2017.0,2.01,EG_EGY_PRIM,,"IEA (2024), World Energy Balances"
480,Mauritius,2018.0,1.91,EG_EGY_PRIM,,"IEA (2024), World Energy Balances"
480,Mauritius,2019.0,1.89,EG_EGY_PRIM,,"IEA (2024), World Energy Balances"
480,Mauritius,2020.0,1.95,EG_EGY_PRIM,,"IEA (2024), World Energy Balances"
480,Mauritius,2021.0,1.97,EG_EGY_PRIM,,"IEA (2024), World Energy Balances"
480,Mauritius,2022.0,1.85,EG_EGY_PRIM,,"IEA (2024), World Energy Balances"
175,Mayotte,2000.0,,EG_EGY_PRIM,,"Energy Balances, UN Statistics Division (2024)"
175,Mayotte,2001.0,,EG_EGY_PRIM,,"Energy Balances, UN Statistics Division (2024)"
175,Mayotte,2002.0,,EG_EGY_PRIM,,"Energy Balances, UN Statistics Division (2024)"
175,Mayotte,2003.0,,EG_EGY_PRIM,,"Energy Balances, UN Statistics Division (2024)"
175,Mayotte,2004.0,,EG_EGY_PRIM,,"Energy Balances, UN Statistics Division (2024)"
175,Mayotte,2005.0,,EG_EGY_PRIM,,"Energy Balances, UN Statistics Division (2024)"
175,Mayotte,2006.0,,EG_EGY_PRIM,,"Energy Balances, UN Statistics Division (2024)"
175,Mayotte,2007.0,,EG_EGY_PRIM,,"Energy Balances, UN Statistics Division (2024)"
175,Mayotte,2008.0,,EG_EGY_PRIM,,"Energy Balances, UN Statistics Division (2024)"
175,Mayotte,2009.0,,EG_EGY_PRIM,,"Energy Balances, UN Statistics Division (2024)"
175,Mayotte,2010.0,,EG_EGY_PRIM,,"Energy Balances, UN Statistics Division (2024)"
175,Mayotte,2011.0,,EG_EGY_PRIM,,"Energy Balances, UN Statistics Division (2024)"
175,Mayotte,2012.0,,EG_EGY_PRIM,,"Energy Balances, UN Statistics Division (2024)"
175,Mayotte,2013.0,,EG_EGY_PRIM,,"Energy Balances, UN Statistics Division (2024)"
175,Mayotte,2014.0,,EG_EGY_PRIM,,"Energy Balances, UN Statistics Division (2024)"
175,Mayotte,2015.0,,EG_EGY_PRIM,,"Energy Balances, UN Statistics Division (2024)"
175,Mayotte,2016.0,,EG_EGY_PRIM,,"Energy Balances, UN Statistics Division (2024)"
175,Mayotte,2017.0,,EG_EGY_PRIM,,"Energy Balances, UN Statistics Division (2024)"
175,Mayotte,2018.0,,EG_EGY_PRIM,,"Energy Balances, UN Statistics Division (2024)"
175,Mayotte,2019.0,,EG_EGY_PRIM,,"Energy Balances, UN Statistics Division (2024)"
175,Mayotte,2020.0,,EG_EGY_PRIM,,"Energy Balances, UN Statistics Division (2024)"
175,Mayotte,2021.0,,EG_EGY_PRIM,,"Energy Balances, UN Statistics Division (2024)"
175,Mayotte,2022.0,,EG_EGY_PRIM,,"Energy Balances, UN Statistics Division (2024)"
54,Melanesia,2000.0,5.29,EG_EGY_PRIM,,"IEA (2024), World Energy Balances; Energy Balances, UN Statistics Division (2024)"
54,Melanesia,2001.0,5.42,EG_EGY_PRIM,,"IEA (2024), World Energy Balances; Energy Balances, UN Statistics Division (2024)"
54,Melanesia,2002.0,5.67,EG_EGY_PRIM,,"IEA (2024), World Energy Balances; Energy Balances, UN Statistics Division (2024)"
54,Melanesia,2003.0,5.8,EG_EGY_PRIM,,"IEA (2024), World Energy Balances; Energy Balances, UN Statistics Division (2024)"
54,Melanesia,2004.0,5.95,EG_EGY_PRIM,,"IEA (2024), World Energy Balances; Energy Balances, UN Statistics Division (2024)"
54,Melanesia,2005.0,5.85,EG_EGY_PRIM,,"IEA (2024), World Energy Balances; Energy Balances, UN Statistics Division (2024)"
54,Melanesia,2006.0,5.78,EG_EGY_PRIM,,"IEA (2024), World Energy Balances; Energy Balances, UN Statistics Division (2024)"
54,Melanesia,2007.0,6.35,EG_EGY_PRIM,,"IEA (2024), World Energy Balances; Energy Balances, UN Statistics Division (2024)"
54,Melanesia,2008.0,5.77,EG_EGY_PRIM,,"IEA (2024), World Energy Balances; Energy Balances, UN Statistics Division (2024)"
54,Melanesia,2009.0,5.7,EG_EGY_PRIM,,"IEA (2024), World Energy Balances; Energy Balances, UN Statistics Division (2024)"
54,Melanesia,2010.0,5.4,EG_EGY_PRIM,,"IEA (2024), World Energy Balances; Energy Balances, UN Statistics Division (2024)"
54,Melanesia,2011.0,5.49,EG_EGY_PRIM,,"IEA (2024), World Energy Balances; Energy Balances, UN Statistics Division (2024)"
54,Melanesia,2012.0,4.98,EG_EGY_PRIM,,"IEA (2024), World Energy Balances; Energy Balances, UN Statistics Division (2024)"
54,Melanesia,2013.0,5.13,EG_EGY_PRIM,,"IEA (2024), World Energy Balances; Energy Balances, UN Statistics Division (2024)"
54,Melanesia,2014.0,5.34,EG_EGY_PRIM,,"IEA (2024), World Energy Balances; Energy Balances, UN Statistics Division (2024)"
54,Melanesia,2015.0,5.25,EG_EGY_PRIM,,"IEA (2024), World Energy Balances; Energy Balances, UN Statistics Division (2024)"
54,Melanesia,2016.0,5.24,EG_EGY_PRIM,,"IEA (2024), World Energy Balances; Energy Balances, UN Statistics Division (2024)"
54,Melanesia,2017.0,4.99,EG_EGY_PRIM,,"IEA (2024), World Energy Balances; Energy Balances, UN Statistics Division (2024)"
54,Melanesia,2018.0,5.22,EG_EGY_PRIM,,"IEA (2024), World Energy Balances; Energy Balances, UN Statistics Division (2024)"
54,Melanesia,2019.0,5.07,EG_EGY_PRIM,,"IEA (2024), World Energy Balances; Energy Balances, UN Statistics Division (2024)"
54,Melanesia,2020.0,5.39,EG_EGY_PRIM,,"IEA (2024), World Energy Balances; Energy Balances, UN Statistics Division (2024)"
54,Melanesia,2021.0,5.29,EG_EGY_PRIM,,"IEA (2024), World Energy Balances; Energy Balances, UN Statistics Division (2024)"
54,Melanesia,2022.0,5.23,EG_EGY_PRIM,,"IEA (2024), World Energy Balances; Energy Balances, UN Statistics Division (2024)"
484,Mexico,2000.0,3.1,EG_EGY_PRIM,,"IEA (2024), World Energy Balances"
484,Mexico,2001.0,3.2,EG_EGY_PRIM,,"IEA (2024), World Energy Balances"
484,Mexico,2002.0,3.25,EG_EGY_PRIM,,"IEA (2024), World Energy Balances"
484,Mexico,2003.0,3.44,EG_EGY_PRIM,,"IEA (2024), World Energy Balances"
484,Mexico,2004.0,3.38,EG_EGY_PRIM,,"IEA (2024), World Energy Balances"
484,Mexico,2005.0,3.49,EG_EGY_PRIM,,"IEA (2024), World Energy Balances"
484,Mexico,2006.0,3.39,EG_EGY_PRIM,,"IEA (2024), World Energy Balances"
484,Mexico,2007.0,3.3,EG_EGY_PRIM,,"IEA (2024), World Energy Balances"
484,Mexico,2008.0,3.29,EG_EGY_PRIM,,"IEA (2024), World Energy Balances"
484,Mexico,2009.0,3.44,EG_EGY_PRIM,,"IEA (2024), World Energy Balances"
484,Mexico,2010.0,3.25,EG_EGY_PRIM,,"IEA (2024), World Energy Balances"
484,Mexico,2011.0,3.29,EG_EGY_PRIM,,"IEA (2024), World Energy Balances"
484,Mexico,2012.0,3.26,EG_EGY_PRIM,,"IEA (2024), World Energy Balances"
484,Mexico,2013.0,3.23,EG_EGY_PRIM,,"IEA (2024), World Energy Balances"
484,Mexico,2014.0,3.09,EG_EGY_PRIM,,"IEA (2024), World Energy Balances"
484,Mexico,2015.0,2.96,EG_EGY_PRIM,,"IEA (2024), World Energy Balances"
484,Mexico,2016.0,2.91,EG_EGY_PRIM,,"IEA (2024), World Energy Balances"
484,Mexico,2017.0,2.79,EG_EGY_PRIM,,"IEA (2024), World Energy Balances"
484,Mexico,2018.0,2.8,EG_EGY_PRIM,,"IEA (2024), World Energy Balances"
484,Mexico,2019.0,2.79,EG_EGY_PRIM,,"IEA (2024), World Energy Balances"
484,Mexico,2020.0,2.84,EG_EGY_PRIM,,"IEA (2024), World Energy Balances"
484,Mexico,2021.0,2.79,EG_EGY_PRIM,,"IEA (2024), World Energy Balances"
484,Mexico,2022.0,2.75,EG_EGY_PRIM,,"IEA (2024), World Energy Balances"
57,Micronesia,2000.0,9.07,EG_EGY_PRIM,,"IEA (2024), World Energy Balances; Energy Balances, UN Statistics Division (2024)"
57,Micronesia,2001.0,8.67,EG_EGY_PRIM,,"IEA (2024), World Energy Balances; Energy Balances, UN Statistics Division (2024)"
57,Micronesia,2002.0,8.49,EG_EGY_PRIM,,"IEA (2024), World Energy Balances; Energy Balances, UN Statistics Division (2024)"
57,Micronesia,2003.0,8.53,EG_EGY_PRIM,,"IEA (2024), World Energy Balances; Energy Balances, UN Statistics Division (2024)"
57,Micronesia,2004.0,8.42,EG_EGY_PRIM,,"IEA (2024), World Energy Balances; Energy Balances, UN Statistics Division (2024)"
57,Micronesia,2005.0,8.03,EG_EGY_PRIM,,"IEA (2024), World Energy Balances; Energy Balances, UN Statistics Division (2024)"
57,Micronesia,2006.0,7.84,EG_EGY_PRIM,,"IEA (2024), World Energy Balances; Energy Balances, UN Statistics Division (2024)"
57,Micronesia,2007.0,8.51,EG_EGY_PRIM,,"IEA (2024), World Energy Balances; Energy Balances, UN Statistics Division (2024)"
57,Micronesia,2008.0,7.93,EG_EGY_PRIM,,"IEA (2024), World Energy Balances; Energy Balances, UN Statistics Division (2024)"
57,Micronesia,2009.0,8.35,EG_EGY_PRIM,,"IEA (2024), World Energy Balances; Energy Balances, UN Statistics Division (2024)"
57,Micronesia,2010.0,8.01,EG_EGY_PRIM,,"IEA (2024), World Energy Balances; Energy Balances, UN Statistics Division (2024)"
57,Micronesia,2011.0,7.91,EG_EGY_PRIM,,"IEA (2024), World Energy Balances; Energy Balances, UN Statistics Division (2024)"
57,Micronesia,2012.0,8.0,EG_EGY_PRIM,,"IEA (2024), World Energy Balances; Energy Balances, UN Statistics Division (2024)"
57,Micronesia,2013.0,8.2,EG_EGY_PRIM,,"IEA (2024), World Energy Balances; Energy Balances, UN Statistics Division (2024)"
57,Micronesia,2014.0,8.08,EG_EGY_PRIM,,"IEA (2024), World Energy Balances; Energy Balances, UN Statistics Division (2024)"
57,Micronesia,2015.0,7.6,EG_EGY_PRIM,,"IEA (2024), World Energy Balances; Energy Balances, UN Statistics Division (2024)"
57,Micronesia,2016.0,7.43,EG_EGY_PRIM,,"IEA (2024), World Energy Balances; Energy Balances, UN Statistics Division (2024)"
57,Micronesia,2017.0,7.68,EG_EGY_PRIM,,"IEA (2024), World Energy Balances; Energy Balances, UN Statistics Division (2024)"
57,Micronesia,2018.0,7.54,EG_EGY_PRIM,,"IEA (2024), World Energy Balances; Energy Balances, UN Statistics Division (2024)"
57,Micronesia,2019.0,7.24,EG_EGY_PRIM,,"IEA (2024), World Energy Balances; Energy Balances, UN Statistics Division (2024)"
57,Micronesia,2020.0,7.31,EG_EGY_PRIM,,"IEA (2024), World Energy Balances; Energy Balances, UN Statistics Division (2024)"
57,Micronesia,2021.0,7.23,EG_EGY_PRIM,,"IEA (2024), World Energy Balances; Energy Balances, UN Statistics Division (2024)"
57,Micronesia,2022.0,7.33,EG_EGY_PRIM,,"IEA (2024), World Energy Balances; Energy Balances, UN Statistics Division (2024)"
583,Micronesia (Federated States of),2000.0,7.58,EG_EGY_PRIM,,"Energy Balances, UN Statistics Division (2024)"
583,Micronesia (Federated States of),2001.0,6.93,EG_EGY_PRIM,,"Energy Balances, UN Statistics Division (2024)"
583,Micronesia (Federated States of),2002.0,6.29,EG_EGY_PRIM,,"Energy Balances, UN Statistics Division (2024)"
583,Micronesia (Federated States of),2003.0,6.52,EG_EGY_PRIM,,"Energy Balances, UN Statistics Division (2024)"
583,Micronesia (Federated States of),2004.0,6.01,EG_EGY_PRIM,,"Energy Balances, UN Statistics Division (2024)"
583,Micronesia (Federated States of),2005.0,4.75,EG_EGY_PRIM,,"Energy Balances, UN Statistics Division (2024)"
583,Micronesia (Federated States of),2006.0,4.8,EG_EGY_PRIM,,"Energy Balances, UN Statistics Division (2024)"
583,Micronesia (Federated States of),2007.0,5.46,EG_EGY_PRIM,,"Energy Balances, UN Statistics Division (2024)"
583,Micronesia (Federated States of),2008.0,4.92,EG_EGY_PRIM,,"Energy Balances, UN Statistics Division (2024)"
583,Micronesia (Federated States of),2009.0,6.24,EG_EGY_PRIM,,"Energy Balances, UN Statistics Division (2024)"
583,Micronesia (Federated States of),2010.0,4.34,EG_EGY_PRIM,,"Energy Balances, UN Statistics Division (2024)"
583,Micronesia (Federated States of),2011.0,4.74,EG_EGY_PRIM,,"Energy Balances, UN Statistics Division (2024)"
583,Micronesia (Federated States of),2012.0,5.32,EG_EGY_PRIM,,"Energy Balances, UN Statistics Division (2024)"
583,Micronesia (Federated States of),2013.0,5.77,EG_EGY_PRIM,,"Energy Balances, UN Statistics Division (2024)"
583,Micronesia (Federated States of),2014.0,6.04,EG_EGY_PRIM,,"Energy Balances, UN Statistics Division (2024)"
583,Micronesia (Federated States of),2015.0,5.98,EG_EGY_PRIM,,"Energy Balances, UN Statistics Division (2024)"
583,Micronesia (Federated States of),2016.0,6.02,EG_EGY_PRIM,,"Energy Balances, UN Statistics Division (2024)"
583,Micronesia (Federated States of),2017.0,5.87,EG_EGY_PRIM,,"Energy Balances, UN Statistics Division (2024)"
583,Micronesia (Federated States of),2018.0,5.92,EG_EGY_PRIM,,"Energy Balances, UN Statistics Division (2024)"
583,Micronesia (Federated States of),2019.0,5.71,EG_EGY_PRIM,,"Energy Balances, UN Statistics Division (2024)"
583,Micronesia (Federated States of),2020.0,5.76,EG_EGY_PRIM,,"Energy Balances, UN Statistics Division (2024)"
583,Micronesia (Federated States of),2021.0,5.53,EG_EGY_PRIM,,"Energy Balances, UN Statistics Division (2024)"
583,Micronesia (Federated States of),2022.0,5.69,EG_EGY_PRIM,,"Energy Balances, UN Statistics Division (2024)"
17,Middle Africa,2000.0,4.51,EG_EGY_PRIM,,"IEA (2024), World Energy Balances; Energy Balances, UN Statistics Division (2024)"
17,Middle Africa,2001.0,4.47,EG_EGY_PRIM,,"IEA (2024), World Energy Balances; Energy Balances, UN Statistics Division (2024)"
17,Middle Africa,2002.0,4.34,EG_EGY_PRIM,,"IEA (2024), World Energy Balances; Energy Balances, UN Statistics Division (2024)"
17,Middle Africa,2003.0,4.38,EG_EGY_PRIM,,"IEA (2024), World Energy Balances; Energy Balances, UN Statistics Division (2024)"
17,Middle Africa,2004.0,4.24,EG_EGY_PRIM,,"IEA (2024), World Energy Balances; Energy Balances, UN Statistics Division (2024)"
17,Middle Africa,2005.0,3.97,EG_EGY_PRIM,,"IEA (2024), World Energy Balances; Energy Balances, UN Statistics Division (2024)"
17,Middle Africa,2006.0,3.87,EG_EGY_PRIM,,"IEA (2024), World Energy Balances; Energy Balances, UN Statistics Division (2024)"
17,Middle Africa,2007.0,3.66,EG_EGY_PRIM,,"IEA (2024), World Energy Balances; Energy Balances, UN Statistics Division (2024)"
17,Middle Africa,2008.0,3.56,EG_EGY_PRIM,,"IEA (2024), World Energy Balances; Energy Balances, UN Statistics Division (2024)"
17,Middle Africa,2009.0,3.69,EG_EGY_PRIM,,"IEA (2024), World Energy Balances; Energy Balances, UN Statistics Division (2024)"
17,Middle Africa,2010.0,3.68,EG_EGY_PRIM,,"IEA (2024), World Energy Balances; Energy Balances, UN Statistics Division (2024)"
17,Middle Africa,2011.0,3.64,EG_EGY_PRIM,,"IEA (2024), World Energy Balances; Energy Balances, UN Statistics Division (2024)"
17,Middle Africa,2012.0,3.87,EG_EGY_PRIM,,"IEA (2024), World Energy Balances; Energy Balances, UN Statistics Division (2024)"
17,Middle Africa,2013.0,3.97,EG_EGY_PRIM,,"IEA (2024), World Energy Balances; Energy Balances, UN Statistics Division (2024)"
17,Middle Africa,2014.0,3.79,EG_EGY_PRIM,,"IEA (2024), World Energy Balances; Energy Balances, UN Statistics Division (2024)"
17,Middle Africa,2015.0,3.95,EG_EGY_PRIM,,"IEA (2024), World Energy Balances; Energy Balances, UN Statistics Division (2024)"
17,Middle Africa,2016.0,4.02,EG_EGY_PRIM,,"IEA (2024), World Energy Balances; Energy Balances, UN Statistics Division (2024)"
17,Middle Africa,2017.0,4.0,EG_EGY_PRIM,,"IEA (2024), World Energy Balances; Energy Balances, UN Statistics Division (2024)"
17,Middle Africa,2018.0,3.97,EG_EGY_PRIM,,"IEA (2024), World Energy Balances; Energy Balances, UN Statistics Division (2024)"
17,Middle Africa,2019.0,3.97,EG_EGY_PRIM,,"IEA (2024), World Energy Balances; Energy Balances, UN Statistics Division (2024)"
17,Middle Africa,2020.0,4.36,EG_EGY_PRIM,,"IEA (2024), World Energy Balances; Energy Balances, UN Statistics Division (2024)"
17,Middle Africa,2021.0,4.56,EG_EGY_PRIM,,"IEA (2024), World Energy Balances; Energy Balances, UN Statistics Division (2024)"
17,Middle Africa,2022.0,4.5,EG_EGY_PRIM,,"IEA (2024), World Energy Balances; Energy Balances, UN Statistics Division (2024)"
496,Mongolia,2000.0,6.91,EG_EGY_PRIM,,"IEA (2024), World Energy Balances"
496,Mongolia,2001.0,6.63,EG_EGY_PRIM,,"IEA (2024), World Energy Balances"
496,Mongolia,2002.0,6.74,EG_EGY_PRIM,,"IEA (2024), World Energy Balances"
496,Mongolia,2003.0,6.13,EG_EGY_PRIM,,"IEA (2024), World Energy Balances"
496,Mongolia,2004.0,5.77,EG_EGY_PRIM,,"IEA (2024), World Energy Balances"
496,Mongolia,2005.0,6.26,EG_EGY_PRIM,,"IEA (2024), World Energy Balances"
496,Mongolia,2006.0,6.62,EG_EGY_PRIM,,"IEA (2024), World Energy Balances"
496,Mongolia,2007.0,6.36,EG_EGY_PRIM,,"IEA (2024), World Energy Balances"
496,Mongolia,2008.0,5.93,EG_EGY_PRIM,,"IEA (2024), World Energy Balances"
496,Mongolia,2009.0,6.29,EG_EGY_PRIM,,"IEA (2024), World Energy Balances"
496,Mongolia,2010.0,6.22,EG_EGY_PRIM,,"IEA (2024), World Energy Balances"
496,Mongolia,2011.0,5.81,EG_EGY_PRIM,,"IEA (2024), World Energy Balances"
496,Mongolia,2012.0,5.4,EG_EGY_PRIM,,"IEA (2024), World Energy Balances"
496,Mongolia,2013.0,5.55,EG_EGY_PRIM,,"IEA (2024), World Energy Balances"
496,Mongolia,2014.0,5.3,EG_EGY_PRIM,,"IEA (2024), World Energy Balances"
496,Mongolia,2015.0,4.54,EG_EGY_PRIM,,"IEA (2024), World Energy Balances"
496,Mongolia,2016.0,4.78,EG_EGY_PRIM,,"IEA (2024), World Energy Balances"
496,Mongolia,2017.0,4.66,EG_EGY_PRIM,,"IEA (2024), World Energy Balances"
496,Mongolia,2018.0,4.87,EG_EGY_PRIM,,"IEA (2024), World Energy Balances"
496,Mongolia,2019.0,5.35,EG_EGY_PRIM,,"IEA (2024), World Energy Balances"
496,Mongolia,2020.0,5.01,EG_EGY_PRIM,,"IEA (2024), World Energy Balances"
496,Mongolia,2021.0,5.44,EG_EGY_PRIM,,"IEA (2024), World Energy Balances"
496,Mongolia,2022.0,5.17,EG_EGY_PRIM,,"IEA (2024), World Energy Balances"
499,Montenegro,2000.0,,EG_EGY_PRIM,,"IEA (2024), World Energy Balances"
499,Montenegro,2001.0,,EG_EGY_PRIM,,"IEA (2024), World Energy Balances"
499,Montenegro,2002.0,,EG_EGY_PRIM,,"IEA (2024), World Energy Balances"
499,Montenegro,2003.0,,EG_EGY_PRIM,,"IEA (2024), World Energy Balances"
499,Montenegro,2004.0,,EG_EGY_PRIM,,"IEA (2024), World Energy Balances"
499,Montenegro,2005.0,4.18,EG_EGY_PRIM,,"IEA (2024), World Energy Balances"
499,Montenegro,2006.0,4.27,EG_EGY_PRIM,,"IEA (2024), World Energy Balances"
499,Montenegro,2007.0,3.98,EG_EGY_PRIM,,"IEA (2024), World Energy Balances"
499,Montenegro,2008.0,3.99,EG_EGY_PRIM,,"IEA (2024), World Energy Balances"
499,Montenegro,2009.0,3.36,EG_EGY_PRIM,,"IEA (2024), World Energy Balances"
499,Montenegro,2010.0,3.84,EG_EGY_PRIM,,"IEA (2024), World Energy Balances"
499,Montenegro,2011.0,3.71,EG_EGY_PRIM,,"IEA (2024), World Energy Balances"
499,Montenegro,2012.0,3.59,EG_EGY_PRIM,,"IEA (2024), World Energy Balances"
499,Montenegro,2013.0,3.21,EG_EGY_PRIM,,"IEA (2024), World Energy Balances"
499,Montenegro,2014.0,3.08,EG_EGY_PRIM,,"IEA (2024), World Energy Balances"
499,Montenegro,2015.0,3.11,EG_EGY_PRIM,,"IEA (2024), World Energy Balances"
499,Montenegro,2016.0,2.94,EG_EGY_PRIM,,"IEA (2024), World Energy Balances"
499,Montenegro,2017.0,2.94,EG_EGY_PRIM,,"IEA (2024), World Energy Balances"
499,Montenegro,2018.0,2.89,EG_EGY_PRIM,,"IEA (2024), World Energy Balances"
499,Montenegro,2019.0,2.88,EG_EGY_PRIM,,"IEA (2024), World Energy Balances"
499,Montenegro,2020.0,3.18,EG_EGY_PRIM,,"IEA (2024), World Energy Balances"
499,Montenegro,2021.0,2.98,EG_EGY_PRIM,,"IEA (2024), World Energy Balances"
499,Montenegro,2022.0,2.71,EG_EGY_PRIM,,"IEA (2024), World Energy Balances"
500,Montserrat,2000.0,,EG_EGY_PRIM,,"Energy Balances, UN Statistics Division (2024)"
500,Montserrat,2001.0,,EG_EGY_PRIM,,"Energy Balances, UN Statistics Division (2024)"
500,Montserrat,2002.0,,EG_EGY_PRIM,,"Energy Balances, UN Statistics Division (2024)"
500,Montserrat,2003.0,,EG_EGY_PRIM,,"Energy Balances, UN Statistics Division (2024)"
500,Montserrat,2004.0,,EG_EGY_PRIM,,"Energy Balances, UN Statistics Division (2024)"
500,Montserrat,2005.0,,EG_EGY_PRIM,,"Energy Balances, UN Statistics Division (2024)"
500,Montserrat,2006.0,,EG_EGY_PRIM,,"Energy Balances, UN Statistics Division (2024)"
500,Montserrat,2007.0,,EG_EGY_PRIM,,"Energy Balances, UN Statistics Division (2024)"
500,Montserrat,2008.0,,EG_EGY_PRIM,,"Energy Balances, UN Statistics Division (2024)"
500,Montserrat,2009.0,,EG_EGY_PRIM,,"Energy Balances, UN Statistics Division (2024)"
500,Montserrat,2010.0,,EG_EGY_PRIM,,"Energy Balances, UN Statistics Division (2024)"
500,Montserrat,2011.0,,EG_EGY_PRIM,,"Energy Balances, UN Statistics Division (2024)"
500,Montserrat,2012.0,,EG_EGY_PRIM,,"Energy Balances, UN Statistics Division (2024)"
500,Montserrat,2013.0,,EG_EGY_PRIM,,"Energy Balances, UN Statistics Division (2024)"
500,Montserrat,2014.0,,EG_EGY_PRIM,,"Energy Balances, UN Statistics Division (2024)"
500,Montserrat,2015.0,,EG_EGY_PRIM,,"Energy Balances, UN Statistics Division (2024)"
500,Montserrat,2016.0,,EG_EGY_PRIM,,"Energy Balances, UN Statistics Division (2024)"
500,Montserrat,2017.0,,EG_EGY_PRIM,,"Energy Balances, UN Statistics Division (2024)"
500,Montserrat,2018.0,,EG_EGY_PRIM,,"Energy Balances, UN Statistics Division (2024)"
500,Montserrat,2019.0,,EG_EGY_PRIM,,"Energy Balances, UN Statistics Division (2024)"
500,Montserrat,2020.0,,EG_EGY_PRIM,,"Energy Balances, UN Statistics Division (2024)"
500,Montserrat,2021.0,,EG_EGY_PRIM,,"Energy Balances, UN Statistics Division (2024)"
500,Montserrat,2022.0,,EG_EGY_PRIM,,"Energy Balances, UN Statistics Division (2024)"
504,Morocco,2000.0,3.15,EG_EGY_PRIM,,"IEA (2024), World Energy Balances"
504,Morocco,2001.0,3.1,EG_EGY_PRIM,,"IEA (2024), World Energy Balances"
504,Morocco,2002.0,3.05,EG_EGY_PRIM,,"IEA (2024), World Energy Balances"
504,Morocco,2003.0,2.86,EG_EGY_PRIM,,"IEA (2024), World Energy Balances"
504,Morocco,2004.0,3.21,EG_EGY_PRIM,,"IEA (2024), World Energy Balances"
504,Morocco,2005.0,3.3,EG_EGY_PRIM,,"IEA (2024), World Energy Balances"
504,Morocco,2006.0,3.11,EG_EGY_PRIM,,"IEA (2024), World Energy Balances"
504,Morocco,2007.0,3.13,EG_EGY_PRIM,,"IEA (2024), World Energy Balances"
504,Morocco,2008.0,3.07,EG_EGY_PRIM,,"IEA (2024), World Energy Balances"
504,Morocco,2009.0,2.97,EG_EGY_PRIM,,"IEA (2024), World Energy Balances"
504,Morocco,2010.0,3.02,EG_EGY_PRIM,,"IEA (2024), World Energy Balances"
504,Morocco,2011.0,3.09,EG_EGY_PRIM,,"IEA (2024), World Energy Balances"
504,Morocco,2012.0,3.04,EG_EGY_PRIM,,"IEA (2024), World Energy Balances"
504,Morocco,2013.0,2.92,EG_EGY_PRIM,,"IEA (2024), World Energy Balances"
504,Morocco,2014.0,2.89,EG_EGY_PRIM,,"IEA (2024), World Energy Balances"
504,Morocco,2015.0,2.84,EG_EGY_PRIM,,"IEA (2024), World Energy Balances"
504,Morocco,2016.0,2.83,EG_EGY_PRIM,,"IEA (2024), World Energy Balances"
504,Morocco,2017.0,2.82,EG_EGY_PRIM,,"IEA (2024), World Energy Balances"
504,Morocco,2018.0,2.77,EG_EGY_PRIM,,"IEA (2024), World Energy Balances"
504,Morocco,2019.0,2.89,EG_EGY_PRIM,,"IEA (2024), World Energy Balances"
504,Morocco,2020.0,2.95,EG_EGY_PRIM,,"IEA (2024), World Energy Balances"
504,Morocco,2021.0,2.95,EG_EGY_PRIM,,"IEA (2024), World Energy Balances"
504,Morocco,2022.0,2.87,EG_EGY_PRIM,,"IEA (2024), World Energy Balances"
508,Mozambique,2000.0,23.29,EG_EGY_PRIM,,"IEA (2024), World Energy Balances"
508,Mozambique,2001.0,21.69,EG_EGY_PRIM,,"IEA (2024), World Energy Balances"
508,Mozambique,2002.0,20.34,EG_EGY_PRIM,,"IEA (2024), World Energy Balances"
508,Mozambique,2003.0,19.96,EG_EGY_PRIM,,"IEA (2024), World Energy Balances"
508,Mozambique,2004.0,19.11,EG_EGY_PRIM,,"IEA (2024), World Energy Balances"
508,Mozambique,2005.0,18.31,EG_EGY_PRIM,,"IEA (2024), World Energy Balances"
508,Mozambique,2006.0,17.23,EG_EGY_PRIM,,"IEA (2024), World Energy Balances"
508,Mozambique,2007.0,12.94,EG_EGY_PRIM,,"IEA (2024), World Energy Balances"
508,Mozambique,2008.0,12.42,EG_EGY_PRIM,,"IEA (2024), World Energy Balances"
508,Mozambique,2009.0,12.75,EG_EGY_PRIM,,"IEA (2024), World Energy Balances"
508,Mozambique,2010.0,10.87,EG_EGY_PRIM,,"IEA (2024), World Energy Balances"
508,Mozambique,2011.0,12.17,EG_EGY_PRIM,,"IEA (2024), World Energy Balances"
508,Mozambique,2012.0,11.41,EG_EGY_PRIM,,"IEA (2024), World Energy Balances"
508,Mozambique,2013.0,11.5,EG_EGY_PRIM,,"IEA (2024), World Energy Balances"
508,Mozambique,2014.0,11.07,EG_EGY_PRIM,,"IEA (2024), World Energy Balances"
508,Mozambique,2015.0,10.66,EG_EGY_PRIM,,"IEA (2024), World Energy Balances"
508,Mozambique,2016.0,10.37,EG_EGY_PRIM,,"IEA (2024), World Energy Balances"
508,Mozambique,2017.0,10.16,EG_EGY_PRIM,,"IEA (2024), World Energy Balances"
508,Mozambique,2018.0,9.96,EG_EGY_PRIM,,"IEA (2024), World Energy Balances"
508,Mozambique,2019.0,9.85,EG_EGY_PRIM,,"IEA (2024), World Energy Balances"
508,Mozambique,2020.0,9.79,EG_EGY_PRIM,,"IEA (2024), World Energy Balances"
508,Mozambique,2021.0,10.15,EG_EGY_PRIM,,"IEA (2024), World Energy Balances"
508,Mozambique,2022.0,10.17,EG_EGY_PRIM,,"IEA (2024), World Energy Balances"
104,Myanmar,2000.0,9.42,EG_EGY_PRIM,,"IEA (2024), World Energy Balances"
104,Myanmar,2001.0,8.18,EG_EGY_PRIM,,"IEA (2024), World Energy Balances"
104,Myanmar,2002.0,7.69,EG_EGY_PRIM,,"IEA (2024), World Energy Balances"
104,Myanmar,2003.0,7.37,EG_EGY_PRIM,,"IEA (2024), World Energy Balances"
104,Myanmar,2004.0,6.73,EG_EGY_PRIM,,"IEA (2024), World Energy Balances"
104,Myanmar,2005.0,5.94,EG_EGY_PRIM,,"IEA (2024), World Energy Balances"
104,Myanmar,2006.0,5.31,EG_EGY_PRIM,,"IEA (2024), World Energy Balances"
104,Myanmar,2007.0,4.89,EG_EGY_PRIM,,"IEA (2024), World Energy Balances"
104,Myanmar,2008.0,4.37,EG_EGY_PRIM,,"IEA (2024), World Energy Balances"
104,Myanmar,2009.0,3.95,EG_EGY_PRIM,,"IEA (2024), World Energy Balances"
104,Myanmar,2010.0,3.63,EG_EGY_PRIM,,"IEA (2024), World Energy Balances"
104,Myanmar,2011.0,3.49,EG_EGY_PRIM,,"IEA (2024), World Energy Balances"
104,Myanmar,2012.0,3.58,EG_EGY_PRIM,,"IEA (2024), World Energy Balances"
104,Myanmar,2013.0,3.49,EG_EGY_PRIM,,"IEA (2024), World Energy Balances"
104,Myanmar,2014.0,3.54,EG_EGY_PRIM,,"IEA (2024), World Energy Balances"
104,Myanmar,2015.0,3.4,EG_EGY_PRIM,,"IEA (2024), World Energy Balances"
104,Myanmar,2016.0,3.43,EG_EGY_PRIM,,"IEA (2024), World Energy Balances"
104,Myanmar,2017.0,3.73,EG_EGY_PRIM,,"IEA (2024), World Energy Balances"
104,Myanmar,2018.0,3.53,EG_EGY_PRIM,,"IEA (2024), World Energy Balances"
104,Myanmar,2019.0,3.31,EG_EGY_PRIM,,"IEA (2024), World Energy Balances"
104,Myanmar,2020.0,3.33,EG_EGY_PRIM,,"IEA (2024), World Energy Balances"
104,Myanmar,2021.0,3.6,EG_EGY_PRIM,,"IEA (2024), World Energy Balances"
104,Myanmar,2022.0,3.73,EG_EGY_PRIM,,"IEA (2024), World Energy Balances"
516,Namibia,2000.0,2.91,EG_EGY_PRIM,,"IEA (2024), World Energy Balances"
516,Namibia,2001.0,3.34,EG_EGY_PRIM,,"IEA (2024), World Energy Balances"
516,Namibia,2002.0,2.89,EG_EGY_PRIM,,"IEA (2024), World Energy Balances"
516,Namibia,2003.0,2.91,EG_EGY_PRIM,,"IEA (2024), World Energy Balances"
516,Namibia,2004.0,2.95,EG_EGY_PRIM,,"IEA (2024), World Energy Balances"
516,Namibia,2005.0,3.04,EG_EGY_PRIM,,"IEA (2024), World Energy Balances"
516,Namibia,2006.0,2.92,EG_EGY_PRIM,,"IEA (2024), World Energy Balances"
516,Namibia,2007.0,2.87,EG_EGY_PRIM,,"IEA (2024), World Energy Balances"
516,Namibia,2008.0,3.09,EG_EGY_PRIM,,"IEA (2024), World Energy Balances"
516,Namibia,2009.0,3.2,EG_EGY_PRIM,,"IEA (2024), World Energy Balances"
516,Namibia,2010.0,2.58,EG_EGY_PRIM,,"IEA (2024), World Energy Balances"
516,Namibia,2011.0,2.51,EG_EGY_PRIM,,"IEA (2024), World Energy Balances"
516,Namibia,2012.0,2.48,EG_EGY_PRIM,,"IEA (2024), World Energy Balances"
516,Namibia,2013.0,2.43,EG_EGY_PRIM,,"IEA (2024), World Energy Balances"
516,Namibia,2014.0,2.41,EG_EGY_PRIM,,"IEA (2024), World Energy Balances"
516,Namibia,2015.0,2.47,EG_EGY_PRIM,,"IEA (2024), World Energy Balances"
516,Namibia,2016.0,2.68,EG_EGY_PRIM,,"IEA (2024), World Energy Balances"
516,Namibia,2017.0,2.62,EG_EGY_PRIM,,"IEA (2024), World Energy Balances"
516,Namibia,2018.0,2.74,EG_EGY_PRIM,,"IEA (2024), World Energy Balances"
516,Namibia,2019.0,2.78,EG_EGY_PRIM,,"IEA (2024), World Energy Balances"
516,Namibia,2020.0,2.94,EG_EGY_PRIM,,"IEA (2024), World Energy Balances"
516,Namibia,2021.0,2.94,EG_EGY_PRIM,,"IEA (2024), World Energy Balances"
516,Namibia,2022.0,2.91,EG_EGY_PRIM,,"IEA (2024), World Energy Balances"
520,Nauru,2000.0,15.84,EG_EGY_PRIM,,"Energy Balances, UN Statistics Division (2024)"
520,Nauru,2001.0,15.56,EG_EGY_PRIM,,"Energy Balances, UN Statistics Division (2024)"
520,Nauru,2002.0,16.65,EG_EGY_PRIM,,"Energy Balances, UN Statistics Division (2024)"
520,Nauru,2003.0,14.63,EG_EGY_PRIM,,"Energy Balances, UN Statistics Division (2024)"
520,Nauru,2004.0,14.26,EG_EGY_PRIM,,"Energy Balances, UN Statistics Division (2024)"
520,Nauru,2005.0,14.01,EG_EGY_PRIM,,"Energy Balances, UN Statistics Division (2024)"
520,Nauru,2006.0,9.13,EG_EGY_PRIM,,"Energy Balances, UN Statistics Division (2024)"
520,Nauru,2007.0,11.04,EG_EGY_PRIM,,"Energy Balances, UN Statistics Division (2024)"
520,Nauru,2008.0,9.38,EG_EGY_PRIM,,"Energy Balances, UN Statistics Division (2024)"
520,Nauru,2009.0,9.5,EG_EGY_PRIM,,"Energy Balances, UN Statistics Division (2024)"
520,Nauru,2010.0,10.1,EG_EGY_PRIM,,"Energy Balances, UN Statistics Division (2024)"
520,Nauru,2011.0,8.33,EG_EGY_PRIM,,"Energy Balances, UN Statistics Division (2024)"
520,Nauru,2012.0,6.95,EG_EGY_PRIM,,"Energy Balances, UN Statistics Division (2024)"
520,Nauru,2013.0,7.55,EG_EGY_PRIM,,"Energy Balances, UN Statistics Division (2024)"
520,Nauru,2014.0,6.96,EG_EGY_PRIM,,"Energy Balances, UN Statistics Division (2024)"
520,Nauru,2015.0,7.37,EG_EGY_PRIM,,"Energy Balances, UN Statistics Division (2024)"
520,Nauru,2016.0,6.83,EG_EGY_PRIM,,"Energy Balances, UN Statistics Division (2024)"
520,Nauru,2017.0,7.74,EG_EGY_PRIM,,"Energy Balances, UN Statistics Division (2024)"
520,Nauru,2018.0,7.55,EG_EGY_PRIM,,"Energy Balances, UN Statistics Division (2024)"
520,Nauru,2019.0,6.83,EG_EGY_PRIM,,"Energy Balances, UN Statistics Division (2024)"
520,Nauru,2020.0,6.81,EG_EGY_PRIM,,"Energy Balances, UN Statistics Division (2024)"
520,Nauru,2021.0,6.7,EG_EGY_PRIM,,"Energy Balances, UN Statistics Division (2024)"
520,Nauru,2022.0,6.8,EG_EGY_PRIM,,"Energy Balances, UN Statistics Division (2024)"
524,Nepal,2000.0,5.96,EG_EGY_PRIM,,"IEA (2024), World Energy Balances"
524,Nepal,2001.0,5.82,EG_EGY_PRIM,,"IEA (2024), World Energy Balances"
524,Nepal,2002.0,5.88,EG_EGY_PRIM,,"IEA (2024), World Energy Balances"
524,Nepal,2003.0,5.82,EG_EGY_PRIM,,"IEA (2024), World Energy Balances"
524,Nepal,2004.0,5.64,EG_EGY_PRIM,,"IEA (2024), World Energy Balances"
524,Nepal,2005.0,5.63,EG_EGY_PRIM,,"IEA (2024), World Energy Balances"
524,Nepal,2006.0,5.45,EG_EGY_PRIM,,"IEA (2024), World Energy Balances"
524,Nepal,2007.0,5.37,EG_EGY_PRIM,,"IEA (2024), World Energy Balances"
524,Nepal,2008.0,5.24,EG_EGY_PRIM,,"IEA (2024), World Energy Balances"
524,Nepal,2009.0,5.16,EG_EGY_PRIM,,"IEA (2024), World Energy Balances"
524,Nepal,2010.0,5.07,EG_EGY_PRIM,,"IEA (2024), World Energy Balances"
524,Nepal,2011.0,5.07,EG_EGY_PRIM,,"IEA (2024), World Energy Balances"
524,Nepal,2012.0,4.66,EG_EGY_PRIM,,"IEA (2024), World Energy Balances"
524,Nepal,2013.0,5.06,EG_EGY_PRIM,,"IEA (2024), World Energy Balances"
524,Nepal,2014.0,4.98,EG_EGY_PRIM,,"IEA (2024), World Energy Balances"
524,Nepal,2015.0,4.77,EG_EGY_PRIM,,"IEA (2024), World Energy Balances"
524,Nepal,2016.0,5.12,EG_EGY_PRIM,,"IEA (2024), World Energy Balances"
524,Nepal,2017.0,4.98,EG_EGY_PRIM,,"IEA (2024), World Energy Balances"
524,Nepal,2018.0,4.83,EG_EGY_PRIM,,"IEA (2024), World Energy Balances"
524,Nepal,2019.0,4.39,EG_EGY_PRIM,,"IEA (2024), World Energy Balances"
524,Nepal,2020.0,4.98,EG_EGY_PRIM,,"IEA (2024), World Energy Balances"
524,Nepal,2021.0,4.83,EG_EGY_PRIM,,"IEA (2024), World Energy Balances"
524,Nepal,2022.0,4.57,EG_EGY_PRIM,,"IEA (2024), World Energy Balances"
528,Netherlands (Kingdom of the),2000.0,3.47,EG_EGY_PRIM,,"IEA (2024), World Energy Balances"
528,Netherlands (Kingdom of the),2001.0,3.48,EG_EGY_PRIM,,"IEA (2024), World Energy Balances"
528,Netherlands (Kingdom of the),2002.0,3.51,EG_EGY_PRIM,,"IEA (2024), World Energy Balances"
528,Netherlands (Kingdom of the),2003.0,3.64,EG_EGY_PRIM,,"IEA (2024), World Energy Balances"
528,Netherlands (Kingdom of the),2004.0,3.6,EG_EGY_PRIM,,"IEA (2024), World Energy Balances"
528,Netherlands (Kingdom of the),2005.0,3.47,EG_EGY_PRIM,,"IEA (2024), World Energy Balances"
528,Netherlands (Kingdom of the),2006.0,3.32,EG_EGY_PRIM,,"IEA (2024), World Energy Balances"
528,Netherlands (Kingdom of the),2007.0,3.18,EG_EGY_PRIM,,"IEA (2024), World Energy Balances"
528,Netherlands (Kingdom of the),2008.0,3.09,EG_EGY_PRIM,,"IEA (2024), World Energy Balances"
528,Netherlands (Kingdom of the),2009.0,3.17,EG_EGY_PRIM,,"IEA (2024), World Energy Balances"
528,Netherlands (Kingdom of the),2010.0,3.35,EG_EGY_PRIM,,"IEA (2024), World Energy Balances"
528,Netherlands (Kingdom of the),2011.0,3.06,EG_EGY_PRIM,,"IEA (2024), World Energy Balances"
528,Netherlands (Kingdom of the),2012.0,3.1,EG_EGY_PRIM,,"IEA (2024), World Energy Balances"
528,Netherlands (Kingdom of the),2013.0,3.03,EG_EGY_PRIM,,"IEA (2024), World Energy Balances"
528,Netherlands (Kingdom of the),2014.0,2.81,EG_EGY_PRIM,,"IEA (2024), World Energy Balances"
528,Netherlands (Kingdom of the),2015.0,2.62,EG_EGY_PRIM,,"IEA (2024), World Energy Balances"
528,Netherlands (Kingdom of the),2016.0,2.71,EG_EGY_PRIM,,"IEA (2024), World Energy Balances"
528,Netherlands (Kingdom of the),2017.0,2.6,EG_EGY_PRIM,,"IEA (2024), World Energy Balances"
528,Netherlands (Kingdom of the),2018.0,2.4,EG_EGY_PRIM,,"IEA (2024), World Energy Balances"
528,Netherlands (Kingdom of the),2019.0,2.52,EG_EGY_PRIM,,"IEA (2024), World Energy Balances"
528,Netherlands (Kingdom of the),2020.0,2.54,EG_EGY_PRIM,,"IEA (2024), World Energy Balances"
528,Netherlands (Kingdom of the),2021.0,2.45,EG_EGY_PRIM,,"IEA (2024), World Energy Balances"
528,Netherlands (Kingdom of the),2022.0,2.08,EG_EGY_PRIM,,"IEA (2024), World Energy Balances"
540,New Caledonia,2000.0,6.84,EG_EGY_PRIM,,"Energy Balances, UN Statistics Division (2024)"
540,New Caledonia,2001.0,5.64,EG_EGY_PRIM,,"Energy Balances, UN Statistics Division (2024)"
540,New Caledonia,2002.0,7.0,EG_EGY_PRIM,,"Energy Balances, UN Statistics Division (2024)"
540,New Caledonia,2003.0,7.9,EG_EGY_PRIM,,"Energy Balances, UN Statistics Division (2024)"
540,New Caledonia,2004.0,7.08,EG_EGY_PRIM,,"Energy Balances, UN Statistics Division (2024)"
540,New Caledonia,2005.0,7.81,EG_EGY_PRIM,,"Energy Balances, UN Statistics Division (2024)"
540,New Caledonia,2006.0,7.26,EG_EGY_PRIM,,"Energy Balances, UN Statistics Division (2024)"
540,New Caledonia,2007.0,7.9,EG_EGY_PRIM,,"Energy Balances, UN Statistics Division (2024)"
540,New Caledonia,2008.0,7.77,EG_EGY_PRIM,,"Energy Balances, UN Statistics Division (2024)"
540,New Caledonia,2009.0,8.15,EG_EGY_PRIM,,"Energy Balances, UN Statistics Division (2024)"
540,New Caledonia,2010.0,9.31,EG_EGY_PRIM,,"Energy Balances, UN Statistics Division (2024)"
540,New Caledonia,2011.0,9.23,EG_EGY_PRIM,,"Energy Balances, UN Statistics Division (2024)"
540,New Caledonia,2012.0,9.47,EG_EGY_PRIM,,"Energy Balances, UN Statistics Division (2024)"
540,New Caledonia,2013.0,10.05,EG_EGY_PRIM,,"Energy Balances, UN Statistics Division (2024)"
540,New Caledonia,2014.0,12.28,EG_EGY_PRIM,,"Energy Balances, UN Statistics Division (2024)"
540,New Caledonia,2015.0,11.72,EG_EGY_PRIM,,"Energy Balances, UN Statistics Division (2024)"
540,New Caledonia,2016.0,12.75,EG_EGY_PRIM,,"Energy Balances, UN Statistics Division (2024)"
540,New Caledonia,2017.0,12.54,EG_EGY_PRIM,,"Energy Balances, UN Statistics Division (2024)"
540,New Caledonia,2018.0,12.71,EG_EGY_PRIM,,"Energy Balances, UN Statistics Division (2024)"
540,New Caledonia,2019.0,12.43,EG_EGY_PRIM,,"Energy Balances, UN Statistics Division (2024)"
540,New Caledonia,2020.0,11.56,EG_EGY_PRIM,,"Energy Balances, UN Statistics Division (2024)"
540,New Caledonia,2021.0,10.69,EG_EGY_PRIM,,"Energy Balances, UN Statistics Division (2024)"
540,New Caledonia,2022.0,11.6,EG_EGY_PRIM,,"Energy Balances, UN Statistics Division (2024)"
554,New Zealand,2000.0,5.23,EG_EGY_PRIM,,"IEA (2024), World Energy Balances"
554,New Zealand,2001.0,5.1,EG_EGY_PRIM,,"IEA (2024), World Energy Balances"
554,New Zealand,2002.0,4.87,EG_EGY_PRIM,,"IEA (2024), World Energy Balances"
554,New Zealand,2003.0,4.59,EG_EGY_PRIM,,"IEA (2024), World Energy Balances"
554,New Zealand,2004.0,4.49,EG_EGY_PRIM,,"IEA (2024), World Energy Balances"
554,New Zealand,2005.0,4.25,EG_EGY_PRIM,,"IEA (2024), World Energy Balances"
554,New Zealand,2006.0,4.14,EG_EGY_PRIM,,"IEA (2024), World Energy Balances"
554,New Zealand,2007.0,4.05,EG_EGY_PRIM,,"IEA (2024), World Energy Balances"
554,New Zealand,2008.0,4.11,EG_EGY_PRIM,,"IEA (2024), World Energy Balances"
554,New Zealand,2009.0,4.19,EG_EGY_PRIM,,"IEA (2024), World Energy Balances"
554,New Zealand,2010.0,4.26,EG_EGY_PRIM,,"IEA (2024), World Energy Balances"
554,New Zealand,2011.0,4.18,EG_EGY_PRIM,,"IEA (2024), World Energy Balances"
554,New Zealand,2012.0,4.3,EG_EGY_PRIM,,"IEA (2024), World Energy Balances"
554,New Zealand,2013.0,4.25,EG_EGY_PRIM,,"IEA (2024), World Energy Balances"
554,New Zealand,2014.0,4.3,EG_EGY_PRIM,,"IEA (2024), World Energy Balances"
554,New Zealand,2015.0,4.2,EG_EGY_PRIM,,"IEA (2024), World Energy Balances"
554,New Zealand,2016.0,3.99,EG_EGY_PRIM,,"IEA (2024), World Energy Balances"
554,New Zealand,2017.0,3.88,EG_EGY_PRIM,,"IEA (2024), World Energy Balances"
554,New Zealand,2018.0,3.76,EG_EGY_PRIM,,"IEA (2024), World Energy Balances"
554,New Zealand,2019.0,3.74,EG_EGY_PRIM,,"IEA (2024), World Energy Balances"
554,New Zealand,2020.0,3.58,EG_EGY_PRIM,,"IEA (2024), World Energy Balances"
554,New Zealand,2021.0,3.44,EG_EGY_PRIM,,"IEA (2024), World Energy Balances"
554,New Zealand,2022.0,3.22,EG_EGY_PRIM,,"IEA (2024), World Energy Balances"
558,Nicaragua,2000.0,4.32,EG_EGY_PRIM,,"IEA (2024), World Energy Balances"
558,Nicaragua,2001.0,4.23,EG_EGY_PRIM,,"IEA (2024), World Energy Balances"
558,Nicaragua,2002.0,4.2,EG_EGY_PRIM,,"IEA (2024), World Energy Balances"
558,Nicaragua,2003.0,4.25,EG_EGY_PRIM,,"IEA (2024), World Energy Balances"
558,Nicaragua,2004.0,4.25,EG_EGY_PRIM,,"IEA (2024), World Energy Balances"
558,Nicaragua,2005.0,4.15,EG_EGY_PRIM,,"IEA (2024), World Energy Balances"
558,Nicaragua,2006.0,4.14,EG_EGY_PRIM,,"IEA (2024), World Energy Balances"
558,Nicaragua,2007.0,4.0,EG_EGY_PRIM,,"IEA (2024), World Energy Balances"
558,Nicaragua,2008.0,3.88,EG_EGY_PRIM,,"IEA (2024), World Energy Balances"
558,Nicaragua,2009.0,3.99,EG_EGY_PRIM,,"IEA (2024), World Energy Balances"
558,Nicaragua,2010.0,3.92,EG_EGY_PRIM,,"IEA (2024), World Energy Balances"
558,Nicaragua,2011.0,3.75,EG_EGY_PRIM,,"IEA (2024), World Energy Balances"
558,Nicaragua,2012.0,3.81,EG_EGY_PRIM,,"IEA (2024), World Energy Balances"
558,Nicaragua,2013.0,3.75,EG_EGY_PRIM,,"IEA (2024), World Energy Balances"
558,Nicaragua,2014.0,3.69,EG_EGY_PRIM,,"IEA (2024), World Energy Balances"
558,Nicaragua,2015.0,3.72,EG_EGY_PRIM,,"IEA (2024), World Energy Balances"
558,Nicaragua,2016.0,3.7,EG_EGY_PRIM,,"IEA (2024), World Energy Balances"
558,Nicaragua,2017.0,3.61,EG_EGY_PRIM,,"IEA (2024), World Energy Balances"
558,Nicaragua,2018.0,3.69,EG_EGY_PRIM,,"IEA (2024), World Energy Balances"
558,Nicaragua,2019.0,3.85,EG_EGY_PRIM,,"IEA (2024), World Energy Balances"
558,Nicaragua,2020.0,3.76,EG_EGY_PRIM,,"IEA (2024), World Energy Balances"
558,Nicaragua,2021.0,3.55,EG_EGY_PRIM,,"IEA (2024), World Energy Balances"
558,Nicaragua,2022.0,3.51,EG_EGY_PRIM,,"IEA (2024), World Energy Balances"
562,Niger,2000.0,4.5,EG_EGY_PRIM,,"IEA (2024), World Energy Balances"
562,Niger,2001.0,4.31,EG_EGY_PRIM,,"IEA (2024), World Energy Balances"
562,Niger,2002.0,4.27,EG_EGY_PRIM,,"IEA (2024), World Energy Balances"
562,Niger,2003.0,4.36,EG_EGY_PRIM,,"IEA (2024), World Energy Balances"
562,Niger,2004.0,4.54,EG_EGY_PRIM,,"IEA (2024), World Energy Balances"
562,Niger,2005.0,4.28,EG_EGY_PRIM,,"IEA (2024), World Energy Balances"
562,Niger,2006.0,4.15,EG_EGY_PRIM,,"IEA (2024), World Energy Balances"
562,Niger,2007.0,4.21,EG_EGY_PRIM,,"IEA (2024), World Energy Balances"
562,Niger,2008.0,4.09,EG_EGY_PRIM,,"IEA (2024), World Energy Balances"
562,Niger,2009.0,4.25,EG_EGY_PRIM,,"IEA (2024), World Energy Balances"
562,Niger,2010.0,4.22,EG_EGY_PRIM,,"IEA (2024), World Energy Balances"
562,Niger,2011.0,3.58,EG_EGY_PRIM,,"IEA (2024), World Energy Balances"
562,Niger,2012.0,3.83,EG_EGY_PRIM,,"IEA (2024), World Energy Balances"
562,Niger,2013.0,4.55,EG_EGY_PRIM,,"IEA (2024), World Energy Balances"
562,Niger,2014.0,4.34,EG_EGY_PRIM,,"IEA (2024), World Energy Balances"
562,Niger,2015.0,4.23,EG_EGY_PRIM,,"IEA (2024), World Energy Balances"
562,Niger,2016.0,4.11,EG_EGY_PRIM,,"IEA (2024), World Energy Balances"
562,Niger,2017.0,3.96,EG_EGY_PRIM,,"IEA (2024), World Energy Balances"
562,Niger,2018.0,3.89,EG_EGY_PRIM,,"IEA (2024), World Energy Balances"
562,Niger,2019.0,3.84,EG_EGY_PRIM,,"IEA (2024), World Energy Balances"
562,Niger,2020.0,3.83,EG_EGY_PRIM,,"IEA (2024), World Energy Balances"
562,Niger,2021.0,4.01,EG_EGY_PRIM,,"IEA (2024), World Energy Balances"
562,Niger,2022.0,3.95,EG_EGY_PRIM,,"IEA (2024), World Energy Balances"
566,Nigeria,2000.0,3.74,EG_EGY_PRIM,,"IEA (2024), World Energy Balances"
566,Nigeria,2001.0,3.72,EG_EGY_PRIM,,"IEA (2024), World Energy Balances"
566,Nigeria,2002.0,3.35,EG_EGY_PRIM,,"IEA (2024), World Energy Balances"
566,Nigeria,2003.0,3.29,EG_EGY_PRIM,,"IEA (2024), World Energy Balances"
566,Nigeria,2004.0,2.95,EG_EGY_PRIM,,"IEA (2024), World Energy Balances"
566,Nigeria,2005.0,3.03,EG_EGY_PRIM,,"IEA (2024), World Energy Balances"
566,Nigeria,2006.0,2.75,EG_EGY_PRIM,,"IEA (2024), World Energy Balances"
566,Nigeria,2007.0,2.58,EG_EGY_PRIM,,"IEA (2024), World Energy Balances"
566,Nigeria,2008.0,2.52,EG_EGY_PRIM,,"IEA (2024), World Energy Balances"
566,Nigeria,2009.0,2.17,EG_EGY_PRIM,,"IEA (2024), World Energy Balances"
566,Nigeria,2010.0,2.57,EG_EGY_PRIM,,"IEA (2024), World Energy Balances"
566,Nigeria,2011.0,2.84,EG_EGY_PRIM,,"IEA (2024), World Energy Balances"
566,Nigeria,2012.0,2.65,EG_EGY_PRIM,,"IEA (2024), World Energy Balances"
566,Nigeria,2013.0,2.54,EG_EGY_PRIM,,"IEA (2024), World Energy Balances"
566,Nigeria,2014.0,2.44,EG_EGY_PRIM,,"IEA (2024), World Energy Balances"
566,Nigeria,2015.0,2.24,EG_EGY_PRIM,,"IEA (2024), World Energy Balances"
566,Nigeria,2016.0,2.41,EG_EGY_PRIM,,"IEA (2024), World Energy Balances"
566,Nigeria,2017.0,2.34,EG_EGY_PRIM,,"IEA (2024), World Energy Balances"
566,Nigeria,2018.0,2.23,EG_EGY_PRIM,,"IEA (2024), World Energy Balances"
566,Nigeria,2019.0,2.46,EG_EGY_PRIM,,"IEA (2024), World Energy Balances"
566,Nigeria,2020.0,2.5,EG_EGY_PRIM,,"IEA (2024), World Energy Balances"
566,Nigeria,2021.0,2.55,EG_EGY_PRIM,,"IEA (2024), World Energy Balances"
566,Nigeria,2022.0,2.51,EG_EGY_PRIM,,"IEA (2024), World Energy Balances"
570,Niue,2000.0,,EG_EGY_PRIM,,"Energy Balances, UN Statistics Division (2024)"
570,Niue,2001.0,,EG_EGY_PRIM,,"Energy Balances, UN Statistics Division (2024)"
570,Niue,2002.0,,EG_EGY_PRIM,,"Energy Balances, UN Statistics Division (2024)"
570,Niue,2003.0,,EG_EGY_PRIM,,"Energy Balances, UN Statistics Division (2024)"
570,Niue,2004.0,,EG_EGY_PRIM,,"Energy Balances, UN Statistics Division (2024)"
570,Niue,2005.0,,EG_EGY_PRIM,,"Energy Balances, UN Statistics Division (2024)"
570,Niue,2006.0,,EG_EGY_PRIM,,"Energy Balances, UN Statistics Division (2024)"
570,Niue,2007.0,,EG_EGY_PRIM,,"Energy Balances, UN Statistics Division (2024)"
570,Niue,2008.0,,EG_EGY_PRIM,,"Energy Balances, UN Statistics Division (2024)"
570,Niue,2009.0,,EG_EGY_PRIM,,"Energy Balances, UN Statistics Division (2024)"
570,Niue,2010.0,,EG_EGY_PRIM,,"Energy Balances, UN Statistics Division (2024)"
570,Niue,2011.0,,EG_EGY_PRIM,,"Energy Balances, UN Statistics Division (2024)"
570,Niue,2012.0,,EG_EGY_PRIM,,"Energy Balances, UN Statistics Division (2024)"
570,Niue,2013.0,,EG_EGY_PRIM,,"Energy Balances, UN Statistics Division (2024)"
570,Niue,2014.0,,EG_EGY_PRIM,,"Energy Balances, UN Statistics Division (2024)"
570,Niue,2015.0,,EG_EGY_PRIM,,"Energy Balances, UN Statistics Division (2024)"
570,Niue,2016.0,,EG_EGY_PRIM,,"Energy Balances, UN Statistics Division (2024)"
570,Niue,2017.0,,EG_EGY_PRIM,,"Energy Balances, UN Statistics Division (2024)"
570,Niue,2018.0,,EG_EGY_PRIM,,"Energy Balances, UN Statistics Division (2024)"
570,Niue,2019.0,,EG_EGY_PRIM,,"Energy Balances, UN Statistics Division (2024)"
570,Niue,2020.0,,EG_EGY_PRIM,,"Energy Balances, UN Statistics Division (2024)"
570,Niue,2021.0,,EG_EGY_PRIM,,"Energy Balances, UN Statistics Division (2024)"
570,Niue,2022.0,,EG_EGY_PRIM,,"Energy Balances, UN Statistics Division (2024)"
807,North Macedonia,2000.0,4.55,EG_EGY_PRIM,,"IEA (2024), World Energy Balances"
807,North Macedonia,2001.0,4.53,EG_EGY_PRIM,,"IEA (2024), World Energy Balances"
807,North Macedonia,2002.0,4.38,EG_EGY_PRIM,,"IEA (2024), World Energy Balances"
807,North Macedonia,2003.0,4.73,EG_EGY_PRIM,,"IEA (2024), World Energy Balances"
807,North Macedonia,2004.0,4.45,EG_EGY_PRIM,,"IEA (2024), World Energy Balances"
807,North Macedonia,2005.0,4.51,EG_EGY_PRIM,,"IEA (2024), World Energy Balances"
807,North Macedonia,2006.0,4.36,EG_EGY_PRIM,,"IEA (2024), World Energy Balances"
807,North Macedonia,2007.0,4.25,EG_EGY_PRIM,,"IEA (2024), World Energy Balances"
807,North Macedonia,2008.0,3.98,EG_EGY_PRIM,,"IEA (2024), World Energy Balances"
807,North Macedonia,2009.0,3.7,EG_EGY_PRIM,,"IEA (2024), World Energy Balances"
807,North Macedonia,2010.0,3.65,EG_EGY_PRIM,,"IEA (2024), World Energy Balances"
807,North Macedonia,2011.0,3.9,EG_EGY_PRIM,,"IEA (2024), World Energy Balances"
807,North Macedonia,2012.0,3.74,EG_EGY_PRIM,,"IEA (2024), World Energy Balances"
807,North Macedonia,2013.0,3.36,EG_EGY_PRIM,,"IEA (2024), World Energy Balances"
807,North Macedonia,2014.0,3.16,EG_EGY_PRIM,,"IEA (2024), World Energy Balances"
807,North Macedonia,2015.0,2.99,EG_EGY_PRIM,,"IEA (2024), World Energy Balances"
807,North Macedonia,2016.0,2.94,EG_EGY_PRIM,,"IEA (2024), World Energy Balances"
807,North Macedonia,2017.0,2.96,EG_EGY_PRIM,,"IEA (2024), World Energy Balances"
807,North Macedonia,2018.0,2.73,EG_EGY_PRIM,,"IEA (2024), World Energy Balances"
807,North Macedonia,2019.0,2.86,EG_EGY_PRIM,,"IEA (2024), World Energy Balances"
807,North Macedonia,2020.0,2.74,EG_EGY_PRIM,,"IEA (2024), World Energy Balances"
807,North Macedonia,2021.0,2.72,EG_EGY_PRIM,,"IEA (2024), World Energy Balances"
807,North Macedonia,2022.0,2.7,EG_EGY_PRIM,,"IEA (2024), World Energy Balances"
15,Northern Africa,2000.0,3.2,EG_EGY_PRIM,,"IEA (2024), World Energy Balances; Energy Balances, UN Statistics Division (2024)"
15,Northern Africa,2001.0,3.28,EG_EGY_PRIM,,"IEA (2024), World Energy Balances; Energy Balances, UN Statistics Division (2024)"
15,Northern Africa,2002.0,3.29,EG_EGY_PRIM,,"IEA (2024), World Energy Balances; Energy Balances, UN Statistics Division (2024)"
15,Northern Africa,2003.0,3.21,EG_EGY_PRIM,,"IEA (2024), World Energy Balances; Energy Balances, UN Statistics Division (2024)"
15,Northern Africa,2004.0,3.25,EG_EGY_PRIM,,"IEA (2024), World Energy Balances; Energy Balances, UN Statistics Division (2024)"
15,Northern Africa,2005.0,3.35,EG_EGY_PRIM,,"IEA (2024), World Energy Balances; Energy Balances, UN Statistics Division (2024)"
15,Northern Africa,2006.0,3.29,EG_EGY_PRIM,,"IEA (2024), World Energy Balances; Energy Balances, UN Statistics Division (2024)"
15,Northern Africa,2007.0,3.22,EG_EGY_PRIM,,"IEA (2024), World Energy Balances; Energy Balances, UN Statistics Division (2024)"
15,Northern Africa,2008.0,3.18,EG_EGY_PRIM,,"IEA (2024), World Energy Balances; Energy Balances, UN Statistics Division (2024)"
15,Northern Africa,2009.0,3.23,EG_EGY_PRIM,,"IEA (2024), World Energy Balances; Energy Balances, UN Statistics Division (2024)"
15,Northern Africa,2010.0,3.16,EG_EGY_PRIM,,"IEA (2024), World Energy Balances; Energy Balances, UN Statistics Division (2024)"
15,Northern Africa,2011.0,3.26,EG_EGY_PRIM,,"IEA (2024), World Energy Balances; Energy Balances, UN Statistics Division (2024)"
15,Northern Africa,2012.0,3.28,EG_EGY_PRIM,,"IEA (2024), World Energy Balances; Energy Balances, UN Statistics Division (2024)"
15,Northern Africa,2013.0,3.23,EG_EGY_PRIM,,"IEA (2024), World Energy Balances; Energy Balances, UN Statistics Division (2024)"
15,Northern Africa,2014.0,3.38,EG_EGY_PRIM,,"IEA (2024), World Energy Balances; Energy Balances, UN Statistics Division (2024)"
15,Northern Africa,2015.0,3.29,EG_EGY_PRIM,,"IEA (2024), World Energy Balances; Energy Balances, UN Statistics Division (2024)"
15,Northern Africa,2016.0,3.29,EG_EGY_PRIM,,"IEA (2024), World Energy Balances; Energy Balances, UN Statistics Division (2024)"
15,Northern Africa,2017.0,3.31,EG_EGY_PRIM,,"IEA (2024), World Energy Balances; Energy Balances, UN Statistics Division (2024)"
15,Northern Africa,2018.0,3.21,EG_EGY_PRIM,,"IEA (2024), World Energy Balances; Energy Balances, UN Statistics Division (2024)"
15,Northern Africa,2019.0,3.2,EG_EGY_PRIM,,"IEA (2024), World Energy Balances; Energy Balances, UN Statistics Division (2024)"
15,Northern Africa,2020.0,2.98,EG_EGY_PRIM,,"IEA (2024), World Energy Balances; Energy Balances, UN Statistics Division (2024)"
15,Northern Africa,2021.0,3.16,EG_EGY_PRIM,,"IEA (2024), World Energy Balances; Energy Balances, UN Statistics Division (2024)"
15,Northern Africa,2022.0,3.13,EG_EGY_PRIM,,"IEA (2024), World Energy Balances; Energy Balances, UN Statistics Division (2024)"
747,Northern Africa and Western Asia,2000.0,4.11,EG_EGY_PRIM,,"IEA (2024), World Energy Balances; Energy Balances, UN Statistics Division (2024)"
747,Northern Africa and Western Asia,2001.0,4.29,EG_EGY_PRIM,,"IEA (2024), World Energy Balances; Energy Balances, UN Statistics Division (2024)"
747,Northern Africa and Western Asia,2002.0,4.39,EG_EGY_PRIM,,"IEA (2024), World Energy Balances; Energy Balances, UN Statistics Division (2024)"
747,Northern Africa and Western Asia,2003.0,4.33,EG_EGY_PRIM,,"IEA (2024), World Energy Balances; Energy Balances, UN Statistics Division (2024)"
747,Northern Africa and Western Asia,2004.0,4.13,EG_EGY_PRIM,,"IEA (2024), World Energy Balances; Energy Balances, UN Statistics Division (2024)"
747,Northern Africa and Western Asia,2005.0,4.13,EG_EGY_PRIM,,"IEA (2024), World Energy Balances; Energy Balances, UN Statistics Division (2024)"
747,Northern Africa and Western Asia,2006.0,4.11,EG_EGY_PRIM,,"IEA (2024), World Energy Balances; Energy Balances, UN Statistics Division (2024)"
747,Northern Africa and Western Asia,2007.0,4.09,EG_EGY_PRIM,,"IEA (2024), World Energy Balances; Energy Balances, UN Statistics Division (2024)"
747,Northern Africa and Western Asia,2008.0,4.13,EG_EGY_PRIM,,"IEA (2024), World Energy Balances; Energy Balances, UN Statistics Division (2024)"
747,Northern Africa and Western Asia,2009.0,4.27,EG_EGY_PRIM,,"IEA (2024), World Energy Balances; Energy Balances, UN Statistics Division (2024)"
747,Northern Africa and Western Asia,2010.0,4.27,EG_EGY_PRIM,,"IEA (2024), World Energy Balances; Energy Balances, UN Statistics Division (2024)"
747,Northern Africa and Western Asia,2011.0,4.19,EG_EGY_PRIM,,"IEA (2024), World Energy Balances; Energy Balances, UN Statistics Division (2024)"
747,Northern Africa and Western Asia,2012.0,4.19,EG_EGY_PRIM,,"IEA (2024), World Energy Balances; Energy Balances, UN Statistics Division (2024)"
747,Northern Africa and Western Asia,2013.0,4.04,EG_EGY_PRIM,,"IEA (2024), World Energy Balances; Energy Balances, UN Statistics Division (2024)"
747,Northern Africa and Western Asia,2014.0,4.12,EG_EGY_PRIM,,"IEA (2024), World Energy Balances; Energy Balances, UN Statistics Division (2024)"
747,Northern Africa and Western Asia,2015.0,4.1,EG_EGY_PRIM,,"IEA (2024), World Energy Balances; Energy Balances, UN Statistics Division (2024)"
747,Northern Africa and Western Asia,2016.0,4.06,EG_EGY_PRIM,,"IEA (2024), World Energy Balances; Energy Balances, UN Statistics Division (2024)"
747,Northern Africa and Western Asia,2017.0,4.06,EG_EGY_PRIM,,"IEA (2024), World Energy Balances; Energy Balances, UN Statistics Division (2024)"
747,Northern Africa and Western Asia,2018.0,3.93,EG_EGY_PRIM,,"IEA (2024), World Energy Balances; Energy Balances, UN Statistics Division (2024)"
747,Northern Africa and Western Asia,2019.0,3.89,EG_EGY_PRIM,,"IEA (2024), World Energy Balances; Energy Balances, UN Statistics Division (2024)"
747,Northern Africa and Western Asia,2020.0,3.85,EG_EGY_PRIM,,"IEA (2024), World Energy Balances; Energy Balances, UN Statistics Division (2024)"
747,Northern Africa and Western Asia,2021.0,3.84,EG_EGY_PRIM,,"IEA (2024), World Energy Balances; Energy Balances, UN Statistics Division (2024)"
747,Northern Africa and Western Asia,2022.0,3.76,EG_EGY_PRIM,,"IEA (2024), World Energy Balances; Energy Balances, UN Statistics Division (2024)"
21,Northern America,2000.0,6.22,EG_EGY_PRIM,,"IEA (2024), World Energy Balances; Energy Balances, UN Statistics Division (2024)"
21,Northern America,2001.0,6.04,EG_EGY_PRIM,,"IEA (2024), World Energy Balances; Energy Balances, UN Statistics Division (2024)"
21,Northern America,2002.0,6.0,EG_EGY_PRIM,,"IEA (2024), World Energy Balances; Energy Balances, UN Statistics Division (2024)"
21,Northern America,2003.0,5.88,EG_EGY_PRIM,,"IEA (2024), World Energy Balances; Energy Balances, UN Statistics Division (2024)"
21,Northern America,2004.0,5.78,EG_EGY_PRIM,,"IEA (2024), World Energy Balances; Energy Balances, UN Statistics Division (2024)"
21,Northern America,2005.0,5.62,EG_EGY_PRIM,,"IEA (2024), World Energy Balances; Energy Balances, UN Statistics Division (2024)"
21,Northern America,2006.0,5.43,EG_EGY_PRIM,,"IEA (2024), World Energy Balances; Energy Balances, UN Statistics Division (2024)"
21,Northern America,2007.0,5.41,EG_EGY_PRIM,,"IEA (2024), World Energy Balances; Energy Balances, UN Statistics Division (2024)"
21,Northern America,2008.0,5.26,EG_EGY_PRIM,,"IEA (2024), World Energy Balances; Energy Balances, UN Statistics Division (2024)"
21,Northern America,2009.0,5.14,EG_EGY_PRIM,,"IEA (2024), World Energy Balances; Energy Balances, UN Statistics Division (2024)"
21,Northern America,2010.0,5.12,EG_EGY_PRIM,,"IEA (2024), World Energy Balances; Energy Balances, UN Statistics Division (2024)"
21,Northern America,2011.0,4.98,EG_EGY_PRIM,,"IEA (2024), World Energy Balances; Energy Balances, UN Statistics Division (2024)"
21,Northern America,2012.0,4.79,EG_EGY_PRIM,,"IEA (2024), World Energy Balances; Energy Balances, UN Statistics Division (2024)"
21,Northern America,2013.0,4.77,EG_EGY_PRIM,,"IEA (2024), World Energy Balances; Energy Balances, UN Statistics Division (2024)"
21,Northern America,2014.0,4.71,EG_EGY_PRIM,,"IEA (2024), World Energy Balances; Energy Balances, UN Statistics Division (2024)"
21,Northern America,2015.0,4.54,EG_EGY_PRIM,,"IEA (2024), World Energy Balances; Energy Balances, UN Statistics Division (2024)"
21,Northern America,2016.0,4.44,EG_EGY_PRIM,,"IEA (2024), World Energy Balances; Energy Balances, UN Statistics Division (2024)"
21,Northern America,2017.0,4.34,EG_EGY_PRIM,,"IEA (2024), World Energy Balances; Energy Balances, UN Statistics Division (2024)"
21,Northern America,2018.0,4.33,EG_EGY_PRIM,,"IEA (2024), World Energy Balances; Energy Balances, UN Statistics Division (2024)"
21,Northern America,2019.0,4.22,EG_EGY_PRIM,,"IEA (2024), World Energy Balances; Energy Balances, UN Statistics Division (2024)"
21,Northern America,2020.0,3.99,EG_EGY_PRIM,,"IEA (2024), World Energy Balances; Energy Balances, UN Statistics Division (2024)"
21,Northern America,2021.0,3.94,EG_EGY_PRIM,,"IEA (2024), World Energy Balances; Energy Balances, UN Statistics Division (2024)"
21,Northern America,2022.0,3.9,EG_EGY_PRIM,,"IEA (2024), World Energy Balances; Energy Balances, UN Statistics Division (2024)"
154,Northern Europe,2000.0,3.7,EG_EGY_PRIM,,"IEA (2024), World Energy Balances; Energy Balances, UN Statistics Division (2024)"
154,Northern Europe,2001.0,3.68,EG_EGY_PRIM,,"IEA (2024), World Energy Balances; Energy Balances, UN Statistics Division (2024)"
154,Northern Europe,2002.0,3.59,EG_EGY_PRIM,,"IEA (2024), World Energy Balances; Energy Balances, UN Statistics Division (2024)"
154,Northern Europe,2003.0,3.57,EG_EGY_PRIM,,"IEA (2024), World Energy Balances; Energy Balances, UN Statistics Division (2024)"
154,Northern Europe,2004.0,3.47,EG_EGY_PRIM,,"IEA (2024), World Energy Balances; Energy Balances, UN Statistics Division (2024)"
154,Northern Europe,2005.0,3.34,EG_EGY_PRIM,,"IEA (2024), World Energy Balances; Energy Balances, UN Statistics Division (2024)"
154,Northern Europe,2006.0,3.24,EG_EGY_PRIM,,"IEA (2024), World Energy Balances; Energy Balances, UN Statistics Division (2024)"
154,Northern Europe,2007.0,3.07,EG_EGY_PRIM,,"IEA (2024), World Energy Balances; Energy Balances, UN Statistics Division (2024)"
154,Northern Europe,2008.0,3.07,EG_EGY_PRIM,,"IEA (2024), World Energy Balances; Energy Balances, UN Statistics Division (2024)"
154,Northern Europe,2009.0,3.04,EG_EGY_PRIM,,"IEA (2024), World Energy Balances; Energy Balances, UN Statistics Division (2024)"
154,Northern Europe,2010.0,3.12,EG_EGY_PRIM,,"IEA (2024), World Energy Balances; Energy Balances, UN Statistics Division (2024)"
154,Northern Europe,2011.0,2.87,EG_EGY_PRIM,,"IEA (2024), World Energy Balances; Energy Balances, UN Statistics Division (2024)"
154,Northern Europe,2012.0,2.88,EG_EGY_PRIM,,"IEA (2024), World Energy Balances; Energy Balances, UN Statistics Division (2024)"
154,Northern Europe,2013.0,2.82,EG_EGY_PRIM,,"IEA (2024), World Energy Balances; Energy Balances, UN Statistics Division (2024)"
154,Northern Europe,2014.0,2.62,EG_EGY_PRIM,,"IEA (2024), World Energy Balances; Energy Balances, UN Statistics Division (2024)"
154,Northern Europe,2015.0,2.48,EG_EGY_PRIM,,"IEA (2024), World Energy Balances; Energy Balances, UN Statistics Division (2024)"
154,Northern Europe,2016.0,2.47,EG_EGY_PRIM,,"IEA (2024), World Energy Balances; Energy Balances, UN Statistics Division (2024)"
154,Northern Europe,2017.0,2.4,EG_EGY_PRIM,,"IEA (2024), World Energy Balances; Energy Balances, UN Statistics Division (2024)"
154,Northern Europe,2018.0,2.36,EG_EGY_PRIM,,"IEA (2024), World Energy Balances; Energy Balances, UN Statistics Division (2024)"
154,Northern Europe,2019.0,2.23,EG_EGY_PRIM,,"IEA (2024), World Energy Balances; Energy Balances, UN Statistics Division (2024)"
154,Northern Europe,2020.0,2.23,EG_EGY_PRIM,,"IEA (2024), World Energy Balances; Energy Balances, UN Statistics Division (2024)"
154,Northern Europe,2021.0,2.14,EG_EGY_PRIM,,"IEA (2024), World Energy Balances; Energy Balances, UN Statistics Division (2024)"
154,Northern Europe,2022.0,1.96,EG_EGY_PRIM,,"IEA (2024), World Energy Balances; Energy Balances, UN Statistics Division (2024)"
580,Northern Mariana Islands,2000.0,,EG_EGY_PRIM,,"Energy Balances, UN Statistics Division (2024)"
580,Northern Mariana Islands,2001.0,,EG_EGY_PRIM,,"Energy Balances, UN Statistics Division (2024)"
580,Northern Mariana Islands,2002.0,,EG_EGY_PRIM,,"Energy Balances, UN Statistics Division (2024)"
580,Northern Mariana Islands,2003.0,,EG_EGY_PRIM,,"Energy Balances, UN Statistics Division (2024)"
580,Northern Mariana Islands,2004.0,,EG_EGY_PRIM,,"Energy Balances, UN Statistics Division (2024)"
580,Northern Mariana Islands,2005.0,,EG_EGY_PRIM,,"Energy Balances, UN Statistics Division (2024)"
580,Northern Mariana Islands,2006.0,,EG_EGY_PRIM,,"Energy Balances, UN Statistics Division (2024)"
580,Northern Mariana Islands,2007.0,,EG_EGY_PRIM,,"Energy Balances, UN Statistics Division (2024)"
580,Northern Mariana Islands,2008.0,,EG_EGY_PRIM,,"Energy Balances, UN Statistics Division (2024)"
580,Northern Mariana Islands,2009.0,,EG_EGY_PRIM,,"Energy Balances, UN Statistics Division (2024)"
580,Northern Mariana Islands,2010.0,,EG_EGY_PRIM,,"Energy Balances, UN Statistics Division (2024)"
580,Northern Mariana Islands,2011.0,,EG_EGY_PRIM,,"Energy Balances, UN Statistics Division (2024)"
580,Northern Mariana Islands,2012.0,,EG_EGY_PRIM,,"Energy Balances, UN Statistics Division (2024)"
580,Northern Mariana Islands,2013.0,,EG_EGY_PRIM,,"Energy Balances, UN Statistics Division (2024)"
580,Northern Mariana Islands,2014.0,,EG_EGY_PRIM,,"Energy Balances, UN Statistics Division (2024)"
580,Northern Mariana Islands,2015.0,,EG_EGY_PRIM,,"Energy Balances, UN Statistics Division (2024)"
580,Northern Mariana Islands,2016.0,,EG_EGY_PRIM,,"Energy Balances, UN Statistics Division (2024)"
580,Northern Mariana Islands,2017.0,,EG_EGY_PRIM,,"Energy Balances, UN Statistics Division (2024)"
580,Northern Mariana Islands,2018.0,,EG_EGY_PRIM,,"Energy Balances, UN Statistics Division (2024)"
580,Northern Mariana Islands,2019.0,,EG_EGY_PRIM,,"Energy Balances, UN Statistics Division (2024)"
580,Northern Mariana Islands,2020.0,,EG_EGY_PRIM,,"Energy Balances, UN Statistics Division (2024)"
580,Northern Mariana Islands,2021.0,,EG_EGY_PRIM,,"Energy Balances, UN Statistics Division (2024)"
580,Northern Mariana Islands,2022.0,,EG_EGY_PRIM,,"Energy Balances, UN Statistics Division (2024)"
578,Norway,2000.0,3.14,EG_EGY_PRIM,,"IEA (2024), World Energy Balances"
578,Norway,2001.0,3.16,EG_EGY_PRIM,,"IEA (2024), World Energy Balances"
578,Norway,2002.0,2.89,EG_EGY_PRIM,,"IEA (2024), World Energy Balances"
578,Norway,2003.0,3.11,EG_EGY_PRIM,,"IEA (2024), World Energy Balances"
578,Norway,2004.0,3.16,EG_EGY_PRIM,,"IEA (2024), World Energy Balances"
578,Norway,2005.0,3.14,EG_EGY_PRIM,,"IEA (2024), World Energy Balances"
578,Norway,2006.0,3.09,EG_EGY_PRIM,,"IEA (2024), World Energy Balances"
578,Norway,2007.0,2.81,EG_EGY_PRIM,,"IEA (2024), World Energy Balances"
578,Norway,2008.0,3.1,EG_EGY_PRIM,,"IEA (2024), World Energy Balances"
578,Norway,2009.0,3.1,EG_EGY_PRIM,,"IEA (2024), World Energy Balances"
578,Norway,2010.0,3.24,EG_EGY_PRIM,,"IEA (2024), World Energy Balances"
578,Norway,2011.0,2.77,EG_EGY_PRIM,,"IEA (2024), World Energy Balances"
578,Norway,2012.0,2.88,EG_EGY_PRIM,,"IEA (2024), World Energy Balances"
578,Norway,2013.0,3.0,EG_EGY_PRIM,,"IEA (2024), World Energy Balances"
578,Norway,2014.0,2.72,EG_EGY_PRIM,,"IEA (2024), World Energy Balances"
578,Norway,2015.0,2.41,EG_EGY_PRIM,,"IEA (2024), World Energy Balances"
578,Norway,2016.0,2.61,EG_EGY_PRIM,,"IEA (2024), World Energy Balances"
578,Norway,2017.0,2.72,EG_EGY_PRIM,,"IEA (2024), World Energy Balances"
578,Norway,2018.0,2.65,EG_EGY_PRIM,,"IEA (2024), World Energy Balances"
578,Norway,2019.0,2.49,EG_EGY_PRIM,,"IEA (2024), World Energy Balances"
578,Norway,2020.0,2.5,EG_EGY_PRIM,,"IEA (2024), World Energy Balances"
578,Norway,2021.0,2.49,EG_EGY_PRIM,,"IEA (2024), World Energy Balances"
578,Norway,2022.0,2.13,EG_EGY_PRIM,,"IEA (2024), World Energy Balances"
9,Oceania,2000.0,5.13,EG_EGY_PRIM,,"IEA (2024), World Energy Balances; Energy Balances, UN Statistics Division (2024)"
9,Oceania,2001.0,4.92,EG_EGY_PRIM,,"IEA (2024), World Energy Balances; Energy Balances, UN Statistics Division (2024)"
9,Oceania,2002.0,4.77,EG_EGY_PRIM,,"IEA (2024), World Energy Balances; Energy Balances, UN Statistics Division (2024)"
9,Oceania,2003.0,4.77,EG_EGY_PRIM,,"IEA (2024), World Energy Balances; Energy Balances, UN Statistics Division (2024)"
9,Oceania,2004.0,4.67,EG_EGY_PRIM,,"IEA (2024), World Energy Balances; Energy Balances, UN Statistics Division (2024)"
9,Oceania,2005.0,4.54,EG_EGY_PRIM,,"IEA (2024), World Energy Balances; Energy Balances, UN Statistics Division (2024)"
9,Oceania,2006.0,4.58,EG_EGY_PRIM,,"IEA (2024), World Energy Balances; Energy Balances, UN Statistics Division (2024)"
9,Oceania,2007.0,4.55,EG_EGY_PRIM,,"IEA (2024), World Energy Balances; Energy Balances, UN Statistics Division (2024)"
9,Oceania,2008.0,4.58,EG_EGY_PRIM,,"IEA (2024), World Energy Balances; Energy Balances, UN Statistics Division (2024)"
9,Oceania,2009.0,4.53,EG_EGY_PRIM,,"IEA (2024), World Energy Balances; Energy Balances, UN Statistics Division (2024)"
9,Oceania,2010.0,4.44,EG_EGY_PRIM,,"IEA (2024), World Energy Balances; Energy Balances, UN Statistics Division (2024)"
9,Oceania,2011.0,4.35,EG_EGY_PRIM,,"IEA (2024), World Energy Balances; Energy Balances, UN Statistics Division (2024)"
9,Oceania,2012.0,4.17,EG_EGY_PRIM,,"IEA (2024), World Energy Balances; Energy Balances, UN Statistics Division (2024)"
9,Oceania,2013.0,4.15,EG_EGY_PRIM,,"IEA (2024), World Energy Balances; Energy Balances, UN Statistics Division (2024)"
9,Oceania,2014.0,4.05,EG_EGY_PRIM,,"IEA (2024), World Energy Balances; Energy Balances, UN Statistics Division (2024)"
9,Oceania,2015.0,3.95,EG_EGY_PRIM,,"IEA (2024), World Energy Balances; Energy Balances, UN Statistics Division (2024)"
9,Oceania,2016.0,3.83,EG_EGY_PRIM,,"IEA (2024), World Energy Balances; Energy Balances, UN Statistics Division (2024)"
9,Oceania,2017.0,3.85,EG_EGY_PRIM,,"IEA (2024), World Energy Balances; Energy Balances, UN Statistics Division (2024)"
9,Oceania,2018.0,3.78,EG_EGY_PRIM,,"IEA (2024), World Energy Balances; Energy Balances, UN Statistics Division (2024)"
9,Oceania,2019.0,3.77,EG_EGY_PRIM,,"IEA (2024), World Energy Balances; Energy Balances, UN Statistics Division (2024)"
9,Oceania,2020.0,3.82,EG_EGY_PRIM,,"IEA (2024), World Energy Balances; Energy Balances, UN Statistics Division (2024)"
9,Oceania,2021.0,3.54,EG_EGY_PRIM,,"IEA (2024), World Energy Balances; Energy Balances, UN Statistics Division (2024)"
9,Oceania,2022.0,3.34,EG_EGY_PRIM,,"IEA (2024), World Energy Balances; Energy Balances, UN Statistics Division (2024)"
543,Oceania (exc. Australia and New Zealand),2000.0,4.86,EG_EGY_PRIM,,"IEA (2024), World Energy Balances; Energy Balances, UN Statistics Division (2024)"
543,Oceania (exc. Australia and New Zealand),2001.0,4.97,EG_EGY_PRIM,,"IEA (2024), World Energy Balances; Energy Balances, UN Statistics Division (2024)"
543,Oceania (exc. Australia and New Zealand),2002.0,5.17,EG_EGY_PRIM,,"IEA (2024), World Energy Balances; Energy Balances, UN Statistics Division (2024)"
543,Oceania (exc. Australia and New Zealand),2003.0,5.3,EG_EGY_PRIM,,"IEA (2024), World Energy Balances; Energy Balances, UN Statistics Division (2024)"
543,Oceania (exc. Australia and New Zealand),2004.0,5.41,EG_EGY_PRIM,,"IEA (2024), World Energy Balances; Energy Balances, UN Statistics Division (2024)"
543,Oceania (exc. Australia and New Zealand),2005.0,5.32,EG_EGY_PRIM,,"IEA (2024), World Energy Balances; Energy Balances, UN Statistics Division (2024)"
543,Oceania (exc. Australia and New Zealand),2006.0,5.27,EG_EGY_PRIM,,"IEA (2024), World Energy Balances; Energy Balances, UN Statistics Division (2024)"
543,Oceania (exc. Australia and New Zealand),2007.0,5.75,EG_EGY_PRIM,,"IEA (2024), World Energy Balances; Energy Balances, UN Statistics Division (2024)"
543,Oceania (exc. Australia and New Zealand),2008.0,5.26,EG_EGY_PRIM,,"IEA (2024), World Energy Balances; Energy Balances, UN Statistics Division (2024)"
543,Oceania (exc. Australia and New Zealand),2009.0,5.27,EG_EGY_PRIM,,"IEA (2024), World Energy Balances; Energy Balances, UN Statistics Division (2024)"
543,Oceania (exc. Australia and New Zealand),2010.0,5.07,EG_EGY_PRIM,,"IEA (2024), World Energy Balances; Energy Balances, UN Statistics Division (2024)"
543,Oceania (exc. Australia and New Zealand),2011.0,5.13,EG_EGY_PRIM,,"IEA (2024), World Energy Balances; Energy Balances, UN Statistics Division (2024)"
543,Oceania (exc. Australia and New Zealand),2012.0,4.73,EG_EGY_PRIM,,"IEA (2024), World Energy Balances; Energy Balances, UN Statistics Division (2024)"
543,Oceania (exc. Australia and New Zealand),2013.0,4.87,EG_EGY_PRIM,,"IEA (2024), World Energy Balances; Energy Balances, UN Statistics Division (2024)"
543,Oceania (exc. Australia and New Zealand),2014.0,5.06,EG_EGY_PRIM,,"IEA (2024), World Energy Balances; Energy Balances, UN Statistics Division (2024)"
543,Oceania (exc. Australia and New Zealand),2015.0,4.98,EG_EGY_PRIM,,"IEA (2024), World Energy Balances; Energy Balances, UN Statistics Division (2024)"
543,Oceania (exc. Australia and New Zealand),2016.0,4.98,EG_EGY_PRIM,,"IEA (2024), World Energy Balances; Energy Balances, UN Statistics Division (2024)"
543,Oceania (exc. Australia and New Zealand),2017.0,4.75,EG_EGY_PRIM,,"IEA (2024), World Energy Balances; Energy Balances, UN Statistics Division (2024)"
543,Oceania (exc. Australia and New Zealand),2018.0,4.94,EG_EGY_PRIM,,"IEA (2024), World Energy Balances; Energy Balances, UN Statistics Division (2024)"
543,Oceania (exc. Australia and New Zealand),2019.0,4.81,EG_EGY_PRIM,,"IEA (2024), World Energy Balances; Energy Balances, UN Statistics Division (2024)"
543,Oceania (exc. Australia and New Zealand),2020.0,5.09,EG_EGY_PRIM,,"IEA (2024), World Energy Balances; Energy Balances, UN Statistics Division (2024)"
543,Oceania (exc. Australia and New Zealand),2021.0,5.01,EG_EGY_PRIM,,"IEA (2024), World Energy Balances; Energy Balances, UN Statistics Division (2024)"
543,Oceania (exc. Australia and New Zealand),2022.0,4.96,EG_EGY_PRIM,,"IEA (2024), World Energy Balances; Energy Balances, UN Statistics Division (2024)"
512,Oman,2000.0,3.27,EG_EGY_PRIM,,"IEA (2024), World Energy Balances"
512,Oman,2001.0,3.18,EG_EGY_PRIM,,"IEA (2024), World Energy Balances"
512,Oman,2002.0,3.41,EG_EGY_PRIM,,"IEA (2024), World Energy Balances"
512,Oman,2003.0,3.62,EG_EGY_PRIM,,"IEA (2024), World Energy Balances"
512,Oman,2004.0,3.7,EG_EGY_PRIM,,"IEA (2024), World Energy Balances"
512,Oman,2005.0,4.06,EG_EGY_PRIM,,"IEA (2024), World Energy Balances"
512,Oman,2006.0,6.04,EG_EGY_PRIM,,"IEA (2024), World Energy Balances"
512,Oman,2007.0,6.6,EG_EGY_PRIM,,"IEA (2024), World Energy Balances"
512,Oman,2008.0,5.33,EG_EGY_PRIM,,"IEA (2024), World Energy Balances"
512,Oman,2009.0,5.12,EG_EGY_PRIM,,"IEA (2024), World Energy Balances"
512,Oman,2010.0,5.85,EG_EGY_PRIM,,"IEA (2024), World Energy Balances"
512,Oman,2011.0,6.74,EG_EGY_PRIM,,"IEA (2024), World Energy Balances"
512,Oman,2012.0,6.69,EG_EGY_PRIM,,"IEA (2024), World Energy Balances"
512,Oman,2013.0,6.51,EG_EGY_PRIM,,"IEA (2024), World Energy Balances"
512,Oman,2014.0,6.42,EG_EGY_PRIM,,"IEA (2024), World Energy Balances"
512,Oman,2015.0,6.34,EG_EGY_PRIM,,"IEA (2024), World Energy Balances"
512,Oman,2016.0,5.84,EG_EGY_PRIM,,"IEA (2024), World Energy Balances"
512,Oman,2017.0,6.24,EG_EGY_PRIM,,"IEA (2024), World Energy Balances"
512,Oman,2018.0,6.0,EG_EGY_PRIM,,"IEA (2024), World Energy Balances"
512,Oman,2019.0,5.58,EG_EGY_PRIM,,"IEA (2024), World Energy Balances"
512,Oman,2020.0,6.35,EG_EGY_PRIM,,"IEA (2024), World Energy Balances"
512,Oman,2021.0,6.42,EG_EGY_PRIM,,"IEA (2024), World Energy Balances"
512,Oman,2022.0,6.09,EG_EGY_PRIM,,"IEA (2024), World Energy Balances"
586,Pakistan,2000.0,4.8,EG_EGY_PRIM,,"IEA (2024), World Energy Balances"
586,Pakistan,2001.0,4.73,EG_EGY_PRIM,,"IEA (2024), World Energy Balances"
586,Pakistan,2002.0,4.68,EG_EGY_PRIM,,"IEA (2024), World Energy Balances"
586,Pakistan,2003.0,4.65,EG_EGY_PRIM,,"IEA (2024), World Energy Balances"
586,Pakistan,2004.0,4.63,EG_EGY_PRIM,,"IEA (2024), World Energy Balances"
586,Pakistan,2005.0,4.43,EG_EGY_PRIM,,"IEA (2024), World Energy Balances"
586,Pakistan,2006.0,4.37,EG_EGY_PRIM,,"IEA (2024), World Energy Balances"
586,Pakistan,2007.0,4.4,EG_EGY_PRIM,,"IEA (2024), World Energy Balances"
586,Pakistan,2008.0,4.14,EG_EGY_PRIM,,"IEA (2024), World Energy Balances"
586,Pakistan,2009.0,4.16,EG_EGY_PRIM,,"IEA (2024), World Energy Balances"
586,Pakistan,2010.0,4.13,EG_EGY_PRIM,,"IEA (2024), World Energy Balances"
586,Pakistan,2011.0,4.03,EG_EGY_PRIM,,"IEA (2024), World Energy Balances"
586,Pakistan,2012.0,3.95,EG_EGY_PRIM,,"IEA (2024), World Energy Balances"
586,Pakistan,2013.0,3.89,EG_EGY_PRIM,,"IEA (2024), World Energy Balances"
586,Pakistan,2014.0,3.92,EG_EGY_PRIM,,"IEA (2024), World Energy Balances"
586,Pakistan,2015.0,3.86,EG_EGY_PRIM,,"IEA (2024), World Energy Balances"
586,Pakistan,2016.0,3.84,EG_EGY_PRIM,,"IEA (2024), World Energy Balances"
586,Pakistan,2017.0,3.8,EG_EGY_PRIM,,"IEA (2024), World Energy Balances"
586,Pakistan,2018.0,3.62,EG_EGY_PRIM,,"IEA (2024), World Energy Balances"
586,Pakistan,2019.0,3.4,EG_EGY_PRIM,,"IEA (2024), World Energy Balances"
586,Pakistan,2020.0,3.68,EG_EGY_PRIM,,"IEA (2024), World Energy Balances"
586,Pakistan,2021.0,3.63,EG_EGY_PRIM,,"IEA (2024), World Energy Balances"
586,Pakistan,2022.0,3.52,EG_EGY_PRIM,,"IEA (2024), World Energy Balances"
585,Palau,2000.0,11.85,EG_EGY_PRIM,,"Energy Balances, UN Statistics Division (2024)"
585,Palau,2001.0,11.35,EG_EGY_PRIM,,"Energy Balances, UN Statistics Division (2024)"
585,Palau,2002.0,10.83,EG_EGY_PRIM,,"Energy Balances, UN Statistics Division (2024)"
585,Palau,2003.0,11.11,EG_EGY_PRIM,,"Energy Balances, UN Statistics Division (2024)"
585,Palau,2004.0,10.81,EG_EGY_PRIM,,"Energy Balances, UN Statistics Division (2024)"
585,Palau,2005.0,10.9,EG_EGY_PRIM,,"Energy Balances, UN Statistics Division (2024)"
585,Palau,2006.0,11.02,EG_EGY_PRIM,,"Energy Balances, UN Statistics Division (2024)"
585,Palau,2007.0,12.36,EG_EGY_PRIM,,"Energy Balances, UN Statistics Division (2024)"
585,Palau,2008.0,10.55,EG_EGY_PRIM,,"Energy Balances, UN Statistics Division (2024)"
585,Palau,2009.0,10.76,EG_EGY_PRIM,,"Energy Balances, UN Statistics Division (2024)"
585,Palau,2010.0,11.51,EG_EGY_PRIM,,"Energy Balances, UN Statistics Division (2024)"
585,Palau,2011.0,11.27,EG_EGY_PRIM,,"Energy Balances, UN Statistics Division (2024)"
585,Palau,2012.0,11.59,EG_EGY_PRIM,,"Energy Balances, UN Statistics Division (2024)"
585,Palau,2013.0,12.09,EG_EGY_PRIM,,"Energy Balances, UN Statistics Division (2024)"
585,Palau,2014.0,11.11,EG_EGY_PRIM,,"Energy Balances, UN Statistics Division (2024)"
585,Palau,2015.0,9.46,EG_EGY_PRIM,,"Energy Balances, UN Statistics Division (2024)"
585,Palau,2016.0,9.64,EG_EGY_PRIM,,"Energy Balances, UN Statistics Division (2024)"
585,Palau,2017.0,10.23,EG_EGY_PRIM,,"Energy Balances, UN Statistics Division (2024)"
585,Palau,2018.0,10.11,EG_EGY_PRIM,,"Energy Balances, UN Statistics Division (2024)"
585,Palau,2019.0,10.08,EG_EGY_PRIM,,"Energy Balances, UN Statistics Division (2024)"
585,Palau,2020.0,10.46,EG_EGY_PRIM,,"Energy Balances, UN Statistics Division (2024)"
585,Palau,2021.0,11.91,EG_EGY_PRIM,,"Energy Balances, UN Statistics Division (2024)"
585,Palau,2022.0,12.35,EG_EGY_PRIM,,"Energy Balances, UN Statistics Division (2024)"
591,Panama,2000.0,2.15,EG_EGY_PRIM,,"IEA (2024), World Energy Balances"
591,Panama,2001.0,2.45,EG_EGY_PRIM,,"IEA (2024), World Energy Balances"
591,Panama,2002.0,2.18,EG_EGY_PRIM,,"IEA (2024), World Energy Balances"
591,Panama,2003.0,2.09,EG_EGY_PRIM,,"IEA (2024), World Energy Balances"
591,Panama,2004.0,1.93,EG_EGY_PRIM,,"IEA (2024), World Energy Balances"
591,Panama,2005.0,2.04,EG_EGY_PRIM,,"IEA (2024), World Energy Balances"
591,Panama,2006.0,1.99,EG_EGY_PRIM,,"IEA (2024), World Energy Balances"
591,Panama,2007.0,1.78,EG_EGY_PRIM,,"IEA (2024), World Energy Balances"
591,Panama,2008.0,1.55,EG_EGY_PRIM,,"IEA (2024), World Energy Balances"
591,Panama,2009.0,1.68,EG_EGY_PRIM,,"IEA (2024), World Energy Balances"
591,Panama,2010.0,1.76,EG_EGY_PRIM,,"IEA (2024), World Energy Balances"
591,Panama,2011.0,1.76,EG_EGY_PRIM,,"IEA (2024), World Energy Balances"
591,Panama,2012.0,1.66,EG_EGY_PRIM,,"IEA (2024), World Energy Balances"
591,Panama,2013.0,1.5,EG_EGY_PRIM,,"IEA (2024), World Energy Balances"
591,Panama,2014.0,1.5,EG_EGY_PRIM,,"IEA (2024), World Energy Balances"
591,Panama,2015.0,1.43,EG_EGY_PRIM,,"IEA (2024), World Energy Balances"
591,Panama,2016.0,1.42,EG_EGY_PRIM,,"IEA (2024), World Energy Balances"
591,Panama,2017.0,1.35,EG_EGY_PRIM,,"IEA (2024), World Energy Balances"
591,Panama,2018.0,1.31,EG_EGY_PRIM,,"IEA (2024), World Energy Balances"
591,Panama,2019.0,1.46,EG_EGY_PRIM,,"IEA (2024), World Energy Balances"
591,Panama,2020.0,1.45,EG_EGY_PRIM,,"IEA (2024), World Energy Balances"
591,Panama,2021.0,1.4,EG_EGY_PRIM,,"IEA (2024), World Energy Balances"
591,Panama,2022.0,1.31,EG_EGY_PRIM,,"IEA (2024), World Energy Balances"
598,Papua New Guinea,2000.0,6.15,EG_EGY_PRIM,,"Energy Balances, UN Statistics Division (2024)"
598,Papua New Guinea,2001.0,6.6,EG_EGY_PRIM,,"Energy Balances, UN Statistics Division (2024)"
598,Papua New Guinea,2002.0,6.86,EG_EGY_PRIM,,"Energy Balances, UN Statistics Division (2024)"
598,Papua New Guinea,2003.0,6.74,EG_EGY_PRIM,,"Energy Balances, UN Statistics Division (2024)"
598,Papua New Guinea,2004.0,7.08,EG_EGY_PRIM,,"Energy Balances, UN Statistics Division (2024)"
598,Papua New Guinea,2005.0,6.89,EG_EGY_PRIM,,"Energy Balances, UN Statistics Division (2024)"
598,Papua New Guinea,2006.0,6.82,EG_EGY_PRIM,,"Energy Balances, UN Statistics Division (2024)"
598,Papua New Guinea,2007.0,7.68,EG_EGY_PRIM,,"Energy Balances, UN Statistics Division (2024)"
598,Papua New Guinea,2008.0,6.97,EG_EGY_PRIM,,"Energy Balances, UN Statistics Division (2024)"
598,Papua New Guinea,2009.0,6.77,EG_EGY_PRIM,,"Energy Balances, UN Statistics Division (2024)"
598,Papua New Guinea,2010.0,5.85,EG_EGY_PRIM,,"Energy Balances, UN Statistics Division (2024)"
598,Papua New Guinea,2011.0,6.07,EG_EGY_PRIM,,"Energy Balances, UN Statistics Division (2024)"
598,Papua New Guinea,2012.0,5.2,EG_EGY_PRIM,,"Energy Balances, UN Statistics Division (2024)"
598,Papua New Guinea,2013.0,5.32,EG_EGY_PRIM,,"Energy Balances, UN Statistics Division (2024)"
598,Papua New Guinea,2014.0,5.25,EG_EGY_PRIM,,"Energy Balances, UN Statistics Division (2024)"
598,Papua New Guinea,2015.0,5.18,EG_EGY_PRIM,,"Energy Balances, UN Statistics Division (2024)"
598,Papua New Guinea,2016.0,5.15,EG_EGY_PRIM,,"Energy Balances, UN Statistics Division (2024)"
598,Papua New Guinea,2017.0,4.8,EG_EGY_PRIM,,"Energy Balances, UN Statistics Division (2024)"
598,Papua New Guinea,2018.0,5.15,EG_EGY_PRIM,,"Energy Balances, UN Statistics Division (2024)"
598,Papua New Guinea,2019.0,4.96,EG_EGY_PRIM,,"Energy Balances, UN Statistics Division (2024)"
598,Papua New Guinea,2020.0,5.35,EG_EGY_PRIM,,"Energy Balances, UN Statistics Division (2024)"
598,Papua New Guinea,2021.0,5.38,EG_EGY_PRIM,,"Energy Balances, UN Statistics Division (2024)"
598,Papua New Guinea,2022.0,5.29,EG_EGY_PRIM,,"Energy Balances, UN Statistics Division (2024)"
600,Paraguay,2000.0,3.17,EG_EGY_PRIM,,"IEA (2024), World Energy Balances"
600,Paraguay,2001.0,3.25,EG_EGY_PRIM,,"IEA (2024), World Energy Balances"
600,Paraguay,2002.0,3.22,EG_EGY_PRIM,,"IEA (2024), World Energy Balances"
600,Paraguay,2003.0,3.16,EG_EGY_PRIM,,"IEA (2024), World Energy Balances"
600,Paraguay,2004.0,3.06,EG_EGY_PRIM,,"IEA (2024), World Energy Balances"
600,Paraguay,2005.0,2.96,EG_EGY_PRIM,,"IEA (2024), World Energy Balances"
600,Paraguay,2006.0,2.91,EG_EGY_PRIM,,"IEA (2024), World Energy Balances"
600,Paraguay,2007.0,2.81,EG_EGY_PRIM,,"IEA (2024), World Energy Balances"
600,Paraguay,2008.0,2.83,EG_EGY_PRIM,,"IEA (2024), World Energy Balances"
600,Paraguay,2009.0,2.9,EG_EGY_PRIM,,"IEA (2024), World Energy Balances"
600,Paraguay,2010.0,2.78,EG_EGY_PRIM,,"IEA (2024), World Energy Balances"
600,Paraguay,2011.0,2.7,EG_EGY_PRIM,,"IEA (2024), World Energy Balances"
600,Paraguay,2012.0,2.74,EG_EGY_PRIM,,"IEA (2024), World Energy Balances"
600,Paraguay,2013.0,2.55,EG_EGY_PRIM,,"IEA (2024), World Energy Balances"
600,Paraguay,2014.0,2.53,EG_EGY_PRIM,,"IEA (2024), World Energy Balances"
600,Paraguay,2015.0,2.68,EG_EGY_PRIM,,"IEA (2024), World Energy Balances"
600,Paraguay,2016.0,3.03,EG_EGY_PRIM,,"IEA (2024), World Energy Balances"
600,Paraguay,2017.0,3.05,EG_EGY_PRIM,,"IEA (2024), World Energy Balances"
600,Paraguay,2018.0,3.04,EG_EGY_PRIM,,"IEA (2024), World Energy Balances"
600,Paraguay,2019.0,3.02,EG_EGY_PRIM,,"IEA (2024), World Energy Balances"
600,Paraguay,2020.0,2.95,EG_EGY_PRIM,,"IEA (2024), World Energy Balances"
600,Paraguay,2021.0,2.97,EG_EGY_PRIM,,"IEA (2024), World Energy Balances"
600,Paraguay,2022.0,2.87,EG_EGY_PRIM,,"IEA (2024), World Energy Balances"
604,Peru,2000.0,2.77,EG_EGY_PRIM,,"IEA (2024), World Energy Balances"
604,Peru,2001.0,2.66,EG_EGY_PRIM,,"IEA (2024), World Energy Balances"
604,Peru,2002.0,2.53,EG_EGY_PRIM,,"IEA (2024), World Energy Balances"
604,Peru,2003.0,2.38,EG_EGY_PRIM,,"IEA (2024), World Energy Balances"
604,Peru,2004.0,2.47,EG_EGY_PRIM,,"IEA (2024), World Energy Balances"
604,Peru,2005.0,2.46,EG_EGY_PRIM,,"IEA (2024), World Energy Balances"
604,Peru,2006.0,2.21,EG_EGY_PRIM,,"IEA (2024), World Energy Balances"
604,Peru,2007.0,2.17,EG_EGY_PRIM,,"IEA (2024), World Energy Balances"
604,Peru,2008.0,2.19,EG_EGY_PRIM,,"IEA (2024), World Energy Balances"
604,Peru,2009.0,2.18,EG_EGY_PRIM,,"IEA (2024), World Energy Balances"
604,Peru,2010.0,2.1,EG_EGY_PRIM,,"IEA (2024), World Energy Balances"
604,Peru,2011.0,2.27,EG_EGY_PRIM,,"IEA (2024), World Energy Balances"
604,Peru,2012.0,2.29,EG_EGY_PRIM,,"IEA (2024), World Energy Balances"
604,Peru,2013.0,2.08,EG_EGY_PRIM,,"IEA (2024), World Energy Balances"
604,Peru,2014.0,2.14,EG_EGY_PRIM,,"IEA (2024), World Energy Balances"
604,Peru,2015.0,2.14,EG_EGY_PRIM,,"IEA (2024), World Energy Balances"
604,Peru,2016.0,2.15,EG_EGY_PRIM,,"IEA (2024), World Energy Balances"
604,Peru,2017.0,2.12,EG_EGY_PRIM,,"IEA (2024), World Energy Balances"
604,Peru,2018.0,2.14,EG_EGY_PRIM,,"IEA (2024), World Energy Balances"
604,Peru,2019.0,2.16,EG_EGY_PRIM,,"IEA (2024), World Energy Balances"
604,Peru,2020.0,2.05,EG_EGY_PRIM,,"IEA (2024), World Energy Balances"
604,Peru,2021.0,2.12,EG_EGY_PRIM,,"IEA (2024), World Energy Balances"
604,Peru,2022.0,2.23,EG_EGY_PRIM,,"IEA (2024), World Energy Balances"
608,Philippines,2000.0,4.3,EG_EGY_PRIM,,"IEA (2024), World Energy Balances"
608,Philippines,2001.0,3.98,EG_EGY_PRIM,,"IEA (2024), World Energy Balances"
608,Philippines,2002.0,3.89,EG_EGY_PRIM,,"IEA (2024), World Energy Balances"
608,Philippines,2003.0,3.7,EG_EGY_PRIM,,"IEA (2024), World Energy Balances"
608,Philippines,2004.0,3.44,EG_EGY_PRIM,,"IEA (2024), World Energy Balances"
608,Philippines,2005.0,3.38,EG_EGY_PRIM,,"IEA (2024), World Energy Balances"
608,Philippines,2006.0,3.18,EG_EGY_PRIM,,"IEA (2024), World Energy Balances"
608,Philippines,2007.0,3.05,EG_EGY_PRIM,,"IEA (2024), World Energy Balances"
608,Philippines,2008.0,3.07,EG_EGY_PRIM,,"IEA (2024), World Energy Balances"
608,Philippines,2009.0,2.95,EG_EGY_PRIM,,"IEA (2024), World Energy Balances"
608,Philippines,2010.0,2.88,EG_EGY_PRIM,,"IEA (2024), World Energy Balances"
608,Philippines,2011.0,2.81,EG_EGY_PRIM,,"IEA (2024), World Energy Balances"
608,Philippines,2012.0,2.73,EG_EGY_PRIM,,"IEA (2024), World Energy Balances"
608,Philippines,2013.0,2.65,EG_EGY_PRIM,,"IEA (2024), World Energy Balances"
608,Philippines,2014.0,2.66,EG_EGY_PRIM,,"IEA (2024), World Energy Balances"
608,Philippines,2015.0,2.72,EG_EGY_PRIM,,"IEA (2024), World Energy Balances"
608,Philippines,2016.0,2.68,EG_EGY_PRIM,,"IEA (2024), World Energy Balances"
608,Philippines,2017.0,2.66,EG_EGY_PRIM,,"IEA (2024), World Energy Balances"
608,Philippines,2018.0,2.57,EG_EGY_PRIM,,"IEA (2024), World Energy Balances"
608,Philippines,2019.0,2.44,EG_EGY_PRIM,,"IEA (2024), World Energy Balances"
608,Philippines,2020.0,2.57,EG_EGY_PRIM,,"IEA (2024), World Energy Balances"
608,Philippines,2021.0,2.51,EG_EGY_PRIM,,"IEA (2024), World Energy Balances"
608,Philippines,2022.0,2.44,EG_EGY_PRIM,,"IEA (2024), World Energy Balances"
616,Poland,2000.0,5.16,EG_EGY_PRIM,,"IEA (2024), World Energy Balances"
616,Poland,2001.0,5.13,EG_EGY_PRIM,,"IEA (2024), World Energy Balances"
616,Poland,2002.0,5.0,EG_EGY_PRIM,,"IEA (2024), World Energy Balances"
616,Poland,2003.0,4.96,EG_EGY_PRIM,,"IEA (2024), World Energy Balances"
616,Poland,2004.0,4.74,EG_EGY_PRIM,,"IEA (2024), World Energy Balances"
616,Poland,2005.0,4.63,EG_EGY_PRIM,,"IEA (2024), World Energy Balances"
616,Poland,2006.0,4.59,EG_EGY_PRIM,,"IEA (2024), World Energy Balances"
616,Poland,2007.0,4.27,EG_EGY_PRIM,,"IEA (2024), World Energy Balances"
616,Poland,2008.0,4.15,EG_EGY_PRIM,,"IEA (2024), World Energy Balances"
616,Poland,2009.0,3.88,EG_EGY_PRIM,,"IEA (2024), World Energy Balances"
616,Poland,2010.0,4.03,EG_EGY_PRIM,,"IEA (2024), World Energy Balances"
616,Poland,2011.0,3.86,EG_EGY_PRIM,,"IEA (2024), World Energy Balances"
616,Poland,2012.0,3.67,EG_EGY_PRIM,,"IEA (2024), World Energy Balances"
616,Poland,2013.0,3.64,EG_EGY_PRIM,,"IEA (2024), World Energy Balances"
616,Poland,2014.0,3.38,EG_EGY_PRIM,,"IEA (2024), World Energy Balances"
616,Poland,2015.0,3.27,EG_EGY_PRIM,,"IEA (2024), World Energy Balances"
616,Poland,2016.0,3.32,EG_EGY_PRIM,,"IEA (2024), World Energy Balances"
616,Poland,2017.0,3.3,EG_EGY_PRIM,,"IEA (2024), World Energy Balances"
616,Poland,2018.0,3.26,EG_EGY_PRIM,,"IEA (2024), World Energy Balances"
616,Poland,2019.0,3.01,EG_EGY_PRIM,,"IEA (2024), World Energy Balances"
616,Poland,2020.0,2.98,EG_EGY_PRIM,,"IEA (2024), World Energy Balances"
616,Poland,2021.0,2.96,EG_EGY_PRIM,,"IEA (2024), World Energy Balances"
616,Poland,2022.0,2.68,EG_EGY_PRIM,,"IEA (2024), World Energy Balances"
61,Polynesia,2000.0,,EG_EGY_PRIM,,"IEA (2024), World Energy Balances; Energy Balances, UN Statistics Division (2024)"
61,Polynesia,2001.0,,EG_EGY_PRIM,,"IEA (2024), World Energy Balances; Energy Balances, UN Statistics Division (2024)"
61,Polynesia,2002.0,,EG_EGY_PRIM,,"IEA (2024), World Energy Balances; Energy Balances, UN Statistics Division (2024)"
61,Polynesia,2003.0,,EG_EGY_PRIM,,"IEA (2024), World Energy Balances; Energy Balances, UN Statistics Division (2024)"
61,Polynesia,2004.0,,EG_EGY_PRIM,,"IEA (2024), World Energy Balances; Energy Balances, UN Statistics Division (2024)"
61,Polynesia,2005.0,,EG_EGY_PRIM,,"IEA (2024), World Energy Balances; Energy Balances, UN Statistics Division (2024)"
61,Polynesia,2006.0,,EG_EGY_PRIM,,"IEA (2024), World Energy Balances; Energy Balances, UN Statistics Division (2024)"
61,Polynesia,2007.0,,EG_EGY_PRIM,,"IEA (2024), World Energy Balances; Energy Balances, UN Statistics Division (2024)"
61,Polynesia,2008.0,,EG_EGY_PRIM,,"IEA (2024), World Energy Balances; Energy Balances, UN Statistics Division (2024)"
61,Polynesia,2009.0,,EG_EGY_PRIM,,"IEA (2024), World Energy Balances; Energy Balances, UN Statistics Division (2024)"
61,Polynesia,2010.0,,EG_EGY_PRIM,,"IEA (2024), World Energy Balances; Energy Balances, UN Statistics Division (2024)"
61,Polynesia,2011.0,,EG_EGY_PRIM,,"IEA (2024), World Energy Balances; Energy Balances, UN Statistics Division (2024)"
61,Polynesia,2012.0,,EG_EGY_PRIM,,"IEA (2024), World Energy Balances; Energy Balances, UN Statistics Division (2024)"
61,Polynesia,2013.0,,EG_EGY_PRIM,,"IEA (2024), World Energy Balances; Energy Balances, UN Statistics Division (2024)"
61,Polynesia,2014.0,,EG_EGY_PRIM,,"IEA (2024), World Energy Balances; Energy Balances, UN Statistics Division (2024)"
61,Polynesia,2015.0,,EG_EGY_PRIM,,"IEA (2024), World Energy Balances; Energy Balances, UN Statistics Division (2024)"
61,Polynesia,2016.0,,EG_EGY_PRIM,,"IEA (2024), World Energy Balances; Energy Balances, UN Statistics Division (2024)"
61,Polynesia,2017.0,,EG_EGY_PRIM,,"IEA (2024), World Energy Balances; Energy Balances, UN Statistics Division (2024)"
61,Polynesia,2018.0,,EG_EGY_PRIM,,"IEA (2024), World Energy Balances; Energy Balances, UN Statistics Division (2024)"
61,Polynesia,2019.0,,EG_EGY_PRIM,,"IEA (2024), World Energy Balances; Energy Balances, UN Statistics Division (2024)"
61,Polynesia,2020.0,,EG_EGY_PRIM,,"IEA (2024), World Energy Balances; Energy Balances, UN Statistics Division (2024)"
61,Polynesia,2021.0,,EG_EGY_PRIM,,"IEA (2024), World Energy Balances; Energy Balances, UN Statistics Division (2024)"
61,Polynesia,2022.0,,EG_EGY_PRIM,,"IEA (2024), World Energy Balances; Energy Balances, UN Statistics Division (2024)"
620,Portugal,2000.0,2.86,EG_EGY_PRIM,,"IEA (2024), World Energy Balances"
620,Portugal,2001.0,2.82,EG_EGY_PRIM,,"IEA (2024), World Energy Balances"
620,Portugal,2002.0,2.92,EG_EGY_PRIM,,"IEA (2024), World Energy Balances"
620,Portugal,2003.0,2.87,EG_EGY_PRIM,,"IEA (2024), World Energy Balances"
620,Portugal,2004.0,2.9,EG_EGY_PRIM,,"IEA (2024), World Energy Balances"
620,Portugal,2005.0,2.94,EG_EGY_PRIM,,"IEA (2024), World Energy Balances"
620,Portugal,2006.0,2.75,EG_EGY_PRIM,,"IEA (2024), World Energy Balances"
620,Portugal,2007.0,2.7,EG_EGY_PRIM,,"IEA (2024), World Energy Balances"
620,Portugal,2008.0,2.63,EG_EGY_PRIM,,"IEA (2024), World Energy Balances"
620,Portugal,2009.0,2.68,EG_EGY_PRIM,,"IEA (2024), World Energy Balances"
620,Portugal,2010.0,2.54,EG_EGY_PRIM,,"IEA (2024), World Energy Balances"
620,Portugal,2011.0,2.51,EG_EGY_PRIM,,"IEA (2024), World Energy Balances"
620,Portugal,2012.0,2.46,EG_EGY_PRIM,,"IEA (2024), World Energy Balances"
620,Portugal,2013.0,2.48,EG_EGY_PRIM,,"IEA (2024), World Energy Balances"
620,Portugal,2014.0,2.43,EG_EGY_PRIM,,"IEA (2024), World Energy Balances"
620,Portugal,2015.0,2.48,EG_EGY_PRIM,,"IEA (2024), World Energy Balances"
620,Portugal,2016.0,2.41,EG_EGY_PRIM,,"IEA (2024), World Energy Balances"
620,Portugal,2017.0,2.43,EG_EGY_PRIM,,"IEA (2024), World Energy Balances"
620,Portugal,2018.0,2.28,EG_EGY_PRIM,,"IEA (2024), World Energy Balances"
620,Portugal,2019.0,2.2,EG_EGY_PRIM,,"IEA (2024), World Energy Balances"
620,Portugal,2020.0,2.22,EG_EGY_PRIM,,"IEA (2024), World Energy Balances"
620,Portugal,2021.0,2.1,EG_EGY_PRIM,,"IEA (2024), World Energy Balances"
620,Portugal,2022.0,1.98,EG_EGY_PRIM,,"IEA (2024), World Energy Balances"
630,Puerto Rico,2000.0,0.09,EG_EGY_PRIM,,"Energy Balances, UN Statistics Division (2024)"
630,Puerto Rico,2001.0,0.14,EG_EGY_PRIM,,"Energy Balances, UN Statistics Division (2024)"
630,Puerto Rico,2002.0,0.14,EG_EGY_PRIM,,"Energy Balances, UN Statistics Division (2024)"
630,Puerto Rico,2003.0,0.16,EG_EGY_PRIM,,"Energy Balances, UN Statistics Division (2024)"
630,Puerto Rico,2004.0,0.15,EG_EGY_PRIM,,"Energy Balances, UN Statistics Division (2024)"
630,Puerto Rico,2005.0,0.15,EG_EGY_PRIM,,"Energy Balances, UN Statistics Division (2024)"
630,Puerto Rico,2006.0,0.16,EG_EGY_PRIM,,"Energy Balances, UN Statistics Division (2024)"
630,Puerto Rico,2007.0,0.17,EG_EGY_PRIM,,"Energy Balances, UN Statistics Division (2024)"
630,Puerto Rico,2008.0,0.18,EG_EGY_PRIM,,"Energy Balances, UN Statistics Division (2024)"
630,Puerto Rico,2009.0,0.18,EG_EGY_PRIM,,"Energy Balances, UN Statistics Division (2024)"
630,Puerto Rico,2010.0,0.18,EG_EGY_PRIM,,"Energy Balances, UN Statistics Division (2024)"
630,Puerto Rico,2011.0,0.18,EG_EGY_PRIM,,"Energy Balances, UN Statistics Division (2024)"
630,Puerto Rico,2012.0,0.32,EG_EGY_PRIM,,"Energy Balances, UN Statistics Division (2024)"
630,Puerto Rico,2013.0,0.38,EG_EGY_PRIM,,"Energy Balances, UN Statistics Division (2024)"
630,Puerto Rico,2014.0,0.4,EG_EGY_PRIM,,"Energy Balances, UN Statistics Division (2024)"
630,Puerto Rico,2015.0,0.38,EG_EGY_PRIM,,"Energy Balances, UN Statistics Division (2024)"
630,Puerto Rico,2016.0,0.42,EG_EGY_PRIM,,"Energy Balances, UN Statistics Division (2024)"
630,Puerto Rico,2017.0,0.33,EG_EGY_PRIM,,"Energy Balances, UN Statistics Division (2024)"
630,Puerto Rico,2018.0,0.45,EG_EGY_PRIM,,"Energy Balances, UN Statistics Division (2024)"
630,Puerto Rico,2019.0,0.5,EG_EGY_PRIM,,"Energy Balances, UN Statistics Division (2024)"
630,Puerto Rico,2020.0,0.39,EG_EGY_PRIM,,"Energy Balances, UN Statistics Division (2024)"
630,Puerto Rico,2021.0,0.55,EG_EGY_PRIM,,"Energy Balances, UN Statistics Division (2024)"
630,Puerto Rico,2022.0,0.38,EG_EGY_PRIM,,"Energy Balances, UN Statistics Division (2024)"
634,Qatar,2000.0,7.61,EG_EGY_PRIM,,"IEA (2024), World Energy Balances"
634,Qatar,2001.0,8.04,EG_EGY_PRIM,,"IEA (2024), World Energy Balances"
634,Qatar,2002.0,8.51,EG_EGY_PRIM,,"IEA (2024), World Energy Balances"
634,Qatar,2003.0,8.47,EG_EGY_PRIM,,"IEA (2024), World Energy Balances"
634,Qatar,2004.0,8.38,EG_EGY_PRIM,,"IEA (2024), World Energy Balances"
634,Qatar,2005.0,7.78,EG_EGY_PRIM,,"IEA (2024), World Energy Balances"
634,Qatar,2006.0,7.14,EG_EGY_PRIM,,"IEA (2024), World Energy Balances"
634,Qatar,2007.0,6.82,EG_EGY_PRIM,,"IEA (2024), World Energy Balances"
634,Qatar,2008.0,5.97,EG_EGY_PRIM,,"IEA (2024), World Energy Balances"
634,Qatar,2009.0,5.62,EG_EGY_PRIM,,"IEA (2024), World Energy Balances"
634,Qatar,2010.0,5.34,EG_EGY_PRIM,,"IEA (2024), World Energy Balances"
634,Qatar,2011.0,4.74,EG_EGY_PRIM,,"IEA (2024), World Energy Balances"
634,Qatar,2012.0,6.25,EG_EGY_PRIM,,"IEA (2024), World Energy Balances"
634,Qatar,2013.0,6.33,EG_EGY_PRIM,,"IEA (2024), World Energy Balances"
634,Qatar,2014.0,5.83,EG_EGY_PRIM,,"IEA (2024), World Energy Balances"
634,Qatar,2015.0,5.59,EG_EGY_PRIM,,"IEA (2024), World Energy Balances"
634,Qatar,2016.0,5.29,EG_EGY_PRIM,,"IEA (2024), World Energy Balances"
634,Qatar,2017.0,6.08,EG_EGY_PRIM,,"IEA (2024), World Energy Balances"
634,Qatar,2018.0,5.88,EG_EGY_PRIM,,"IEA (2024), World Energy Balances"
634,Qatar,2019.0,5.83,EG_EGY_PRIM,,"IEA (2024), World Energy Balances"
634,Qatar,2020.0,6.04,EG_EGY_PRIM,,"IEA (2024), World Energy Balances"
634,Qatar,2021.0,6.13,EG_EGY_PRIM,,"IEA (2024), World Energy Balances"
634,Qatar,2022.0,6.09,EG_EGY_PRIM,,"IEA (2024), World Energy Balances"
410,Republic of Korea,2000.0,6.25,EG_EGY_PRIM,,"IEA (2024), World Energy Balances"
410,Republic of Korea,2001.0,5.97,EG_EGY_PRIM,,"IEA (2024), World Energy Balances"
410,Republic of Korea,2002.0,5.81,EG_EGY_PRIM,,"IEA (2024), World Energy Balances"
410,Republic of Korea,2003.0,5.73,EG_EGY_PRIM,,"IEA (2024), World Energy Balances"
410,Republic of Korea,2004.0,5.62,EG_EGY_PRIM,,"IEA (2024), World Energy Balances"
410,Republic of Korea,2005.0,5.49,EG_EGY_PRIM,,"IEA (2024), World Energy Balances"
410,Republic of Korea,2006.0,5.26,EG_EGY_PRIM,,"IEA (2024), World Energy Balances"
410,Republic of Korea,2007.0,5.17,EG_EGY_PRIM,,"IEA (2024), World Energy Balances"
410,Republic of Korea,2008.0,5.08,EG_EGY_PRIM,,"IEA (2024), World Energy Balances"
410,Republic of Korea,2009.0,5.12,EG_EGY_PRIM,,"IEA (2024), World Energy Balances"
410,Republic of Korea,2010.0,5.19,EG_EGY_PRIM,,"IEA (2024), World Energy Balances"
410,Republic of Korea,2011.0,5.24,EG_EGY_PRIM,,"IEA (2024), World Energy Balances"
410,Republic of Korea,2012.0,5.15,EG_EGY_PRIM,,"IEA (2024), World Energy Balances"
410,Republic of Korea,2013.0,4.99,EG_EGY_PRIM,,"IEA (2024), World Energy Balances"
410,Republic of Korea,2014.0,4.89,EG_EGY_PRIM,,"IEA (2024), World Energy Balances"
410,Republic of Korea,2015.0,4.88,EG_EGY_PRIM,,"IEA (2024), World Energy Balances"
410,Republic of Korea,2016.0,4.88,EG_EGY_PRIM,,"IEA (2024), World Energy Balances"
410,Republic of Korea,2017.0,4.8,EG_EGY_PRIM,,"IEA (2024), World Energy Balances"
410,Republic of Korea,2018.0,4.73,EG_EGY_PRIM,,"IEA (2024), World Energy Balances"
410,Republic of Korea,2019.0,4.47,EG_EGY_PRIM,,"IEA (2024), World Energy Balances"
410,Republic of Korea,2020.0,4.39,EG_EGY_PRIM,,"IEA (2024), World Energy Balances"
410,Republic of Korea,2021.0,4.45,EG_EGY_PRIM,,"IEA (2024), World Energy Balances"
410,Republic of Korea,2022.0,4.24,EG_EGY_PRIM,,"IEA (2024), World Energy Balances"
498,Republic of Moldova,2000.0,7.19,EG_EGY_PRIM,,"IEA (2024), World Energy Balances"
498,Republic of Moldova,2001.0,7.18,EG_EGY_PRIM,,"IEA (2024), World Energy Balances"
498,Republic of Moldova,2002.0,6.75,EG_EGY_PRIM,,"IEA (2024), World Energy Balances"
498,Republic of Moldova,2003.0,6.88,EG_EGY_PRIM,,"IEA (2024), World Energy Balances"
498,Republic of Moldova,2004.0,6.43,EG_EGY_PRIM,,"IEA (2024), World Energy Balances"
498,Republic of Moldova,2005.0,6.25,EG_EGY_PRIM,,"IEA (2024), World Energy Balances"
498,Republic of Moldova,2006.0,5.84,EG_EGY_PRIM,,"IEA (2024), World Energy Balances"
498,Republic of Moldova,2007.0,5.54,EG_EGY_PRIM,,"IEA (2024), World Energy Balances"
498,Republic of Moldova,2008.0,5.1,EG_EGY_PRIM,,"IEA (2024), World Energy Balances"
498,Republic of Moldova,2009.0,5.16,EG_EGY_PRIM,,"IEA (2024), World Energy Balances"
498,Republic of Moldova,2010.0,5.64,EG_EGY_PRIM,,"IEA (2024), World Energy Balances"
498,Republic of Moldova,2011.0,5.41,EG_EGY_PRIM,,"IEA (2024), World Energy Balances"
498,Republic of Moldova,2012.0,5.42,EG_EGY_PRIM,,"IEA (2024), World Energy Balances"
498,Republic of Moldova,2013.0,4.47,EG_EGY_PRIM,,"IEA (2024), World Energy Balances"
498,Republic of Moldova,2014.0,4.59,EG_EGY_PRIM,,"IEA (2024), World Energy Balances"
498,Republic of Moldova,2015.0,4.68,EG_EGY_PRIM,,"IEA (2024), World Energy Balances"
498,Republic of Moldova,2016.0,4.59,EG_EGY_PRIM,,"IEA (2024), World Energy Balances"
498,Republic of Moldova,2017.0,4.46,EG_EGY_PRIM,,"IEA (2024), World Energy Balances"
498,Republic of Moldova,2018.0,4.51,EG_EGY_PRIM,,"IEA (2024), World Energy Balances"
498,Republic of Moldova,2019.0,4.29,EG_EGY_PRIM,,"IEA (2024), World Energy Balances"
498,Republic of Moldova,2020.0,4.51,EG_EGY_PRIM,,"IEA (2024), World Energy Balances"
498,Republic of Moldova,2021.0,4.3,EG_EGY_PRIM,,"IEA (2024), World Energy Balances"
498,Republic of Moldova,2022.0,3.89,EG_EGY_PRIM,,"IEA (2024), World Energy Balances"
638,Réunion,2000.0,,EG_EGY_PRIM,,"Energy Balances, UN Statistics Division (2024)"
638,Réunion,2001.0,,EG_EGY_PRIM,,"Energy Balances, UN Statistics Division (2024)"
638,Réunion,2002.0,,EG_EGY_PRIM,,"Energy Balances, UN Statistics Division (2024)"
638,Réunion,2003.0,,EG_EGY_PRIM,,"Energy Balances, UN Statistics Division (2024)"
638,Réunion,2004.0,,EG_EGY_PRIM,,"Energy Balances, UN Statistics Division (2024)"
638,Réunion,2005.0,,EG_EGY_PRIM,,"Energy Balances, UN Statistics Division (2024)"
638,Réunion,2006.0,,EG_EGY_PRIM,,"Energy Balances, UN Statistics Division (2024)"
638,Réunion,2007.0,,EG_EGY_PRIM,,"Energy Balances, UN Statistics Division (2024)"
638,Réunion,2008.0,,EG_EGY_PRIM,,"Energy Balances, UN Statistics Division (2024)"
638,Réunion,2009.0,,EG_EGY_PRIM,,"Energy Balances, UN Statistics Division (2024)"
638,Réunion,2010.0,,EG_EGY_PRIM,,"Energy Balances, UN Statistics Division (2024)"
638,Réunion,2011.0,,EG_EGY_PRIM,,"Energy Balances, UN Statistics Division (2024)"
638,Réunion,2012.0,,EG_EGY_PRIM,,"Energy Balances, UN Statistics Division (2024)"
638,Réunion,2013.0,,EG_EGY_PRIM,,"Energy Balances, UN Statistics Division (2024)"
638,Réunion,2014.0,,EG_EGY_PRIM,,"Energy Balances, UN Statistics Division (2024)"
638,Réunion,2015.0,,EG_EGY_PRIM,,"Energy Balances, UN Statistics Division (2024)"
638,Réunion,2016.0,,EG_EGY_PRIM,,"Energy Balances, UN Statistics Division (2024)"
638,Réunion,2017.0,,EG_EGY_PRIM,,"Energy Balances, UN Statistics Division (2024)"
638,Réunion,2018.0,,EG_EGY_PRIM,,"Energy Balances, UN Statistics Division (2024)"
638,Réunion,2019.0,,EG_EGY_PRIM,,"Energy Balances, UN Statistics Division (2024)"
638,Réunion,2020.0,,EG_EGY_PRIM,,"Energy Balances, UN Statistics Division (2024)"
638,Réunion,2021.0,,EG_EGY_PRIM,,"Energy Balances, UN Statistics Division (2024)"
638,Réunion,2022.0,,EG_EGY_PRIM,,"Energy Balances, UN Statistics Division (2024)"
642,Romania,2000.0,4.53,EG_EGY_PRIM,,"IEA (2024), World Energy Balances"
642,Romania,2001.0,4.38,EG_EGY_PRIM,,"IEA (2024), World Energy Balances"
642,Romania,2002.0,4.28,EG_EGY_PRIM,,"IEA (2024), World Energy Balances"
642,Romania,2003.0,4.36,EG_EGY_PRIM,,"IEA (2024), World Energy Balances"
642,Romania,2004.0,3.84,EG_EGY_PRIM,,"IEA (2024), World Energy Balances"
642,Romania,2005.0,3.66,EG_EGY_PRIM,,"IEA (2024), World Energy Balances"
642,Romania,2006.0,3.5,EG_EGY_PRIM,,"IEA (2024), World Energy Balances"
642,Romania,2007.0,3.25,EG_EGY_PRIM,,"IEA (2024), World Energy Balances"
642,Romania,2008.0,2.96,EG_EGY_PRIM,,"IEA (2024), World Energy Balances"
642,Romania,2009.0,2.76,EG_EGY_PRIM,,"IEA (2024), World Energy Balances"
642,Romania,2010.0,2.88,EG_EGY_PRIM,,"IEA (2024), World Energy Balances"
642,Romania,2011.0,2.82,EG_EGY_PRIM,,"IEA (2024), World Energy Balances"
642,Romania,2012.0,2.7,EG_EGY_PRIM,,"IEA (2024), World Energy Balances"
642,Romania,2013.0,2.46,EG_EGY_PRIM,,"IEA (2024), World Energy Balances"
642,Romania,2014.0,2.33,EG_EGY_PRIM,,"IEA (2024), World Energy Balances"
642,Romania,2015.0,2.28,EG_EGY_PRIM,,"IEA (2024), World Energy Balances"
642,Romania,2016.0,2.21,EG_EGY_PRIM,,"IEA (2024), World Energy Balances"
642,Romania,2017.0,2.14,EG_EGY_PRIM,,"IEA (2024), World Energy Balances"
642,Romania,2018.0,2.04,EG_EGY_PRIM,,"IEA (2024), World Energy Balances"
642,Romania,2019.0,1.94,EG_EGY_PRIM,,"IEA (2024), World Energy Balances"
642,Romania,2020.0,1.96,EG_EGY_PRIM,,"IEA (2024), World Energy Balances"
642,Romania,2021.0,1.97,EG_EGY_PRIM,,"IEA (2024), World Energy Balances"
642,Romania,2022.0,1.75,EG_EGY_PRIM,,"IEA (2024), World Energy Balances"
643,Russian Federation,2000.0,8.71,EG_EGY_PRIM,,"IEA (2024), World Energy Balances"
643,Russian Federation,2001.0,8.38,EG_EGY_PRIM,,"IEA (2024), World Energy Balances"
643,Russian Federation,2002.0,7.96,EG_EGY_PRIM,,"IEA (2024), World Energy Balances"
643,Russian Federation,2003.0,7.68,EG_EGY_PRIM,,"IEA (2024), World Energy Balances"
643,Russian Federation,2004.0,7.19,EG_EGY_PRIM,,"IEA (2024), World Energy Balances"
643,Russian Federation,2005.0,6.8,EG_EGY_PRIM,,"IEA (2024), World Energy Balances"
643,Russian Federation,2006.0,6.47,EG_EGY_PRIM,,"IEA (2024), World Energy Balances"
643,Russian Federation,2007.0,5.98,EG_EGY_PRIM,,"IEA (2024), World Energy Balances"
643,Russian Federation,2008.0,5.82,EG_EGY_PRIM,,"IEA (2024), World Energy Balances"
643,Russian Federation,2009.0,5.93,EG_EGY_PRIM,,"IEA (2024), World Energy Balances"
643,Russian Federation,2010.0,6.08,EG_EGY_PRIM,,"IEA (2024), World Energy Balances"
643,Russian Federation,2011.0,6.04,EG_EGY_PRIM,,"IEA (2024), World Energy Balances"
643,Russian Federation,2012.0,5.88,EG_EGY_PRIM,,"IEA (2024), World Energy Balances"
643,Russian Federation,2013.0,5.61,EG_EGY_PRIM,,"IEA (2024), World Energy Balances"
643,Russian Federation,2014.0,5.58,EG_EGY_PRIM,,"IEA (2024), World Energy Balances"
643,Russian Federation,2015.0,5.58,EG_EGY_PRIM,,"IEA (2024), World Energy Balances"
643,Russian Federation,2016.0,5.74,EG_EGY_PRIM,,"IEA (2024), World Energy Balances"
643,Russian Federation,2017.0,5.74,EG_EGY_PRIM,,"IEA (2024), World Energy Balances"
643,Russian Federation,2018.0,5.88,EG_EGY_PRIM,,"IEA (2024), World Energy Balances"
643,Russian Federation,2019.0,5.55,EG_EGY_PRIM,,"IEA (2024), World Energy Balances"
643,Russian Federation,2020.0,5.67,EG_EGY_PRIM,,"IEA (2024), World Energy Balances"
643,Russian Federation,2021.0,6.01,EG_EGY_PRIM,,"IEA (2024), World Energy Balances"
643,Russian Federation,2022.0,5.98,EG_EGY_PRIM,,"IEA (2024), World Energy Balances"
646,Rwanda,2000.0,6.44,EG_EGY_PRIM,,"Energy Balances, UN Statistics Division (2024)"
646,Rwanda,2001.0,5.94,EG_EGY_PRIM,,"Energy Balances, UN Statistics Division (2024)"
646,Rwanda,2002.0,5.24,EG_EGY_PRIM,,"Energy Balances, UN Statistics Division (2024)"
646,Rwanda,2003.0,5.12,EG_EGY_PRIM,,"Energy Balances, UN Statistics Division (2024)"
646,Rwanda,2004.0,4.76,EG_EGY_PRIM,,"Energy Balances, UN Statistics Division (2024)"
646,Rwanda,2005.0,5.74,EG_EGY_PRIM,,"Energy Balances, UN Statistics Division (2024)"
646,Rwanda,2006.0,5.4,EG_EGY_PRIM,,"Energy Balances, UN Statistics Division (2024)"
646,Rwanda,2007.0,5.21,EG_EGY_PRIM,,"Energy Balances, UN Statistics Division (2024)"
646,Rwanda,2008.0,4.86,EG_EGY_PRIM,,"Energy Balances, UN Statistics Division (2024)"
646,Rwanda,2009.0,4.73,EG_EGY_PRIM,,"Energy Balances, UN Statistics Division (2024)"
646,Rwanda,2010.0,4.59,EG_EGY_PRIM,,"Energy Balances, UN Statistics Division (2024)"
646,Rwanda,2011.0,4.43,EG_EGY_PRIM,,"Energy Balances, UN Statistics Division (2024)"
646,Rwanda,2012.0,4.24,EG_EGY_PRIM,,"Energy Balances, UN Statistics Division (2024)"
646,Rwanda,2013.0,4.19,EG_EGY_PRIM,,"Energy Balances, UN Statistics Division (2024)"
646,Rwanda,2014.0,4.02,EG_EGY_PRIM,,"Energy Balances, UN Statistics Division (2024)"
646,Rwanda,2015.0,3.78,EG_EGY_PRIM,,"Energy Balances, UN Statistics Division (2024)"
646,Rwanda,2016.0,3.59,EG_EGY_PRIM,,"Energy Balances, UN Statistics Division (2024)"
646,Rwanda,2017.0,3.54,EG_EGY_PRIM,,"Energy Balances, UN Statistics Division (2024)"
646,Rwanda,2018.0,3.33,EG_EGY_PRIM,,"Energy Balances, UN Statistics Division (2024)"
646,Rwanda,2019.0,3.09,EG_EGY_PRIM,,"Energy Balances, UN Statistics Division (2024)"
646,Rwanda,2020.0,3.2,EG_EGY_PRIM,,"Energy Balances, UN Statistics Division (2024)"
646,Rwanda,2021.0,2.98,EG_EGY_PRIM,,"Energy Balances, UN Statistics Division (2024)"
646,Rwanda,2022.0,2.93,EG_EGY_PRIM,,"Energy Balances, UN Statistics Division (2024)"
652,Saint Barthélemy,2000.0,,EG_EGY_PRIM,,"Energy Balances, UN Statistics Division (2024)"
652,Saint Barthélemy,2001.0,,EG_EGY_PRIM,,"Energy Balances, UN Statistics Division (2024)"
652,Saint Barthélemy,2002.0,,EG_EGY_PRIM,,"Energy Balances, UN Statistics Division (2024)"
652,Saint Barthélemy,2003.0,,EG_EGY_PRIM,,"Energy Balances, UN Statistics Division (2024)"
652,Saint Barthélemy,2004.0,,EG_EGY_PRIM,,"Energy Balances, UN Statistics Division (2024)"
652,Saint Barthélemy,2005.0,,EG_EGY_PRIM,,"Energy Balances, UN Statistics Division (2024)"
652,Saint Barthélemy,2006.0,,EG_EGY_PRIM,,"Energy Balances, UN Statistics Division (2024)"
652,Saint Barthélemy,2007.0,,EG_EGY_PRIM,,"Energy Balances, UN Statistics Division (2024)"
652,Saint Barthélemy,2008.0,,EG_EGY_PRIM,,"Energy Balances, UN Statistics Division (2024)"
652,Saint Barthélemy,2009.0,,EG_EGY_PRIM,,"Energy Balances, UN Statistics Division (2024)"
652,Saint Barthélemy,2010.0,,EG_EGY_PRIM,,"Energy Balances, UN Statistics Division (2024)"
652,Saint Barthélemy,2011.0,,EG_EGY_PRIM,,"Energy Balances, UN Statistics Division (2024)"
652,Saint Barthélemy,2012.0,,EG_EGY_PRIM,,"Energy Balances, UN Statistics Division (2024)"
652,Saint Barthélemy,2013.0,,EG_EGY_PRIM,,"Energy Balances, UN Statistics Division (2024)"
652,Saint Barthélemy,2014.0,,EG_EGY_PRIM,,"Energy Balances, UN Statistics Division (2024)"
652,Saint Barthélemy,2015.0,,EG_EGY_PRIM,,"Energy Balances, UN Statistics Division (2024)"
652,Saint Barthélemy,2016.0,,EG_EGY_PRIM,,"Energy Balances, UN Statistics Division (2024)"
652,Saint Barthélemy,2017.0,,EG_EGY_PRIM,,"Energy Balances, UN Statistics Division (2024)"
652,Saint Barthélemy,2018.0,,EG_EGY_PRIM,,"Energy Balances, UN Statistics Division (2024)"
652,Saint Barthélemy,2019.0,,EG_EGY_PRIM,,"Energy Balances, UN Statistics Division (2024)"
652,Saint Barthélemy,2020.0,,EG_EGY_PRIM,,"Energy Balances, UN Statistics Division (2024)"
652,Saint Barthélemy,2021.0,,EG_EGY_PRIM,,"Energy Balances, UN Statistics Division (2024)"
652,Saint Barthélemy,2022.0,,EG_EGY_PRIM,,"Energy Balances, UN Statistics Division (2024)"
654,Saint Helena,2000.0,,EG_EGY_PRIM,,"Energy Balances, UN Statistics Division (2024)"
654,Saint Helena,2001.0,,EG_EGY_PRIM,,"Energy Balances, UN Statistics Division (2024)"
654,Saint Helena,2002.0,,EG_EGY_PRIM,,"Energy Balances, UN Statistics Division (2024)"
654,Saint Helena,2003.0,,EG_EGY_PRIM,,"Energy Balances, UN Statistics Division (2024)"
654,Saint Helena,2004.0,,EG_EGY_PRIM,,"Energy Balances, UN Statistics Division (2024)"
654,Saint Helena,2005.0,,EG_EGY_PRIM,,"Energy Balances, UN Statistics Division (2024)"
654,Saint Helena,2006.0,,EG_EGY_PRIM,,"Energy Balances, UN Statistics Division (2024)"
654,Saint Helena,2007.0,,EG_EGY_PRIM,,"Energy Balances, UN Statistics Division (2024)"
654,Saint Helena,2008.0,,EG_EGY_PRIM,,"Energy Balances, UN Statistics Division (2024)"
654,Saint Helena,2009.0,,EG_EGY_PRIM,,"Energy Balances, UN Statistics Division (2024)"
654,Saint Helena,2010.0,,EG_EGY_PRIM,,"Energy Balances, UN Statistics Division (2024)"
654,Saint Helena,2011.0,,EG_EGY_PRIM,,"Energy Balances, UN Statistics Division (2024)"
654,Saint Helena,2012.0,,EG_EGY_PRIM,,"Energy Balances, UN Statistics Division (2024)"
654,Saint Helena,2013.0,,EG_EGY_PRIM,,"Energy Balances, UN Statistics Division (2024)"
654,Saint Helena,2014.0,,EG_EGY_PRIM,,"Energy Balances, UN Statistics Division (2024)"
654,Saint Helena,2015.0,,EG_EGY_PRIM,,"Energy Balances, UN Statistics Division (2024)"
654,Saint Helena,2016.0,,EG_EGY_PRIM,,"Energy Balances, UN Statistics Division (2024)"
654,Saint Helena,2017.0,,EG_EGY_PRIM,,"Energy Balances, UN Statistics Division (2024)"
654,Saint Helena,2018.0,,EG_EGY_PRIM,,"Energy Balances, UN Statistics Division (2024)"
654,Saint Helena,2019.0,,EG_EGY_PRIM,,"Energy Balances, UN Statistics Division (2024)"
654,Saint Helena,2020.0,,EG_EGY_PRIM,,"Energy Balances, UN Statistics Division (2024)"
654,Saint Helena,2021.0,,EG_EGY_PRIM,,"Energy Balances, UN Statistics Division (2024)"
654,Saint Helena,2022.0,,EG_EGY_PRIM,,"Energy Balances, UN Statistics Division (2024)"
659,Saint Kitts and Nevis,2000.0,3.26,EG_EGY_PRIM,,"Energy Balances, UN Statistics Division (2024)"
659,Saint Kitts and Nevis,2001.0,3.18,EG_EGY_PRIM,,"Energy Balances, UN Statistics Division (2024)"
659,Saint Kitts and Nevis,2002.0,3.4,EG_EGY_PRIM,,"Energy Balances, UN Statistics Division (2024)"
659,Saint Kitts and Nevis,2003.0,3.62,EG_EGY_PRIM,,"Energy Balances, UN Statistics Division (2024)"
659,Saint Kitts and Nevis,2004.0,3.67,EG_EGY_PRIM,,"Energy Balances, UN Statistics Division (2024)"
659,Saint Kitts and Nevis,2005.0,3.14,EG_EGY_PRIM,,"Energy Balances, UN Statistics Division (2024)"
659,Saint Kitts and Nevis,2006.0,2.67,EG_EGY_PRIM,,"Energy Balances, UN Statistics Division (2024)"
659,Saint Kitts and Nevis,2007.0,2.81,EG_EGY_PRIM,,"Energy Balances, UN Statistics Division (2024)"
659,Saint Kitts and Nevis,2008.0,2.52,EG_EGY_PRIM,,"Energy Balances, UN Statistics Division (2024)"
659,Saint Kitts and Nevis,2009.0,2.68,EG_EGY_PRIM,,"Energy Balances, UN Statistics Division (2024)"
659,Saint Kitts and Nevis,2010.0,2.71,EG_EGY_PRIM,,"Energy Balances, UN Statistics Division (2024)"
659,Saint Kitts and Nevis,2011.0,2.75,EG_EGY_PRIM,,"Energy Balances, UN Statistics Division (2024)"
659,Saint Kitts and Nevis,2012.0,2.71,EG_EGY_PRIM,,"Energy Balances, UN Statistics Division (2024)"
659,Saint Kitts and Nevis,2013.0,2.57,EG_EGY_PRIM,,"Energy Balances, UN Statistics Division (2024)"
659,Saint Kitts and Nevis,2014.0,2.43,EG_EGY_PRIM,,"Energy Balances, UN Statistics Division (2024)"
659,Saint Kitts and Nevis,2015.0,2.43,EG_EGY_PRIM,,"Energy Balances, UN Statistics Division (2024)"
659,Saint Kitts and Nevis,2016.0,2.45,EG_EGY_PRIM,,"Energy Balances, UN Statistics Division (2024)"
659,Saint Kitts and Nevis,2017.0,2.46,EG_EGY_PRIM,,"Energy Balances, UN Statistics Division (2024)"
659,Saint Kitts and Nevis,2018.0,2.49,EG_EGY_PRIM,,"Energy Balances, UN Statistics Division (2024)"
659,Saint Kitts and Nevis,2019.0,2.48,EG_EGY_PRIM,,"Energy Balances, UN Statistics Division (2024)"
659,Saint Kitts and Nevis,2020.0,2.71,EG_EGY_PRIM,,"Energy Balances, UN Statistics Division (2024)"
659,Saint Kitts and Nevis,2021.0,2.7,EG_EGY_PRIM,,"Energy Balances, UN Statistics Division (2024)"
659,Saint Kitts and Nevis,2022.0,2.58,EG_EGY_PRIM,,"Energy Balances, UN Statistics Division (2024)"
662,Saint Lucia,2000.0,2.11,EG_EGY_PRIM,,"Energy Balances, UN Statistics Division (2024)"
662,Saint Lucia,2001.0,2.26,EG_EGY_PRIM,,"Energy Balances, UN Statistics Division (2024)"
662,Saint Lucia,2002.0,2.23,EG_EGY_PRIM,,"Energy Balances, UN Statistics Division (2024)"
662,Saint Lucia,2003.0,2.22,EG_EGY_PRIM,,"Energy Balances, UN Statistics Division (2024)"
662,Saint Lucia,2004.0,2.15,EG_EGY_PRIM,,"Energy Balances, UN Statistics Division (2024)"
662,Saint Lucia,2005.0,2.12,EG_EGY_PRIM,,"Energy Balances, UN Statistics Division (2024)"
662,Saint Lucia,2006.0,2.06,EG_EGY_PRIM,,"Energy Balances, UN Statistics Division (2024)"
662,Saint Lucia,2007.0,2.04,EG_EGY_PRIM,,"Energy Balances, UN Statistics Division (2024)"
662,Saint Lucia,2008.0,1.95,EG_EGY_PRIM,,"Energy Balances, UN Statistics Division (2024)"
662,Saint Lucia,2009.0,1.98,EG_EGY_PRIM,,"Energy Balances, UN Statistics Division (2024)"
662,Saint Lucia,2010.0,2.18,EG_EGY_PRIM,,"Energy Balances, UN Statistics Division (2024)"
662,Saint Lucia,2011.0,2.07,EG_EGY_PRIM,,"Energy Balances, UN Statistics Division (2024)"
662,Saint Lucia,2012.0,2.08,EG_EGY_PRIM,,"Energy Balances, UN Statistics Division (2024)"
662,Saint Lucia,2013.0,2.12,EG_EGY_PRIM,,"Energy Balances, UN Statistics Division (2024)"
662,Saint Lucia,2014.0,2.09,EG_EGY_PRIM,,"Energy Balances, UN Statistics Division (2024)"
662,Saint Lucia,2015.0,2.06,EG_EGY_PRIM,,"Energy Balances, UN Statistics Division (2024)"
662,Saint Lucia,2016.0,1.95,EG_EGY_PRIM,,"Energy Balances, UN Statistics Division (2024)"
662,Saint Lucia,2017.0,1.96,EG_EGY_PRIM,,"Energy Balances, UN Statistics Division (2024)"
662,Saint Lucia,2018.0,1.95,EG_EGY_PRIM,,"Energy Balances, UN Statistics Division (2024)"
662,Saint Lucia,2019.0,1.94,EG_EGY_PRIM,,"Energy Balances, UN Statistics Division (2024)"
662,Saint Lucia,2020.0,2.49,EG_EGY_PRIM,,"Energy Balances, UN Statistics Division (2024)"
662,Saint Lucia,2021.0,2.32,EG_EGY_PRIM,,"Energy Balances, UN Statistics Division (2024)"
662,Saint Lucia,2022.0,1.96,EG_EGY_PRIM,,"Energy Balances, UN Statistics Division (2024)"
663,Saint Martin (French Part),2000.0,,EG_EGY_PRIM,,"Energy Balances, UN Statistics Division (2024)"
663,Saint Martin (French Part),2001.0,,EG_EGY_PRIM,,"Energy Balances, UN Statistics Division (2024)"
663,Saint Martin (French Part),2002.0,,EG_EGY_PRIM,,"Energy Balances, UN Statistics Division (2024)"
663,Saint Martin (French Part),2003.0,,EG_EGY_PRIM,,"Energy Balances, UN Statistics Division (2024)"
663,Saint Martin (French Part),2004.0,,EG_EGY_PRIM,,"Energy Balances, UN Statistics Division (2024)"
663,Saint Martin (French Part),2005.0,,EG_EGY_PRIM,,"Energy Balances, UN Statistics Division (2024)"
663,Saint Martin (French Part),2006.0,,EG_EGY_PRIM,,"Energy Balances, UN Statistics Division (2024)"
663,Saint Martin (French Part),2007.0,,EG_EGY_PRIM,,"Energy Balances, UN Statistics Division (2024)"
663,Saint Martin (French Part),2008.0,,EG_EGY_PRIM,,"Energy Balances, UN Statistics Division (2024)"
663,Saint Martin (French Part),2009.0,,EG_EGY_PRIM,,"Energy Balances, UN Statistics Division (2024)"
663,Saint Martin (French Part),2010.0,,EG_EGY_PRIM,,"Energy Balances, UN Statistics Division (2024)"
663,Saint Martin (French Part),2011.0,,EG_EGY_PRIM,,"Energy Balances, UN Statistics Division (2024)"
663,Saint Martin (French Part),2012.0,,EG_EGY_PRIM,,"Energy Balances, UN Statistics Division (2024)"
663,Saint Martin (French Part),2013.0,,EG_EGY_PRIM,,"Energy Balances, UN Statistics Division (2024)"
663,Saint Martin (French Part),2014.0,,EG_EGY_PRIM,,"Energy Balances, UN Statistics Division (2024)"
663,Saint Martin (French Part),2015.0,,EG_EGY_PRIM,,"Energy Balances, UN Statistics Division (2024)"
663,Saint Martin (French Part),2016.0,,EG_EGY_PRIM,,"Energy Balances, UN Statistics Division (2024)"
663,Saint Martin (French Part),2017.0,,EG_EGY_PRIM,,"Energy Balances, UN Statistics Division (2024)"
663,Saint Martin (French Part),2018.0,,EG_EGY_PRIM,,"Energy Balances, UN Statistics Division (2024)"
663,Saint Martin (French Part),2019.0,,EG_EGY_PRIM,,"Energy Balances, UN Statistics Division (2024)"
663,Saint Martin (French Part),2020.0,,EG_EGY_PRIM,,"Energy Balances, UN Statistics Division (2024)"
663,Saint Martin (French Part),2021.0,,EG_EGY_PRIM,,"Energy Balances, UN Statistics Division (2024)"
663,Saint Martin (French Part),2022.0,,EG_EGY_PRIM,,"Energy Balances, UN Statistics Division (2024)"
666,Saint Pierre and Miquelon,2000.0,,EG_EGY_PRIM,,"Energy Balances, UN Statistics Division (2024)"
666,Saint Pierre and Miquelon,2001.0,,EG_EGY_PRIM,,"Energy Balances, UN Statistics Division (2024)"
666,Saint Pierre and Miquelon,2002.0,,EG_EGY_PRIM,,"Energy Balances, UN Statistics Division (2024)"
666,Saint Pierre and Miquelon,2003.0,,EG_EGY_PRIM,,"Energy Balances, UN Statistics Division (2024)"
666,Saint Pierre and Miquelon,2004.0,,EG_EGY_PRIM,,"Energy Balances, UN Statistics Division (2024)"
666,Saint Pierre and Miquelon,2005.0,,EG_EGY_PRIM,,"Energy Balances, UN Statistics Division (2024)"
666,Saint Pierre and Miquelon,2006.0,,EG_EGY_PRIM,,"Energy Balances, UN Statistics Division (2024)"
666,Saint Pierre and Miquelon,2007.0,,EG_EGY_PRIM,,"Energy Balances, UN Statistics Division (2024)"
666,Saint Pierre and Miquelon,2008.0,,EG_EGY_PRIM,,"Energy Balances, UN Statistics Division (2024)"
666,Saint Pierre and Miquelon,2009.0,,EG_EGY_PRIM,,"Energy Balances, UN Statistics Division (2024)"
666,Saint Pierre and Miquelon,2010.0,,EG_EGY_PRIM,,"Energy Balances, UN Statistics Division (2024)"
666,Saint Pierre and Miquelon,2011.0,,EG_EGY_PRIM,,"Energy Balances, UN Statistics Division (2024)"
666,Saint Pierre and Miquelon,2012.0,,EG_EGY_PRIM,,"Energy Balances, UN Statistics Division (2024)"
666,Saint Pierre and Miquelon,2013.0,,EG_EGY_PRIM,,"Energy Balances, UN Statistics Division (2024)"
666,Saint Pierre and Miquelon,2014.0,,EG_EGY_PRIM,,"Energy Balances, UN Statistics Division (2024)"
666,Saint Pierre and Miquelon,2015.0,,EG_EGY_PRIM,,"Energy Balances, UN Statistics Division (2024)"
666,Saint Pierre and Miquelon,2016.0,,EG_EGY_PRIM,,"Energy Balances, UN Statistics Division (2024)"
666,Saint Pierre and Miquelon,2017.0,,EG_EGY_PRIM,,"Energy Balances, UN Statistics Division (2024)"
666,Saint Pierre and Miquelon,2018.0,,EG_EGY_PRIM,,"Energy Balances, UN Statistics Division (2024)"
666,Saint Pierre and Miquelon,2019.0,,EG_EGY_PRIM,,"Energy Balances, UN Statistics Division (2024)"
666,Saint Pierre and Miquelon,2020.0,,EG_EGY_PRIM,,"Energy Balances, UN Statistics Division (2024)"
666,Saint Pierre and Miquelon,2021.0,,EG_EGY_PRIM,,"Energy Balances, UN Statistics Division (2024)"
666,Saint Pierre and Miquelon,2022.0,,EG_EGY_PRIM,,"Energy Balances, UN Statistics Division (2024)"
670,Saint Vincent and the Grenadines,2000.0,1.96,EG_EGY_PRIM,,"Energy Balances, UN Statistics Division (2024)"
670,Saint Vincent and the Grenadines,2001.0,2.27,EG_EGY_PRIM,,"Energy Balances, UN Statistics Division (2024)"
670,Saint Vincent and the Grenadines,2002.0,2.33,EG_EGY_PRIM,,"Energy Balances, UN Statistics Division (2024)"
670,Saint Vincent and the Grenadines,2003.0,2.31,EG_EGY_PRIM,,"Energy Balances, UN Statistics Division (2024)"
670,Saint Vincent and the Grenadines,2004.0,2.44,EG_EGY_PRIM,,"Energy Balances, UN Statistics Division (2024)"
670,Saint Vincent and the Grenadines,2005.0,2.4,EG_EGY_PRIM,,"Energy Balances, UN Statistics Division (2024)"
670,Saint Vincent and the Grenadines,2006.0,2.23,EG_EGY_PRIM,,"Energy Balances, UN Statistics Division (2024)"
670,Saint Vincent and the Grenadines,2007.0,2.33,EG_EGY_PRIM,,"Energy Balances, UN Statistics Division (2024)"
670,Saint Vincent and the Grenadines,2008.0,2.16,EG_EGY_PRIM,,"Energy Balances, UN Statistics Division (2024)"
670,Saint Vincent and the Grenadines,2009.0,2.77,EG_EGY_PRIM,,"Energy Balances, UN Statistics Division (2024)"
670,Saint Vincent and the Grenadines,2010.0,2.32,EG_EGY_PRIM,,"Energy Balances, UN Statistics Division (2024)"
670,Saint Vincent and the Grenadines,2011.0,2.3,EG_EGY_PRIM,,"Energy Balances, UN Statistics Division (2024)"
670,Saint Vincent and the Grenadines,2012.0,2.37,EG_EGY_PRIM,,"Energy Balances, UN Statistics Division (2024)"
670,Saint Vincent and the Grenadines,2013.0,2.2,EG_EGY_PRIM,,"Energy Balances, UN Statistics Division (2024)"
670,Saint Vincent and the Grenadines,2014.0,2.52,EG_EGY_PRIM,,"Energy Balances, UN Statistics Division (2024)"
670,Saint Vincent and the Grenadines,2015.0,2.29,EG_EGY_PRIM,,"Energy Balances, UN Statistics Division (2024)"
670,Saint Vincent and the Grenadines,2016.0,2.26,EG_EGY_PRIM,,"Energy Balances, UN Statistics Division (2024)"
670,Saint Vincent and the Grenadines,2017.0,1.97,EG_EGY_PRIM,,"Energy Balances, UN Statistics Division (2024)"
670,Saint Vincent and the Grenadines,2018.0,2.16,EG_EGY_PRIM,,"Energy Balances, UN Statistics Division (2024)"
670,Saint Vincent and the Grenadines,2019.0,1.97,EG_EGY_PRIM,,"Energy Balances, UN Statistics Division (2024)"
670,Saint Vincent and the Grenadines,2020.0,2.21,EG_EGY_PRIM,,"Energy Balances, UN Statistics Division (2024)"
670,Saint Vincent and the Grenadines,2021.0,2.13,EG_EGY_PRIM,,"Energy Balances, UN Statistics Division (2024)"
670,Saint Vincent and the Grenadines,2022.0,2.16,EG_EGY_PRIM,,"Energy Balances, UN Statistics Division (2024)"
882,Samoa,2000.0,5.85,EG_EGY_PRIM,,"Energy Balances, UN Statistics Division (2024)"
882,Samoa,2001.0,5.11,EG_EGY_PRIM,,"Energy Balances, UN Statistics Division (2024)"
882,Samoa,2002.0,4.85,EG_EGY_PRIM,,"Energy Balances, UN Statistics Division (2024)"
882,Samoa,2003.0,4.82,EG_EGY_PRIM,,"Energy Balances, UN Statistics Division (2024)"
882,Samoa,2004.0,4.57,EG_EGY_PRIM,,"Energy Balances, UN Statistics Division (2024)"
882,Samoa,2005.0,4.39,EG_EGY_PRIM,,"Energy Balances, UN Statistics Division (2024)"
882,Samoa,2006.0,4.04,EG_EGY_PRIM,,"Energy Balances, UN Statistics Division (2024)"
882,Samoa,2007.0,4.05,EG_EGY_PRIM,,"Energy Balances, UN Statistics Division (2024)"
882,Samoa,2008.0,3.65,EG_EGY_PRIM,,"Energy Balances, UN Statistics Division (2024)"
882,Samoa,2009.0,3.72,EG_EGY_PRIM,,"Energy Balances, UN Statistics Division (2024)"
882,Samoa,2010.0,3.89,EG_EGY_PRIM,,"Energy Balances, UN Statistics Division (2024)"
882,Samoa,2011.0,3.73,EG_EGY_PRIM,,"Energy Balances, UN Statistics Division (2024)"
882,Samoa,2012.0,3.97,EG_EGY_PRIM,,"Energy Balances, UN Statistics Division (2024)"
882,Samoa,2013.0,4.03,EG_EGY_PRIM,,"Energy Balances, UN Statistics Division (2024)"
882,Samoa,2014.0,4.19,EG_EGY_PRIM,,"Energy Balances, UN Statistics Division (2024)"
882,Samoa,2015.0,4.38,EG_EGY_PRIM,,"Energy Balances, UN Statistics Division (2024)"
882,Samoa,2016.0,4.2,EG_EGY_PRIM,,"Energy Balances, UN Statistics Division (2024)"
882,Samoa,2017.0,3.98,EG_EGY_PRIM,,"Energy Balances, UN Statistics Division (2024)"
882,Samoa,2018.0,4.08,EG_EGY_PRIM,,"Energy Balances, UN Statistics Division (2024)"
882,Samoa,2019.0,4.21,EG_EGY_PRIM,,"Energy Balances, UN Statistics Division (2024)"
882,Samoa,2020.0,4.04,EG_EGY_PRIM,,"Energy Balances, UN Statistics Division (2024)"
882,Samoa,2021.0,4.62,EG_EGY_PRIM,,"Energy Balances, UN Statistics Division (2024)"
882,Samoa,2022.0,4.38,EG_EGY_PRIM,,"Energy Balances, UN Statistics Division (2024)"
678,Sao Tome and Principe,2000.0,2.94,EG_EGY_PRIM,,"Energy Balances, UN Statistics Division (2024)"
678,Sao Tome and Principe,2001.0,2.86,EG_EGY_PRIM,,"Energy Balances, UN Statistics Division (2024)"
678,Sao Tome and Principe,2002.0,2.93,EG_EGY_PRIM,,"Energy Balances, UN Statistics Division (2024)"
678,Sao Tome and Principe,2003.0,2.96,EG_EGY_PRIM,,"Energy Balances, UN Statistics Division (2024)"
678,Sao Tome and Principe,2004.0,3.04,EG_EGY_PRIM,,"Energy Balances, UN Statistics Division (2024)"
678,Sao Tome and Principe,2005.0,2.94,EG_EGY_PRIM,,"Energy Balances, UN Statistics Division (2024)"
678,Sao Tome and Principe,2006.0,2.76,EG_EGY_PRIM,,"Energy Balances, UN Statistics Division (2024)"
678,Sao Tome and Principe,2007.0,2.69,EG_EGY_PRIM,,"Energy Balances, UN Statistics Division (2024)"
678,Sao Tome and Principe,2008.0,2.61,EG_EGY_PRIM,,"Energy Balances, UN Statistics Division (2024)"
678,Sao Tome and Principe,2009.0,2.61,EG_EGY_PRIM,,"Energy Balances, UN Statistics Division (2024)"
678,Sao Tome and Principe,2010.0,2.84,EG_EGY_PRIM,,"Energy Balances, UN Statistics Division (2024)"
678,Sao Tome and Principe,2011.0,2.66,EG_EGY_PRIM,,"Energy Balances, UN Statistics Division (2024)"
678,Sao Tome and Principe,2012.0,2.69,EG_EGY_PRIM,,"Energy Balances, UN Statistics Division (2024)"
678,Sao Tome and Principe,2013.0,2.55,EG_EGY_PRIM,,"Energy Balances, UN Statistics Division (2024)"
678,Sao Tome and Principe,2014.0,2.7,EG_EGY_PRIM,,"Energy Balances, UN Statistics Division (2024)"
678,Sao Tome and Principe,2015.0,2.84,EG_EGY_PRIM,,"Energy Balances, UN Statistics Division (2024)"
678,Sao Tome and Principe,2016.0,2.87,EG_EGY_PRIM,,"Energy Balances, UN Statistics Division (2024)"
678,Sao Tome and Principe,2017.0,2.65,EG_EGY_PRIM,,"Energy Balances, UN Statistics Division (2024)"
678,Sao Tome and Principe,2018.0,2.53,EG_EGY_PRIM,,"Energy Balances, UN Statistics Division (2024)"
678,Sao Tome and Principe,2019.0,2.57,EG_EGY_PRIM,,"Energy Balances, UN Statistics Division (2024)"
678,Sao Tome and Principe,2020.0,2.47,EG_EGY_PRIM,,"Energy Balances, UN Statistics Division (2024)"
678,Sao Tome and Principe,2021.0,2.44,EG_EGY_PRIM,,"Energy Balances, UN Statistics Division (2024)"
678,Sao Tome and Principe,2022.0,2.33,EG_EGY_PRIM,,"Energy Balances, UN Statistics Division (2024)"
682,Saudi Arabia,2000.0,5.29,EG_EGY_PRIM,,"IEA (2024), World Energy Balances"
682,Saudi Arabia,2001.0,5.41,EG_EGY_PRIM,,"IEA (2024), World Energy Balances"
682,Saudi Arabia,2002.0,6.16,EG_EGY_PRIM,,"IEA (2024), World Energy Balances"
682,Saudi Arabia,2003.0,5.77,EG_EGY_PRIM,,"IEA (2024), World Energy Balances"
682,Saudi Arabia,2004.0,5.34,EG_EGY_PRIM,,"IEA (2024), World Energy Balances"
682,Saudi Arabia,2005.0,5.33,EG_EGY_PRIM,,"IEA (2024), World Energy Balances"
682,Saudi Arabia,2006.0,5.52,EG_EGY_PRIM,,"IEA (2024), World Energy Balances"
682,Saudi Arabia,2007.0,5.7,EG_EGY_PRIM,,"IEA (2024), World Energy Balances"
682,Saudi Arabia,2008.0,5.83,EG_EGY_PRIM,,"IEA (2024), World Energy Balances"
682,Saudi Arabia,2009.0,6.25,EG_EGY_PRIM,,"IEA (2024), World Energy Balances"
682,Saudi Arabia,2010.0,6.59,EG_EGY_PRIM,,"IEA (2024), World Energy Balances"
682,Saudi Arabia,2011.0,6.22,EG_EGY_PRIM,,"IEA (2024), World Energy Balances"
682,Saudi Arabia,2012.0,6.07,EG_EGY_PRIM,,"IEA (2024), World Energy Balances"
682,Saudi Arabia,2013.0,5.88,EG_EGY_PRIM,,"IEA (2024), World Energy Balances"
682,Saudi Arabia,2014.0,6.24,EG_EGY_PRIM,,"IEA (2024), World Energy Balances"
682,Saudi Arabia,2015.0,6.15,EG_EGY_PRIM,,"IEA (2024), World Energy Balances"
682,Saudi Arabia,2016.0,6.06,EG_EGY_PRIM,,"IEA (2024), World Energy Balances"
682,Saudi Arabia,2017.0,6.15,EG_EGY_PRIM,,"IEA (2024), World Energy Balances"
682,Saudi Arabia,2018.0,5.77,EG_EGY_PRIM,,"IEA (2024), World Energy Balances"
682,Saudi Arabia,2019.0,5.7,EG_EGY_PRIM,,"IEA (2024), World Energy Balances"
682,Saudi Arabia,2020.0,5.8,EG_EGY_PRIM,,"IEA (2024), World Energy Balances"
682,Saudi Arabia,2021.0,5.61,EG_EGY_PRIM,,"IEA (2024), World Energy Balances"
682,Saudi Arabia,2022.0,5.5,EG_EGY_PRIM,,"IEA (2024), World Energy Balances"
686,Senegal,2000.0,3.25,EG_EGY_PRIM,,"IEA (2024), World Energy Balances"
686,Senegal,2001.0,3.37,EG_EGY_PRIM,,"IEA (2024), World Energy Balances"
686,Senegal,2002.0,3.4,EG_EGY_PRIM,,"IEA (2024), World Energy Balances"
686,Senegal,2003.0,3.11,EG_EGY_PRIM,,"IEA (2024), World Energy Balances"
686,Senegal,2004.0,3.19,EG_EGY_PRIM,,"IEA (2024), World Energy Balances"
686,Senegal,2005.0,3.12,EG_EGY_PRIM,,"IEA (2024), World Energy Balances"
686,Senegal,2006.0,3.06,EG_EGY_PRIM,,"IEA (2024), World Energy Balances"
686,Senegal,2007.0,3.2,EG_EGY_PRIM,,"IEA (2024), World Energy Balances"
686,Senegal,2008.0,3.22,EG_EGY_PRIM,,"IEA (2024), World Energy Balances"
686,Senegal,2009.0,3.78,EG_EGY_PRIM,,"IEA (2024), World Energy Balances"
686,Senegal,2010.0,3.85,EG_EGY_PRIM,,"IEA (2024), World Energy Balances"
686,Senegal,2011.0,3.95,EG_EGY_PRIM,,"IEA (2024), World Energy Balances"
686,Senegal,2012.0,3.71,EG_EGY_PRIM,,"IEA (2024), World Energy Balances"
686,Senegal,2013.0,3.35,EG_EGY_PRIM,,"IEA (2024), World Energy Balances"
686,Senegal,2014.0,3.42,EG_EGY_PRIM,,"IEA (2024), World Energy Balances"
686,Senegal,2015.0,3.45,EG_EGY_PRIM,,"IEA (2024), World Energy Balances"
686,Senegal,2016.0,3.23,EG_EGY_PRIM,,"IEA (2024), World Energy Balances"
686,Senegal,2017.0,3.0,EG_EGY_PRIM,,"IEA (2024), World Energy Balances"
686,Senegal,2018.0,2.87,EG_EGY_PRIM,,"IEA (2024), World Energy Balances"
686,Senegal,2019.0,3.07,EG_EGY_PRIM,,"IEA (2024), World Energy Balances"
686,Senegal,2020.0,2.92,EG_EGY_PRIM,,"IEA (2024), World Energy Balances"
686,Senegal,2021.0,2.95,EG_EGY_PRIM,,"IEA (2024), World Energy Balances"
686,Senegal,2022.0,3.12,EG_EGY_PRIM,,"IEA (2024), World Energy Balances"
688,Serbia,2000.0,7.45,EG_EGY_PRIM,,"IEA (2024), World Energy Balances"
688,Serbia,2001.0,7.6,EG_EGY_PRIM,,"IEA (2024), World Energy Balances"
688,Serbia,2002.0,7.62,EG_EGY_PRIM,,"IEA (2024), World Energy Balances"
688,Serbia,2003.0,7.67,EG_EGY_PRIM,,"IEA (2024), World Energy Balances"
688,Serbia,2004.0,7.68,EG_EGY_PRIM,,"IEA (2024), World Energy Balances"
688,Serbia,2005.0,6.46,EG_EGY_PRIM,,"IEA (2024), World Energy Balances"
688,Serbia,2006.0,6.52,EG_EGY_PRIM,,"IEA (2024), World Energy Balances"
688,Serbia,2007.0,5.96,EG_EGY_PRIM,,"IEA (2024), World Energy Balances"
688,Serbia,2008.0,5.75,EG_EGY_PRIM,,"IEA (2024), World Energy Balances"
688,Serbia,2009.0,5.32,EG_EGY_PRIM,,"IEA (2024), World Energy Balances"
688,Serbia,2010.0,5.45,EG_EGY_PRIM,,"IEA (2024), World Energy Balances"
688,Serbia,2011.0,5.54,EG_EGY_PRIM,,"IEA (2024), World Energy Balances"
688,Serbia,2012.0,5.01,EG_EGY_PRIM,,"IEA (2024), World Energy Balances"
688,Serbia,2013.0,4.98,EG_EGY_PRIM,,"IEA (2024), World Energy Balances"
688,Serbia,2014.0,4.5,EG_EGY_PRIM,,"IEA (2024), World Energy Balances"
688,Serbia,2015.0,4.92,EG_EGY_PRIM,,"IEA (2024), World Energy Balances"
688,Serbia,2016.0,4.93,EG_EGY_PRIM,,"IEA (2024), World Energy Balances"
688,Serbia,2017.0,4.93,EG_EGY_PRIM,,"IEA (2024), World Energy Balances"
688,Serbia,2018.0,4.64,EG_EGY_PRIM,,"IEA (2024), World Energy Balances"
688,Serbia,2019.0,4.43,EG_EGY_PRIM,,"IEA (2024), World Energy Balances"
688,Serbia,2020.0,4.62,EG_EGY_PRIM,,"IEA (2024), World Energy Balances"
688,Serbia,2021.0,4.37,EG_EGY_PRIM,,"IEA (2024), World Energy Balances"
688,Serbia,2022.0,4.31,EG_EGY_PRIM,,"IEA (2024), World Energy Balances"
690,Seychelles,2000.0,2.88,EG_EGY_PRIM,,"Energy Balances, UN Statistics Division (2024)"
690,Seychelles,2001.0,3.16,EG_EGY_PRIM,,"Energy Balances, UN Statistics Division (2024)"
690,Seychelles,2002.0,3.21,EG_EGY_PRIM,,"Energy Balances, UN Statistics Division (2024)"
690,Seychelles,2003.0,3.31,EG_EGY_PRIM,,"Energy Balances, UN Statistics Division (2024)"
690,Seychelles,2004.0,3.8,EG_EGY_PRIM,,"Energy Balances, UN Statistics Division (2024)"
690,Seychelles,2005.0,3.48,EG_EGY_PRIM,,"Energy Balances, UN Statistics Division (2024)"
690,Seychelles,2006.0,3.2,EG_EGY_PRIM,,"Energy Balances, UN Statistics Division (2024)"
690,Seychelles,2007.0,3.05,EG_EGY_PRIM,,"Energy Balances, UN Statistics Division (2024)"
690,Seychelles,2008.0,3.21,EG_EGY_PRIM,,"Energy Balances, UN Statistics Division (2024)"
690,Seychelles,2009.0,3.47,EG_EGY_PRIM,,"Energy Balances, UN Statistics Division (2024)"
690,Seychelles,2010.0,3.23,EG_EGY_PRIM,,"Energy Balances, UN Statistics Division (2024)"
690,Seychelles,2011.0,2.77,EG_EGY_PRIM,,"Energy Balances, UN Statistics Division (2024)"
690,Seychelles,2012.0,2.79,EG_EGY_PRIM,,"Energy Balances, UN Statistics Division (2024)"
690,Seychelles,2013.0,2.59,EG_EGY_PRIM,,"Energy Balances, UN Statistics Division (2024)"
690,Seychelles,2014.0,2.74,EG_EGY_PRIM,,"Energy Balances, UN Statistics Division (2024)"
690,Seychelles,2015.0,2.75,EG_EGY_PRIM,,"Energy Balances, UN Statistics Division (2024)"
690,Seychelles,2016.0,2.71,EG_EGY_PRIM,,"Energy Balances, UN Statistics Division (2024)"
690,Seychelles,2017.0,2.64,EG_EGY_PRIM,,"Energy Balances, UN Statistics Division (2024)"
690,Seychelles,2018.0,2.63,EG_EGY_PRIM,,"Energy Balances, UN Statistics Division (2024)"
690,Seychelles,2019.0,2.47,EG_EGY_PRIM,,"Energy Balances, UN Statistics Division (2024)"
690,Seychelles,2020.0,2.82,EG_EGY_PRIM,,"Energy Balances, UN Statistics Division (2024)"
690,Seychelles,2021.0,2.88,EG_EGY_PRIM,,"Energy Balances, UN Statistics Division (2024)"
690,Seychelles,2022.0,2.58,EG_EGY_PRIM,,"Energy Balances, UN Statistics Division (2024)"
694,Sierra Leone,2000.0,8.2,EG_EGY_PRIM,,"Energy Balances, UN Statistics Division (2024)"
694,Sierra Leone,2001.0,7.13,EG_EGY_PRIM,,"Energy Balances, UN Statistics Division (2024)"
694,Sierra Leone,2002.0,5.83,EG_EGY_PRIM,,"Energy Balances, UN Statistics Division (2024)"
694,Sierra Leone,2003.0,5.36,EG_EGY_PRIM,,"Energy Balances, UN Statistics Division (2024)"
694,Sierra Leone,2004.0,4.97,EG_EGY_PRIM,,"Energy Balances, UN Statistics Division (2024)"
694,Sierra Leone,2005.0,4.57,EG_EGY_PRIM,,"Energy Balances, UN Statistics Division (2024)"
694,Sierra Leone,2006.0,4.55,EG_EGY_PRIM,,"Energy Balances, UN Statistics Division (2024)"
694,Sierra Leone,2007.0,4.33,EG_EGY_PRIM,,"Energy Balances, UN Statistics Division (2024)"
694,Sierra Leone,2008.0,4.2,EG_EGY_PRIM,,"Energy Balances, UN Statistics Division (2024)"
694,Sierra Leone,2009.0,4.17,EG_EGY_PRIM,,"Energy Balances, UN Statistics Division (2024)"
694,Sierra Leone,2010.0,3.86,EG_EGY_PRIM,,"Energy Balances, UN Statistics Division (2024)"
694,Sierra Leone,2011.0,3.77,EG_EGY_PRIM,,"Energy Balances, UN Statistics Division (2024)"
694,Sierra Leone,2012.0,3.64,EG_EGY_PRIM,,"Energy Balances, UN Statistics Division (2024)"
694,Sierra Leone,2013.0,3.51,EG_EGY_PRIM,,"Energy Balances, UN Statistics Division (2024)"
694,Sierra Leone,2014.0,3.62,EG_EGY_PRIM,,"Energy Balances, UN Statistics Division (2024)"
694,Sierra Leone,2015.0,3.73,EG_EGY_PRIM,,"Energy Balances, UN Statistics Division (2024)"
694,Sierra Leone,2016.0,3.63,EG_EGY_PRIM,,"Energy Balances, UN Statistics Division (2024)"
694,Sierra Leone,2017.0,3.49,EG_EGY_PRIM,,"Energy Balances, UN Statistics Division (2024)"
694,Sierra Leone,2018.0,3.35,EG_EGY_PRIM,,"Energy Balances, UN Statistics Division (2024)"
694,Sierra Leone,2019.0,3.25,EG_EGY_PRIM,,"Energy Balances, UN Statistics Division (2024)"
694,Sierra Leone,2020.0,3.36,EG_EGY_PRIM,,"Energy Balances, UN Statistics Division (2024)"
694,Sierra Leone,2021.0,3.36,EG_EGY_PRIM,,"Energy Balances, UN Statistics Division (2024)"
694,Sierra Leone,2022.0,3.19,EG_EGY_PRIM,,"Energy Balances, UN Statistics Division (2024)"
702,Singapore,2000.0,2.85,EG_EGY_PRIM,,"IEA (2024), World Energy Balances"
702,Singapore,2001.0,3.29,EG_EGY_PRIM,,"IEA (2024), World Energy Balances"
702,Singapore,2002.0,3.14,EG_EGY_PRIM,,"IEA (2024), World Energy Balances"
702,Singapore,2003.0,3.64,EG_EGY_PRIM,,"IEA (2024), World Energy Balances"
702,Singapore,2004.0,3.97,EG_EGY_PRIM,,"IEA (2024), World Energy Balances"
702,Singapore,2005.0,2.53,EG_EGY_PRIM,,"IEA (2024), World Energy Balances"
702,Singapore,2006.0,2.49,EG_EGY_PRIM,,"IEA (2024), World Energy Balances"
702,Singapore,2007.0,2.11,EG_EGY_PRIM,,"IEA (2024), World Energy Balances"
702,Singapore,2008.0,2.39,EG_EGY_PRIM,,"IEA (2024), World Energy Balances"
702,Singapore,2009.0,2.57,EG_EGY_PRIM,,"IEA (2024), World Energy Balances"
702,Singapore,2010.0,2.1,EG_EGY_PRIM,,"IEA (2024), World Energy Balances"
702,Singapore,2011.0,1.75,EG_EGY_PRIM,,"IEA (2024), World Energy Balances"
702,Singapore,2012.0,1.95,EG_EGY_PRIM,,"IEA (2024), World Energy Balances"
702,Singapore,2013.0,2.09,EG_EGY_PRIM,,"IEA (2024), World Energy Balances"
702,Singapore,2014.0,2.2,EG_EGY_PRIM,,"IEA (2024), World Energy Balances"
702,Singapore,2015.0,2.25,EG_EGY_PRIM,,"IEA (2024), World Energy Balances"
702,Singapore,2016.0,2.25,EG_EGY_PRIM,,"IEA (2024), World Energy Balances"
702,Singapore,2017.0,2.28,EG_EGY_PRIM,,"IEA (2024), World Energy Balances"
702,Singapore,2018.0,2.03,EG_EGY_PRIM,,"IEA (2024), World Energy Balances"
702,Singapore,2019.0,2.12,EG_EGY_PRIM,,"IEA (2024), World Energy Balances"
702,Singapore,2020.0,2.19,EG_EGY_PRIM,,"IEA (2024), World Energy Balances"
702,Singapore,2021.0,2.06,EG_EGY_PRIM,,"IEA (2024), World Energy Balances"
702,Singapore,2022.0,2.1,EG_EGY_PRIM,,"IEA (2024), World Energy Balances"
534,Sint Maarten (Dutch part),2000.0,,EG_EGY_PRIM,,"Energy Balances, UN Statistics Division (2024)"
534,Sint Maarten (Dutch part),2001.0,,EG_EGY_PRIM,,"Energy Balances, UN Statistics Division (2024)"
534,Sint Maarten (Dutch part),2002.0,,EG_EGY_PRIM,,"Energy Balances, UN Statistics Division (2024)"
534,Sint Maarten (Dutch part),2003.0,,EG_EGY_PRIM,,"Energy Balances, UN Statistics Division (2024)"
534,Sint Maarten (Dutch part),2004.0,,EG_EGY_PRIM,,"Energy Balances, UN Statistics Division (2024)"
534,Sint Maarten (Dutch part),2005.0,,EG_EGY_PRIM,,"Energy Balances, UN Statistics Division (2024)"
534,Sint Maarten (Dutch part),2006.0,,EG_EGY_PRIM,,"Energy Balances, UN Statistics Division (2024)"
534,Sint Maarten (Dutch part),2007.0,,EG_EGY_PRIM,,"Energy Balances, UN Statistics Division (2024)"
534,Sint Maarten (Dutch part),2008.0,,EG_EGY_PRIM,,"Energy Balances, UN Statistics Division (2024)"
534,Sint Maarten (Dutch part),2009.0,,EG_EGY_PRIM,,"Energy Balances, UN Statistics Division (2024)"
534,Sint Maarten (Dutch part),2010.0,,EG_EGY_PRIM,,"Energy Balances, UN Statistics Division (2024)"
534,Sint Maarten (Dutch part),2011.0,,EG_EGY_PRIM,,"Energy Balances, UN Statistics Division (2024)"
534,Sint Maarten (Dutch part),2012.0,5.85,EG_EGY_PRIM,,"Energy Balances, UN Statistics Division (2024)"
534,Sint Maarten (Dutch part),2013.0,5.9,EG_EGY_PRIM,,"Energy Balances, UN Statistics Division (2024)"
534,Sint Maarten (Dutch part),2014.0,5.9,EG_EGY_PRIM,,"Energy Balances, UN Statistics Division (2024)"
534,Sint Maarten (Dutch part),2015.0,6.04,EG_EGY_PRIM,,"Energy Balances, UN Statistics Division (2024)"
534,Sint Maarten (Dutch part),2016.0,6.03,EG_EGY_PRIM,,"Energy Balances, UN Statistics Division (2024)"
534,Sint Maarten (Dutch part),2017.0,6.18,EG_EGY_PRIM,,"Energy Balances, UN Statistics Division (2024)"
534,Sint Maarten (Dutch part),2018.0,6.44,EG_EGY_PRIM,,"Energy Balances, UN Statistics Division (2024)"
534,Sint Maarten (Dutch part),2019.0,5.84,EG_EGY_PRIM,,"Energy Balances, UN Statistics Division (2024)"
534,Sint Maarten (Dutch part),2020.0,6.44,EG_EGY_PRIM,,"Energy Balances, UN Statistics Division (2024)"
534,Sint Maarten (Dutch part),2021.0,6.41,EG_EGY_PRIM,,"Energy Balances, UN Statistics Division (2024)"
534,Sint Maarten (Dutch part),2022.0,5.92,EG_EGY_PRIM,,"Energy Balances, UN Statistics Division (2024)"
703,Slovakia,2000.0,7.57,EG_EGY_PRIM,,"IEA (2024), World Energy Balances"
703,Slovakia,2001.0,7.68,EG_EGY_PRIM,,"IEA (2024), World Energy Balances"
703,Slovakia,2002.0,7.41,EG_EGY_PRIM,,"IEA (2024), World Energy Balances"
703,Slovakia,2003.0,6.99,EG_EGY_PRIM,,"IEA (2024), World Energy Balances"
703,Slovakia,2004.0,6.53,EG_EGY_PRIM,,"IEA (2024), World Energy Balances"
703,Slovakia,2005.0,6.29,EG_EGY_PRIM,,"IEA (2024), World Energy Balances"
703,Slovakia,2006.0,5.74,EG_EGY_PRIM,,"IEA (2024), World Energy Balances"
703,Slovakia,2007.0,4.95,EG_EGY_PRIM,,"IEA (2024), World Energy Balances"
703,Slovakia,2008.0,4.82,EG_EGY_PRIM,,"IEA (2024), World Energy Balances"
703,Slovakia,2009.0,4.65,EG_EGY_PRIM,,"IEA (2024), World Energy Balances"
703,Slovakia,2010.0,4.83,EG_EGY_PRIM,,"IEA (2024), World Energy Balances"
703,Slovakia,2011.0,4.57,EG_EGY_PRIM,,"IEA (2024), World Energy Balances"
703,Slovakia,2012.0,4.36,EG_EGY_PRIM,,"IEA (2024), World Energy Balances"
703,Slovakia,2013.0,4.39,EG_EGY_PRIM,,"IEA (2024), World Energy Balances"
703,Slovakia,2014.0,3.96,EG_EGY_PRIM,,"IEA (2024), World Energy Balances"
703,Slovakia,2015.0,3.91,EG_EGY_PRIM,,"IEA (2024), World Energy Balances"
703,Slovakia,2016.0,3.88,EG_EGY_PRIM,,"IEA (2024), World Energy Balances"
703,Slovakia,2017.0,3.96,EG_EGY_PRIM,,"IEA (2024), World Energy Balances"
703,Slovakia,2018.0,3.76,EG_EGY_PRIM,,"IEA (2024), World Energy Balances"
703,Slovakia,2019.0,3.51,EG_EGY_PRIM,,"IEA (2024), World Energy Balances"
703,Slovakia,2020.0,3.53,EG_EGY_PRIM,,"IEA (2024), World Energy Balances"
703,Slovakia,2021.0,3.66,EG_EGY_PRIM,,"IEA (2024), World Energy Balances"
703,Slovakia,2022.0,3.35,EG_EGY_PRIM,,"IEA (2024), World Energy Balances"
705,Slovenia,2000.0,4.53,EG_EGY_PRIM,,"IEA (2024), World Energy Balances"
705,Slovenia,2001.0,4.69,EG_EGY_PRIM,,"IEA (2024), World Energy Balances"
705,Slovenia,2002.0,4.55,EG_EGY_PRIM,,"IEA (2024), World Energy Balances"
705,Slovenia,2003.0,4.48,EG_EGY_PRIM,,"IEA (2024), World Energy Balances"
705,Slovenia,2004.0,4.41,EG_EGY_PRIM,,"IEA (2024), World Energy Balances"
705,Slovenia,2005.0,4.4,EG_EGY_PRIM,,"IEA (2024), World Energy Balances"
705,Slovenia,2006.0,4.13,EG_EGY_PRIM,,"IEA (2024), World Energy Balances"
705,Slovenia,2007.0,3.9,EG_EGY_PRIM,,"IEA (2024), World Energy Balances"
705,Slovenia,2008.0,3.98,EG_EGY_PRIM,,"IEA (2024), World Energy Balances"
705,Slovenia,2009.0,3.86,EG_EGY_PRIM,,"IEA (2024), World Energy Balances"
705,Slovenia,2010.0,3.92,EG_EGY_PRIM,,"IEA (2024), World Energy Balances"
705,Slovenia,2011.0,3.89,EG_EGY_PRIM,,"IEA (2024), World Energy Balances"
705,Slovenia,2012.0,3.85,EG_EGY_PRIM,,"IEA (2024), World Energy Balances"
705,Slovenia,2013.0,3.78,EG_EGY_PRIM,,"IEA (2024), World Energy Balances"
705,Slovenia,2014.0,3.57,EG_EGY_PRIM,,"IEA (2024), World Energy Balances"
705,Slovenia,2015.0,3.44,EG_EGY_PRIM,,"IEA (2024), World Energy Balances"
705,Slovenia,2016.0,3.45,EG_EGY_PRIM,,"IEA (2024), World Energy Balances"
705,Slovenia,2017.0,3.37,EG_EGY_PRIM,,"IEA (2024), World Energy Balances"
705,Slovenia,2018.0,3.19,EG_EGY_PRIM,,"IEA (2024), World Energy Balances"
705,Slovenia,2019.0,3.04,EG_EGY_PRIM,,"IEA (2024), World Energy Balances"
705,Slovenia,2020.0,3.0,EG_EGY_PRIM,,"IEA (2024), World Energy Balances"
705,Slovenia,2021.0,2.84,EG_EGY_PRIM,,"IEA (2024), World Energy Balances"
705,Slovenia,2022.0,2.68,EG_EGY_PRIM,,"IEA (2024), World Energy Balances"
722,Small island developing States (SIDS),2000.0,3.21,EG_EGY_PRIM,,"IEA (2024), World Energy Balances; Energy Balances, UN Statistics Division (2024)"
722,Small island developing States (SIDS),2001.0,3.3,EG_EGY_PRIM,,"IEA (2024), World Energy Balances; Energy Balances, UN Statistics Division (2024)"
722,Small island developing States (SIDS),2002.0,3.21,EG_EGY_PRIM,,"IEA (2024), World Energy Balances; Energy Balances, UN Statistics Division (2024)"
722,Small island developing States (SIDS),2003.0,3.35,EG_EGY_PRIM,,"IEA (2024), World Energy Balances; Energy Balances, UN Statistics Division (2024)"
722,Small island developing States (SIDS),2004.0,3.4,EG_EGY_PRIM,,"IEA (2024), World Energy Balances; Energy Balances, UN Statistics Division (2024)"
722,Small island developing States (SIDS),2005.0,2.91,EG_EGY_PRIM,,"IEA (2024), World Energy Balances; Energy Balances, UN Statistics Division (2024)"
722,Small island developing States (SIDS),2006.0,2.87,EG_EGY_PRIM,,"IEA (2024), World Energy Balances; Energy Balances, UN Statistics Division (2024)"
722,Small island developing States (SIDS),2007.0,2.72,EG_EGY_PRIM,,"IEA (2024), World Energy Balances; Energy Balances, UN Statistics Division (2024)"
722,Small island developing States (SIDS),2008.0,2.72,EG_EGY_PRIM,,"IEA (2024), World Energy Balances; Energy Balances, UN Statistics Division (2024)"
722,Small island developing States (SIDS),2009.0,2.76,EG_EGY_PRIM,,"IEA (2024), World Energy Balances; Energy Balances, UN Statistics Division (2024)"
722,Small island developing States (SIDS),2010.0,2.61,EG_EGY_PRIM,,"IEA (2024), World Energy Balances; Energy Balances, UN Statistics Division (2024)"
722,Small island developing States (SIDS),2011.0,2.46,EG_EGY_PRIM,,"IEA (2024), World Energy Balances; Energy Balances, UN Statistics Division (2024)"
722,Small island developing States (SIDS),2012.0,2.48,EG_EGY_PRIM,,"IEA (2024), World Energy Balances; Energy Balances, UN Statistics Division (2024)"
722,Small island developing States (SIDS),2013.0,2.48,EG_EGY_PRIM,,"IEA (2024), World Energy Balances; Energy Balances, UN Statistics Division (2024)"
722,Small island developing States (SIDS),2014.0,2.52,EG_EGY_PRIM,,"IEA (2024), World Energy Balances; Energy Balances, UN Statistics Division (2024)"
722,Small island developing States (SIDS),2015.0,2.5,EG_EGY_PRIM,,"IEA (2024), World Energy Balances; Energy Balances, UN Statistics Division (2024)"
722,Small island developing States (SIDS),2016.0,2.44,EG_EGY_PRIM,,"IEA (2024), World Energy Balances; Energy Balances, UN Statistics Division (2024)"
722,Small island developing States (SIDS),2017.0,2.4,EG_EGY_PRIM,,"IEA (2024), World Energy Balances; Energy Balances, UN Statistics Division (2024)"
722,Small island developing States (SIDS),2018.0,2.3,EG_EGY_PRIM,,"IEA (2024), World Energy Balances; Energy Balances, UN Statistics Division (2024)"
722,Small island developing States (SIDS),2019.0,2.33,EG_EGY_PRIM,,"IEA (2024), World Energy Balances; Energy Balances, UN Statistics Division (2024)"
722,Small island developing States (SIDS),2020.0,2.35,EG_EGY_PRIM,,"IEA (2024), World Energy Balances; Energy Balances, UN Statistics Division (2024)"
722,Small island developing States (SIDS),2021.0,2.3,EG_EGY_PRIM,,"IEA (2024), World Energy Balances; Energy Balances, UN Statistics Division (2024)"
722,Small island developing States (SIDS),2022.0,2.27,EG_EGY_PRIM,,"IEA (2024), World Energy Balances; Energy Balances, UN Statistics Division (2024)"
90,Solomon Islands,2000.0,7.12,EG_EGY_PRIM,,"Energy Balances, UN Statistics Division (2024)"
90,Solomon Islands,2001.0,7.91,EG_EGY_PRIM,,"Energy Balances, UN Statistics Division (2024)"
90,Solomon Islands,2002.0,8.31,EG_EGY_PRIM,,"Energy Balances, UN Statistics Division (2024)"
90,Solomon Islands,2003.0,7.98,EG_EGY_PRIM,,"Energy Balances, UN Statistics Division (2024)"
90,Solomon Islands,2004.0,7.74,EG_EGY_PRIM,,"Energy Balances, UN Statistics Division (2024)"
90,Solomon Islands,2005.0,7.46,EG_EGY_PRIM,,"Energy Balances, UN Statistics Division (2024)"
90,Solomon Islands,2006.0,7.25,EG_EGY_PRIM,,"Energy Balances, UN Statistics Division (2024)"
90,Solomon Islands,2007.0,7.02,EG_EGY_PRIM,,"Energy Balances, UN Statistics Division (2024)"
90,Solomon Islands,2008.0,6.74,EG_EGY_PRIM,,"Energy Balances, UN Statistics Division (2024)"
90,Solomon Islands,2009.0,6.72,EG_EGY_PRIM,,"Energy Balances, UN Statistics Division (2024)"
90,Solomon Islands,2010.0,6.31,EG_EGY_PRIM,,"Energy Balances, UN Statistics Division (2024)"
90,Solomon Islands,2011.0,6.05,EG_EGY_PRIM,,"Energy Balances, UN Statistics Division (2024)"
90,Solomon Islands,2012.0,5.96,EG_EGY_PRIM,,"Energy Balances, UN Statistics Division (2024)"
90,Solomon Islands,2013.0,6.0,EG_EGY_PRIM,,"Energy Balances, UN Statistics Division (2024)"
90,Solomon Islands,2014.0,5.5,EG_EGY_PRIM,,"Energy Balances, UN Statistics Division (2024)"
90,Solomon Islands,2015.0,5.1,EG_EGY_PRIM,,"Energy Balances, UN Statistics Division (2024)"
90,Solomon Islands,2016.0,4.77,EG_EGY_PRIM,,"Energy Balances, UN Statistics Division (2024)"
90,Solomon Islands,2017.0,4.61,EG_EGY_PRIM,,"Energy Balances, UN Statistics Division (2024)"
90,Solomon Islands,2018.0,4.53,EG_EGY_PRIM,,"Energy Balances, UN Statistics Division (2024)"
90,Solomon Islands,2019.0,4.49,EG_EGY_PRIM,,"Energy Balances, UN Statistics Division (2024)"
90,Solomon Islands,2020.0,4.63,EG_EGY_PRIM,,"Energy Balances, UN Statistics Division (2024)"
90,Solomon Islands,2021.0,4.48,EG_EGY_PRIM,,"Energy Balances, UN Statistics Division (2024)"
90,Solomon Islands,2022.0,4.29,EG_EGY_PRIM,,"Energy Balances, UN Statistics Division (2024)"
706,Somalia,2000.0,10.23,EG_EGY_PRIM,,"Energy Balances, UN Statistics Division (2024)"
706,Somalia,2001.0,9.93,EG_EGY_PRIM,,"Energy Balances, UN Statistics Division (2024)"
706,Somalia,2002.0,9.55,EG_EGY_PRIM,,"Energy Balances, UN Statistics Division (2024)"
706,Somalia,2003.0,9.31,EG_EGY_PRIM,,"Energy Balances, UN Statistics Division (2024)"
706,Somalia,2004.0,8.96,EG_EGY_PRIM,,"Energy Balances, UN Statistics Division (2024)"
706,Somalia,2005.0,8.62,EG_EGY_PRIM,,"Energy Balances, UN Statistics Division (2024)"
706,Somalia,2006.0,8.43,EG_EGY_PRIM,,"Energy Balances, UN Statistics Division (2024)"
706,Somalia,2007.0,8.03,EG_EGY_PRIM,,"Energy Balances, UN Statistics Division (2024)"
706,Somalia,2008.0,7.9,EG_EGY_PRIM,,"Energy Balances, UN Statistics Division (2024)"
706,Somalia,2009.0,7.66,EG_EGY_PRIM,,"Energy Balances, UN Statistics Division (2024)"
706,Somalia,2010.0,7.41,EG_EGY_PRIM,,"Energy Balances, UN Statistics Division (2024)"
706,Somalia,2011.0,7.1,EG_EGY_PRIM,,"Energy Balances, UN Statistics Division (2024)"
706,Somalia,2012.0,7.15,EG_EGY_PRIM,,"Energy Balances, UN Statistics Division (2024)"
706,Somalia,2013.0,7.1,EG_EGY_PRIM,,"Energy Balances, UN Statistics Division (2024)"
706,Somalia,2014.0,6.97,EG_EGY_PRIM,,"Energy Balances, UN Statistics Division (2024)"
706,Somalia,2015.0,6.69,EG_EGY_PRIM,,"Energy Balances, UN Statistics Division (2024)"
706,Somalia,2016.0,7.14,EG_EGY_PRIM,,"Energy Balances, UN Statistics Division (2024)"
706,Somalia,2017.0,6.69,EG_EGY_PRIM,,"Energy Balances, UN Statistics Division (2024)"
706,Somalia,2018.0,6.78,EG_EGY_PRIM,,"Energy Balances, UN Statistics Division (2024)"
706,Somalia,2019.0,6.77,EG_EGY_PRIM,,"Energy Balances, UN Statistics Division (2024)"
706,Somalia,2020.0,7.17,EG_EGY_PRIM,,"Energy Balances, UN Statistics Division (2024)"
706,Somalia,2021.0,7.11,EG_EGY_PRIM,,"Energy Balances, UN Statistics Division (2024)"
706,Somalia,2022.0,7.08,EG_EGY_PRIM,,"Energy Balances, UN Statistics Division (2024)"
710,South Africa,2000.0,8.4,EG_EGY_PRIM,,"IEA (2024), World Energy Balances"
710,South Africa,2001.0,7.93,EG_EGY_PRIM,,"IEA (2024), World Energy Balances"
710,South Africa,2002.0,7.33,EG_EGY_PRIM,,"IEA (2024), World Energy Balances"
710,South Africa,2003.0,7.99,EG_EGY_PRIM,,"IEA (2024), World Energy Balances"
710,South Africa,2004.0,8.33,EG_EGY_PRIM,,"IEA (2024), World Energy Balances"
710,South Africa,2005.0,7.65,EG_EGY_PRIM,,"IEA (2024), World Energy Balances"
710,South Africa,2006.0,7.39,EG_EGY_PRIM,,"IEA (2024), World Energy Balances"
710,South Africa,2007.0,7.62,EG_EGY_PRIM,,"IEA (2024), World Energy Balances"
710,South Africa,2008.0,7.94,EG_EGY_PRIM,,"IEA (2024), World Energy Balances"
710,South Africa,2009.0,8.17,EG_EGY_PRIM,,"IEA (2024), World Energy Balances"
710,South Africa,2010.0,7.38,EG_EGY_PRIM,,"IEA (2024), World Energy Balances"
710,South Africa,2011.0,7.3,EG_EGY_PRIM,,"IEA (2024), World Energy Balances"
710,South Africa,2012.0,6.82,EG_EGY_PRIM,,"IEA (2024), World Energy Balances"
710,South Africa,2013.0,6.62,EG_EGY_PRIM,,"IEA (2024), World Energy Balances"
710,South Africa,2014.0,6.92,EG_EGY_PRIM,,"IEA (2024), World Energy Balances"
710,South Africa,2015.0,6.45,EG_EGY_PRIM,,"IEA (2024), World Energy Balances"
710,South Africa,2016.0,6.63,EG_EGY_PRIM,,"IEA (2024), World Energy Balances"
710,South Africa,2017.0,6.51,EG_EGY_PRIM,,"IEA (2024), World Energy Balances"
710,South Africa,2018.0,6.24,EG_EGY_PRIM,,"IEA (2024), World Energy Balances"
710,South Africa,2019.0,6.47,EG_EGY_PRIM,,"IEA (2024), World Energy Balances"
710,South Africa,2020.0,6.33,EG_EGY_PRIM,,"IEA (2024), World Energy Balances"
710,South Africa,2021.0,6.2,EG_EGY_PRIM,,"IEA (2024), World Energy Balances"
710,South Africa,2022.0,6.01,EG_EGY_PRIM,,"IEA (2024), World Energy Balances"
5,South America,2000.0,3.36,EG_EGY_PRIM,,"IEA (2024), World Energy Balances; Energy Balances, UN Statistics Division (2024)"
5,South America,2001.0,3.29,EG_EGY_PRIM,,"IEA (2024), World Energy Balances; Energy Balances, UN Statistics Division (2024)"
5,South America,2002.0,3.46,EG_EGY_PRIM,,"IEA (2024), World Energy Balances; Energy Balances, UN Statistics Division (2024)"
5,South America,2003.0,3.43,EG_EGY_PRIM,,"IEA (2024), World Energy Balances; Energy Balances, UN Statistics Division (2024)"
5,South America,2004.0,3.35,EG_EGY_PRIM,,"IEA (2024), World Energy Balances; Energy Balances, UN Statistics Division (2024)"
5,South America,2005.0,3.28,EG_EGY_PRIM,,"IEA (2024), World Energy Balances; Energy Balances, UN Statistics Division (2024)"
5,South America,2006.0,3.2,EG_EGY_PRIM,,"IEA (2024), World Energy Balances; Energy Balances, UN Statistics Division (2024)"
5,South America,2007.0,3.13,EG_EGY_PRIM,,"IEA (2024), World Energy Balances; Energy Balances, UN Statistics Division (2024)"
5,South America,2008.0,3.1,EG_EGY_PRIM,,"IEA (2024), World Energy Balances; Energy Balances, UN Statistics Division (2024)"
5,South America,2009.0,3.04,EG_EGY_PRIM,,"IEA (2024), World Energy Balances; Energy Balances, UN Statistics Division (2024)"
5,South America,2010.0,3.13,EG_EGY_PRIM,,"IEA (2024), World Energy Balances; Energy Balances, UN Statistics Division (2024)"
5,South America,2011.0,3.01,EG_EGY_PRIM,,"IEA (2024), World Energy Balances; Energy Balances, UN Statistics Division (2024)"
5,South America,2012.0,3.03,EG_EGY_PRIM,,"IEA (2024), World Energy Balances; Energy Balances, UN Statistics Division (2024)"
5,South America,2013.0,3.11,EG_EGY_PRIM,,"IEA (2024), World Energy Balances; Energy Balances, UN Statistics Division (2024)"
5,South America,2014.0,3.1,EG_EGY_PRIM,,"IEA (2024), World Energy Balances; Energy Balances, UN Statistics Division (2024)"
5,South America,2015.0,3.11,EG_EGY_PRIM,,"IEA (2024), World Energy Balances; Energy Balances, UN Statistics Division (2024)"
5,South America,2016.0,3.13,EG_EGY_PRIM,,"IEA (2024), World Energy Balances; Energy Balances, UN Statistics Division (2024)"
5,South America,2017.0,3.12,EG_EGY_PRIM,,"IEA (2024), World Energy Balances; Energy Balances, UN Statistics Division (2024)"
5,South America,2018.0,3.0,EG_EGY_PRIM,,"IEA (2024), World Energy Balances; Energy Balances, UN Statistics Division (2024)"
5,South America,2019.0,3.08,EG_EGY_PRIM,,"IEA (2024), World Energy Balances; Energy Balances, UN Statistics Division (2024)"
5,South America,2020.0,3.08,EG_EGY_PRIM,,"IEA (2024), World Energy Balances; Energy Balances, UN Statistics Division (2024)"
5,South America,2021.0,3.07,EG_EGY_PRIM,,"IEA (2024), World Energy Balances; Energy Balances, UN Statistics Division (2024)"
5,South America,2022.0,3.0,EG_EGY_PRIM,,"IEA (2024), World Energy Balances; Energy Balances, UN Statistics Division (2024)"
728,South Sudan,2000.0,,EG_EGY_PRIM,,"IEA (2024), World Energy Balances"
728,South Sudan,2001.0,,EG_EGY_PRIM,,"IEA (2024), World Energy Balances"
728,South Sudan,2002.0,,EG_EGY_PRIM,,"IEA (2024), World Energy Balances"
728,South Sudan,2003.0,,EG_EGY_PRIM,,"IEA (2024), World Energy Balances"
728,South Sudan,2004.0,,EG_EGY_PRIM,,"IEA (2024), World Energy Balances"
728,South Sudan,2005.0,,EG_EGY_PRIM,,"IEA (2024), World Energy Balances"
728,South Sudan,2006.0,,EG_EGY_PRIM,,"IEA (2024), World Energy Balances"
728,South Sudan,2007.0,,EG_EGY_PRIM,,"IEA (2024), World Energy Balances"
728,South Sudan,2008.0,,EG_EGY_PRIM,,"IEA (2024), World Energy Balances"
728,South Sudan,2009.0,,EG_EGY_PRIM,,"IEA (2024), World Energy Balances"
728,South Sudan,2010.0,,EG_EGY_PRIM,,"IEA (2024), World Energy Balances"
728,South Sudan,2011.0,,EG_EGY_PRIM,,"IEA (2024), World Energy Balances"
728,South Sudan,2012.0,1.88,EG_EGY_PRIM,,"IEA (2024), World Energy Balances"
728,South Sudan,2013.0,1.57,EG_EGY_PRIM,,"IEA (2024), World Energy Balances"
728,South Sudan,2014.0,1.6,EG_EGY_PRIM,,"IEA (2024), World Energy Balances"
728,South Sudan,2015.0,1.95,EG_EGY_PRIM,,"IEA (2024), World Energy Balances"
728,South Sudan,2016.0,2.03,EG_EGY_PRIM,,"IEA (2024), World Energy Balances"
728,South Sudan,2017.0,2.02,EG_EGY_PRIM,,"IEA (2024), World Energy Balances"
728,South Sudan,2018.0,2.22,EG_EGY_PRIM,,"IEA (2024), World Energy Balances"
728,South Sudan,2019.0,2.24,EG_EGY_PRIM,,"IEA (2024), World Energy Balances"
728,South Sudan,2020.0,2.35,EG_EGY_PRIM,,"IEA (2024), World Energy Balances"
728,South Sudan,2021.0,2.28,EG_EGY_PRIM,,"IEA (2024), World Energy Balances"
728,South Sudan,2022.0,2.32,EG_EGY_PRIM,,"IEA (2024), World Energy Balances"
35,South-Eastern Asia,2000.0,4.17,EG_EGY_PRIM,,"IEA (2024), World Energy Balances; Energy Balances, UN Statistics Division (2024)"
35,South-Eastern Asia,2001.0,4.14,EG_EGY_PRIM,,"IEA (2024), World Energy Balances; Energy Balances, UN Statistics Division (2024)"
35,South-Eastern Asia,2002.0,4.13,EG_EGY_PRIM,,"IEA (2024), World Energy Balances; Energy Balances, UN Statistics Division (2024)"
35,South-Eastern Asia,2003.0,4.09,EG_EGY_PRIM,,"IEA (2024), World Energy Balances; Energy Balances, UN Statistics Division (2024)"
35,South-Eastern Asia,2004.0,4.14,EG_EGY_PRIM,,"IEA (2024), World Energy Balances; Energy Balances, UN Statistics Division (2024)"
35,South-Eastern Asia,2005.0,3.95,EG_EGY_PRIM,,"IEA (2024), World Energy Balances; Energy Balances, UN Statistics Division (2024)"
35,South-Eastern Asia,2006.0,3.81,EG_EGY_PRIM,,"IEA (2024), World Energy Balances; Energy Balances, UN Statistics Division (2024)"
35,South-Eastern Asia,2007.0,3.65,EG_EGY_PRIM,,"IEA (2024), World Energy Balances; Energy Balances, UN Statistics Division (2024)"
35,South-Eastern Asia,2008.0,3.62,EG_EGY_PRIM,,"IEA (2024), World Energy Balances; Energy Balances, UN Statistics Division (2024)"
35,South-Eastern Asia,2009.0,3.63,EG_EGY_PRIM,,"IEA (2024), World Energy Balances; Energy Balances, UN Statistics Division (2024)"
35,South-Eastern Asia,2010.0,3.57,EG_EGY_PRIM,,"IEA (2024), World Energy Balances; Energy Balances, UN Statistics Division (2024)"
35,South-Eastern Asia,2011.0,3.45,EG_EGY_PRIM,,"IEA (2024), World Energy Balances; Energy Balances, UN Statistics Division (2024)"
35,South-Eastern Asia,2012.0,3.36,EG_EGY_PRIM,,"IEA (2024), World Energy Balances; Energy Balances, UN Statistics Division (2024)"
35,South-Eastern Asia,2013.0,3.33,EG_EGY_PRIM,,"IEA (2024), World Energy Balances; Energy Balances, UN Statistics Division (2024)"
35,South-Eastern Asia,2014.0,3.32,EG_EGY_PRIM,,"IEA (2024), World Energy Balances; Energy Balances, UN Statistics Division (2024)"
35,South-Eastern Asia,2015.0,3.16,EG_EGY_PRIM,,"IEA (2024), World Energy Balances; Energy Balances, UN Statistics Division (2024)"
35,South-Eastern Asia,2016.0,3.15,EG_EGY_PRIM,,"IEA (2024), World Energy Balances; Energy Balances, UN Statistics Division (2024)"
35,South-Eastern Asia,2017.0,3.08,EG_EGY_PRIM,,"IEA (2024), World Energy Balances; Energy Balances, UN Statistics Division (2024)"
35,South-Eastern Asia,2018.0,3.12,EG_EGY_PRIM,,"IEA (2024), World Energy Balances; Energy Balances, UN Statistics Division (2024)"
35,South-Eastern Asia,2019.0,3.12,EG_EGY_PRIM,,"IEA (2024), World Energy Balances; Energy Balances, UN Statistics Division (2024)"
35,South-Eastern Asia,2020.0,3.13,EG_EGY_PRIM,,"IEA (2024), World Energy Balances; Energy Balances, UN Statistics Division (2024)"
35,South-Eastern Asia,2021.0,3.06,EG_EGY_PRIM,,"IEA (2024), World Energy Balances; Energy Balances, UN Statistics Division (2024)"
35,South-Eastern Asia,2022.0,3.12,EG_EGY_PRIM,,"IEA (2024), World Energy Balances; Energy Balances, UN Statistics Division (2024)"
18,Southern Africa,2000.0,8.06,EG_EGY_PRIM,,"IEA (2024), World Energy Balances; Energy Balances, UN Statistics Division (2024)"
18,Southern Africa,2001.0,7.64,EG_EGY_PRIM,,"IEA (2024), World Energy Balances; Energy Balances, UN Statistics Division (2024)"
18,Southern Africa,2002.0,7.05,EG_EGY_PRIM,,"IEA (2024), World Energy Balances; Energy Balances, UN Statistics Division (2024)"
18,Southern Africa,2003.0,7.64,EG_EGY_PRIM,,"IEA (2024), World Energy Balances; Energy Balances, UN Statistics Division (2024)"
18,Southern Africa,2004.0,7.96,EG_EGY_PRIM,,"IEA (2024), World Energy Balances; Energy Balances, UN Statistics Division (2024)"
18,Southern Africa,2005.0,7.34,EG_EGY_PRIM,,"IEA (2024), World Energy Balances; Energy Balances, UN Statistics Division (2024)"
18,Southern Africa,2006.0,7.09,EG_EGY_PRIM,,"IEA (2024), World Energy Balances; Energy Balances, UN Statistics Division (2024)"
18,Southern Africa,2007.0,7.29,EG_EGY_PRIM,,"IEA (2024), World Energy Balances; Energy Balances, UN Statistics Division (2024)"
18,Southern Africa,2008.0,7.6,EG_EGY_PRIM,,"IEA (2024), World Energy Balances; Energy Balances, UN Statistics Division (2024)"
18,Southern Africa,2009.0,7.84,EG_EGY_PRIM,,"IEA (2024), World Energy Balances; Energy Balances, UN Statistics Division (2024)"
18,Southern Africa,2010.0,7.08,EG_EGY_PRIM,,"IEA (2024), World Energy Balances; Energy Balances, UN Statistics Division (2024)"
18,Southern Africa,2011.0,6.98,EG_EGY_PRIM,,"IEA (2024), World Energy Balances; Energy Balances, UN Statistics Division (2024)"
18,Southern Africa,2012.0,6.56,EG_EGY_PRIM,,"IEA (2024), World Energy Balances; Energy Balances, UN Statistics Division (2024)"
18,Southern Africa,2013.0,6.34,EG_EGY_PRIM,,"IEA (2024), World Energy Balances; Energy Balances, UN Statistics Division (2024)"
18,Southern Africa,2014.0,6.6,EG_EGY_PRIM,,"IEA (2024), World Energy Balances; Energy Balances, UN Statistics Division (2024)"
18,Southern Africa,2015.0,6.18,EG_EGY_PRIM,,"IEA (2024), World Energy Balances; Energy Balances, UN Statistics Division (2024)"
18,Southern Africa,2016.0,6.33,EG_EGY_PRIM,,"IEA (2024), World Energy Balances; Energy Balances, UN Statistics Division (2024)"
18,Southern Africa,2017.0,6.23,EG_EGY_PRIM,,"IEA (2024), World Energy Balances; Energy Balances, UN Statistics Division (2024)"
18,Southern Africa,2018.0,5.99,EG_EGY_PRIM,,"IEA (2024), World Energy Balances; Energy Balances, UN Statistics Division (2024)"
18,Southern Africa,2019.0,6.18,EG_EGY_PRIM,,"IEA (2024), World Energy Balances; Energy Balances, UN Statistics Division (2024)"
18,Southern Africa,2020.0,6.07,EG_EGY_PRIM,,"IEA (2024), World Energy Balances; Energy Balances, UN Statistics Division (2024)"
18,Southern Africa,2021.0,5.93,EG_EGY_PRIM,,"IEA (2024), World Energy Balances; Energy Balances, UN Statistics Division (2024)"
18,Southern Africa,2022.0,5.74,EG_EGY_PRIM,,"IEA (2024), World Energy Balances; Energy Balances, UN Statistics Division (2024)"
34,Southern Asia,2000.0,5.22,EG_EGY_PRIM,,"IEA (2024), World Energy Balances; Energy Balances, UN Statistics Division (2024)"
34,Southern Asia,2001.0,5.17,EG_EGY_PRIM,,"IEA (2024), World Energy Balances; Energy Balances, UN Statistics Division (2024)"
34,Southern Asia,2002.0,5.09,EG_EGY_PRIM,,"IEA (2024), World Energy Balances; Energy Balances, UN Statistics Division (2024)"
34,Southern Asia,2003.0,4.88,EG_EGY_PRIM,,"IEA (2024), World Energy Balances; Energy Balances, UN Statistics Division (2024)"
34,Southern Asia,2004.0,4.84,EG_EGY_PRIM,,"IEA (2024), World Energy Balances; Energy Balances, UN Statistics Division (2024)"
34,Southern Asia,2005.0,4.77,EG_EGY_PRIM,,"IEA (2024), World Energy Balances; Energy Balances, UN Statistics Division (2024)"
34,Southern Asia,2006.0,4.68,EG_EGY_PRIM,,"IEA (2024), World Energy Balances; Energy Balances, UN Statistics Division (2024)"
34,Southern Asia,2007.0,4.61,EG_EGY_PRIM,,"IEA (2024), World Energy Balances; Energy Balances, UN Statistics Division (2024)"
34,Southern Asia,2008.0,4.7,EG_EGY_PRIM,,"IEA (2024), World Energy Balances; Energy Balances, UN Statistics Division (2024)"
34,Southern Asia,2009.0,4.66,EG_EGY_PRIM,,"IEA (2024), World Energy Balances; Energy Balances, UN Statistics Division (2024)"
34,Southern Asia,2010.0,4.53,EG_EGY_PRIM,,"IEA (2024), World Energy Balances; Energy Balances, UN Statistics Division (2024)"
34,Southern Asia,2011.0,4.48,EG_EGY_PRIM,,"IEA (2024), World Energy Balances; Energy Balances, UN Statistics Division (2024)"
34,Southern Asia,2012.0,4.5,EG_EGY_PRIM,,"IEA (2024), World Energy Balances; Energy Balances, UN Statistics Division (2024)"
34,Southern Asia,2013.0,4.38,EG_EGY_PRIM,,"IEA (2024), World Energy Balances; Energy Balances, UN Statistics Division (2024)"
34,Southern Asia,2014.0,4.37,EG_EGY_PRIM,,"IEA (2024), World Energy Balances; Energy Balances, UN Statistics Division (2024)"
34,Southern Asia,2015.0,4.18,EG_EGY_PRIM,,"IEA (2024), World Energy Balances; Energy Balances, UN Statistics Division (2024)"
34,Southern Asia,2016.0,4.0,EG_EGY_PRIM,,"IEA (2024), World Energy Balances; Energy Balances, UN Statistics Division (2024)"
34,Southern Asia,2017.0,3.96,EG_EGY_PRIM,,"IEA (2024), World Energy Balances; Energy Balances, UN Statistics Division (2024)"
34,Southern Asia,2018.0,3.86,EG_EGY_PRIM,,"IEA (2024), World Energy Balances; Energy Balances, UN Statistics Division (2024)"
34,Southern Asia,2019.0,3.81,EG_EGY_PRIM,,"IEA (2024), World Energy Balances; Energy Balances, UN Statistics Division (2024)"
34,Southern Asia,2020.0,3.87,EG_EGY_PRIM,,"IEA (2024), World Energy Balances; Energy Balances, UN Statistics Division (2024)"
34,Southern Asia,2021.0,3.83,EG_EGY_PRIM,,"IEA (2024), World Energy Balances; Energy Balances, UN Statistics Division (2024)"
34,Southern Asia,2022.0,3.75,EG_EGY_PRIM,,"IEA (2024), World Energy Balances; Energy Balances, UN Statistics Division (2024)"
39,Southern Europe,2000.0,2.89,EG_EGY_PRIM,,"IEA (2024), World Energy Balances; Energy Balances, UN Statistics Division (2024)"
39,Southern Europe,2001.0,2.86,EG_EGY_PRIM,,"IEA (2024), World Energy Balances; Energy Balances, UN Statistics Division (2024)"
39,Southern Europe,2002.0,2.87,EG_EGY_PRIM,,"IEA (2024), World Energy Balances; Energy Balances, UN Statistics Division (2024)"
39,Southern Europe,2003.0,2.93,EG_EGY_PRIM,,"IEA (2024), World Energy Balances; Energy Balances, UN Statistics Division (2024)"
39,Southern Europe,2004.0,2.93,EG_EGY_PRIM,,"IEA (2024), World Energy Balances; Energy Balances, UN Statistics Division (2024)"
39,Southern Europe,2005.0,2.93,EG_EGY_PRIM,,"IEA (2024), World Energy Balances; Energy Balances, UN Statistics Division (2024)"
39,Southern Europe,2006.0,2.83,EG_EGY_PRIM,,"IEA (2024), World Energy Balances; Energy Balances, UN Statistics Division (2024)"
39,Southern Europe,2007.0,2.77,EG_EGY_PRIM,,"IEA (2024), World Energy Balances; Energy Balances, UN Statistics Division (2024)"
39,Southern Europe,2008.0,2.73,EG_EGY_PRIM,,"IEA (2024), World Energy Balances; Energy Balances, UN Statistics Division (2024)"
39,Southern Europe,2009.0,2.67,EG_EGY_PRIM,,"IEA (2024), World Energy Balances; Energy Balances, UN Statistics Division (2024)"
39,Southern Europe,2010.0,2.67,EG_EGY_PRIM,,"IEA (2024), World Energy Balances; Energy Balances, UN Statistics Division (2024)"
39,Southern Europe,2011.0,2.63,EG_EGY_PRIM,,"IEA (2024), World Energy Balances; Energy Balances, UN Statistics Division (2024)"
39,Southern Europe,2012.0,2.64,EG_EGY_PRIM,,"IEA (2024), World Energy Balances; Energy Balances, UN Statistics Division (2024)"
39,Southern Europe,2013.0,2.55,EG_EGY_PRIM,,"IEA (2024), World Energy Balances; Energy Balances, UN Statistics Division (2024)"
39,Southern Europe,2014.0,2.43,EG_EGY_PRIM,,"IEA (2024), World Energy Balances; Energy Balances, UN Statistics Division (2024)"
39,Southern Europe,2015.0,2.47,EG_EGY_PRIM,,"IEA (2024), World Energy Balances; Energy Balances, UN Statistics Division (2024)"
39,Southern Europe,2016.0,2.42,EG_EGY_PRIM,,"IEA (2024), World Energy Balances; Energy Balances, UN Statistics Division (2024)"
39,Southern Europe,2017.0,2.44,EG_EGY_PRIM,,"IEA (2024), World Energy Balances; Energy Balances, UN Statistics Division (2024)"
39,Southern Europe,2018.0,2.37,EG_EGY_PRIM,,"IEA (2024), World Energy Balances; Energy Balances, UN Statistics Division (2024)"
39,Southern Europe,2019.0,2.3,EG_EGY_PRIM,,"IEA (2024), World Energy Balances; Energy Balances, UN Statistics Division (2024)"
39,Southern Europe,2020.0,2.33,EG_EGY_PRIM,,"IEA (2024), World Energy Balances; Energy Balances, UN Statistics Division (2024)"
39,Southern Europe,2021.0,2.29,EG_EGY_PRIM,,"IEA (2024), World Energy Balances; Energy Balances, UN Statistics Division (2024)"
39,Southern Europe,2022.0,2.13,EG_EGY_PRIM,,"IEA (2024), World Energy Balances; Energy Balances, UN Statistics Division (2024)"
724,Spain,2000.0,3.15,EG_EGY_PRIM,,"IEA (2024), World Energy Balances"
724,Spain,2001.0,3.11,EG_EGY_PRIM,,"IEA (2024), World Energy Balances"
724,Spain,2002.0,3.12,EG_EGY_PRIM,,"IEA (2024), World Energy Balances"
724,Spain,2003.0,3.13,EG_EGY_PRIM,,"IEA (2024), World Energy Balances"
724,Spain,2004.0,3.17,EG_EGY_PRIM,,"IEA (2024), World Energy Balances"
724,Spain,2005.0,3.13,EG_EGY_PRIM,,"IEA (2024), World Energy Balances"
724,Spain,2006.0,3.01,EG_EGY_PRIM,,"IEA (2024), World Energy Balances"
724,Spain,2007.0,2.94,EG_EGY_PRIM,,"IEA (2024), World Energy Balances"
724,Spain,2008.0,2.82,EG_EGY_PRIM,,"IEA (2024), World Energy Balances"
724,Spain,2009.0,2.7,EG_EGY_PRIM,,"IEA (2024), World Energy Balances"
724,Spain,2010.0,2.69,EG_EGY_PRIM,,"IEA (2024), World Energy Balances"
724,Spain,2011.0,2.67,EG_EGY_PRIM,,"IEA (2024), World Energy Balances"
724,Spain,2012.0,2.74,EG_EGY_PRIM,,"IEA (2024), World Energy Balances"
724,Spain,2013.0,2.6,EG_EGY_PRIM,,"IEA (2024), World Energy Balances"
724,Spain,2014.0,2.5,EG_EGY_PRIM,,"IEA (2024), World Energy Balances"
724,Spain,2015.0,2.49,EG_EGY_PRIM,,"IEA (2024), World Energy Balances"
724,Spain,2016.0,2.43,EG_EGY_PRIM,,"IEA (2024), World Energy Balances"
724,Spain,2017.0,2.49,EG_EGY_PRIM,,"IEA (2024), World Energy Balances"
724,Spain,2018.0,2.42,EG_EGY_PRIM,,"IEA (2024), World Energy Balances"
724,Spain,2019.0,2.31,EG_EGY_PRIM,,"IEA (2024), World Energy Balances"
724,Spain,2020.0,2.33,EG_EGY_PRIM,,"IEA (2024), World Energy Balances"
724,Spain,2021.0,2.3,EG_EGY_PRIM,,"IEA (2024), World Energy Balances"
724,Spain,2022.0,2.17,EG_EGY_PRIM,,"IEA (2024), World Energy Balances"
144,Sri Lanka,2000.0,2.79,EG_EGY_PRIM,,"IEA (2024), World Energy Balances"
144,Sri Lanka,2001.0,2.75,EG_EGY_PRIM,,"IEA (2024), World Energy Balances"
144,Sri Lanka,2002.0,2.7,EG_EGY_PRIM,,"IEA (2024), World Energy Balances"
144,Sri Lanka,2003.0,2.7,EG_EGY_PRIM,,"IEA (2024), World Energy Balances"
144,Sri Lanka,2004.0,2.6,EG_EGY_PRIM,,"IEA (2024), World Energy Balances"
144,Sri Lanka,2005.0,2.5,EG_EGY_PRIM,,"IEA (2024), World Energy Balances"
144,Sri Lanka,2006.0,2.34,EG_EGY_PRIM,,"IEA (2024), World Energy Balances"
144,Sri Lanka,2007.0,2.24,EG_EGY_PRIM,,"IEA (2024), World Energy Balances"
144,Sri Lanka,2008.0,2.06,EG_EGY_PRIM,,"IEA (2024), World Energy Balances"
144,Sri Lanka,2009.0,2.02,EG_EGY_PRIM,,"IEA (2024), World Energy Balances"
144,Sri Lanka,2010.0,1.99,EG_EGY_PRIM,,"IEA (2024), World Energy Balances"
144,Sri Lanka,2011.0,1.86,EG_EGY_PRIM,,"IEA (2024), World Energy Balances"
144,Sri Lanka,2012.0,1.76,EG_EGY_PRIM,,"IEA (2024), World Energy Balances"
144,Sri Lanka,2013.0,1.56,EG_EGY_PRIM,,"IEA (2024), World Energy Balances"
144,Sri Lanka,2014.0,1.58,EG_EGY_PRIM,,"IEA (2024), World Energy Balances"
144,Sri Lanka,2015.0,1.58,EG_EGY_PRIM,,"IEA (2024), World Energy Balances"
144,Sri Lanka,2016.0,1.64,EG_EGY_PRIM,,"IEA (2024), World Energy Balances"
144,Sri Lanka,2017.0,1.48,EG_EGY_PRIM,,"IEA (2024), World Energy Balances"
144,Sri Lanka,2018.0,1.44,EG_EGY_PRIM,,"IEA (2024), World Energy Balances"
144,Sri Lanka,2019.0,1.5,EG_EGY_PRIM,,"IEA (2024), World Energy Balances"
144,Sri Lanka,2020.0,1.54,EG_EGY_PRIM,,"IEA (2024), World Energy Balances"
144,Sri Lanka,2021.0,1.54,EG_EGY_PRIM,,"IEA (2024), World Energy Balances"
144,Sri Lanka,2022.0,1.5,EG_EGY_PRIM,,"IEA (2024), World Energy Balances"
275,State of Palestine,2000.0,2.87,EG_EGY_PRIM,,"Energy Balances, UN Statistics Division (2024)"
275,State of Palestine,2001.0,2.71,EG_EGY_PRIM,,"Energy Balances, UN Statistics Division (2024)"
275,State of Palestine,2002.0,3.17,EG_EGY_PRIM,,"Energy Balances, UN Statistics Division (2024)"
275,State of Palestine,2003.0,3.04,EG_EGY_PRIM,,"Energy Balances, UN Statistics Division (2024)"
275,State of Palestine,2004.0,3.49,EG_EGY_PRIM,,"Energy Balances, UN Statistics Division (2024)"
275,State of Palestine,2005.0,3.65,EG_EGY_PRIM,,"Energy Balances, UN Statistics Division (2024)"
275,State of Palestine,2006.0,3.24,EG_EGY_PRIM,,"Energy Balances, UN Statistics Division (2024)"
275,State of Palestine,2007.0,3.24,EG_EGY_PRIM,,"Energy Balances, UN Statistics Division (2024)"
275,State of Palestine,2008.0,2.89,EG_EGY_PRIM,,"Energy Balances, UN Statistics Division (2024)"
275,State of Palestine,2009.0,2.72,EG_EGY_PRIM,,"Energy Balances, UN Statistics Division (2024)"
275,State of Palestine,2010.0,2.66,EG_EGY_PRIM,,"Energy Balances, UN Statistics Division (2024)"
275,State of Palestine,2011.0,2.7,EG_EGY_PRIM,,"Energy Balances, UN Statistics Division (2024)"
275,State of Palestine,2012.0,2.51,EG_EGY_PRIM,,"Energy Balances, UN Statistics Division (2024)"
275,State of Palestine,2013.0,2.52,EG_EGY_PRIM,,"Energy Balances, UN Statistics Division (2024)"
275,State of Palestine,2014.0,2.84,EG_EGY_PRIM,,"Energy Balances, UN Statistics Division (2024)"
275,State of Palestine,2015.0,2.89,EG_EGY_PRIM,,"Energy Balances, UN Statistics Division (2024)"
275,State of Palestine,2016.0,2.81,EG_EGY_PRIM,,"Energy Balances, UN Statistics Division (2024)"
275,State of Palestine,2017.0,2.72,EG_EGY_PRIM,,"Energy Balances, UN Statistics Division (2024)"
275,State of Palestine,2018.0,2.59,EG_EGY_PRIM,,"Energy Balances, UN Statistics Division (2024)"
275,State of Palestine,2019.0,2.79,EG_EGY_PRIM,,"Energy Balances, UN Statistics Division (2024)"
275,State of Palestine,2020.0,3.2,EG_EGY_PRIM,,"Energy Balances, UN Statistics Division (2024)"
275,State of Palestine,2021.0,3.18,EG_EGY_PRIM,,"Energy Balances, UN Statistics Division (2024)"
275,State of Palestine,2022.0,3.66,EG_EGY_PRIM,,"Energy Balances, UN Statistics Division (2024)"
202,Sub-Saharan Africa,2000.0,6.27,EG_EGY_PRIM,,"IEA (2024), World Energy Balances; Energy Balances, UN Statistics Division (2024)"
202,Sub-Saharan Africa,2001.0,6.09,EG_EGY_PRIM,,"IEA (2024), World Energy Balances; Energy Balances, UN Statistics Division (2024)"
202,Sub-Saharan Africa,2002.0,5.8,EG_EGY_PRIM,,"IEA (2024), World Energy Balances; Energy Balances, UN Statistics Division (2024)"
202,Sub-Saharan Africa,2003.0,5.91,EG_EGY_PRIM,,"IEA (2024), World Energy Balances; Energy Balances, UN Statistics Division (2024)"
202,Sub-Saharan Africa,2004.0,5.86,EG_EGY_PRIM,,"IEA (2024), World Energy Balances; Energy Balances, UN Statistics Division (2024)"
202,Sub-Saharan Africa,2005.0,5.62,EG_EGY_PRIM,,"IEA (2024), World Energy Balances; Energy Balances, UN Statistics Division (2024)"
202,Sub-Saharan Africa,2006.0,5.42,EG_EGY_PRIM,,"IEA (2024), World Energy Balances; Energy Balances, UN Statistics Division (2024)"
202,Sub-Saharan Africa,2007.0,5.3,EG_EGY_PRIM,,"IEA (2024), World Energy Balances; Energy Balances, UN Statistics Division (2024)"
202,Sub-Saharan Africa,2008.0,5.27,EG_EGY_PRIM,,"IEA (2024), World Energy Balances; Energy Balances, UN Statistics Division (2024)"
202,Sub-Saharan Africa,2009.0,5.19,EG_EGY_PRIM,,"IEA (2024), World Energy Balances; Energy Balances, UN Statistics Division (2024)"
202,Sub-Saharan Africa,2010.0,4.99,EG_EGY_PRIM,,"IEA (2024), World Energy Balances; Energy Balances, UN Statistics Division (2024)"
202,Sub-Saharan Africa,2011.0,5.0,EG_EGY_PRIM,,"IEA (2024), World Energy Balances; Energy Balances, UN Statistics Division (2024)"
202,Sub-Saharan Africa,2012.0,4.82,EG_EGY_PRIM,,"IEA (2024), World Energy Balances; Energy Balances, UN Statistics Division (2024)"
202,Sub-Saharan Africa,2013.0,4.71,EG_EGY_PRIM,,"IEA (2024), World Energy Balances; Energy Balances, UN Statistics Division (2024)"
202,Sub-Saharan Africa,2014.0,4.64,EG_EGY_PRIM,,"IEA (2024), World Energy Balances; Energy Balances, UN Statistics Division (2024)"
202,Sub-Saharan Africa,2015.0,4.5,EG_EGY_PRIM,,"IEA (2024), World Energy Balances; Energy Balances, UN Statistics Division (2024)"
202,Sub-Saharan Africa,2016.0,4.58,EG_EGY_PRIM,,"IEA (2024), World Energy Balances; Energy Balances, UN Statistics Division (2024)"
202,Sub-Saharan Africa,2017.0,4.49,EG_EGY_PRIM,,"IEA (2024), World Energy Balances; Energy Balances, UN Statistics Division (2024)"
202,Sub-Saharan Africa,2018.0,4.38,EG_EGY_PRIM,,"IEA (2024), World Energy Balances; Energy Balances, UN Statistics Division (2024)"
202,Sub-Saharan Africa,2019.0,4.43,EG_EGY_PRIM,,"IEA (2024), World Energy Balances; Energy Balances, UN Statistics Division (2024)"
202,Sub-Saharan Africa,2020.0,4.51,EG_EGY_PRIM,,"IEA (2024), World Energy Balances; Energy Balances, UN Statistics Division (2024)"
202,Sub-Saharan Africa,2021.0,4.49,EG_EGY_PRIM,,"IEA (2024), World Energy Balances; Energy Balances, UN Statistics Division (2024)"
202,Sub-Saharan Africa,2022.0,4.4,EG_EGY_PRIM,,"IEA (2024), World Energy Balances; Energy Balances, UN Statistics Division (2024)"
729,Sudan,2000.0,4.75,EG_EGY_PRIM,,"IEA (2024), World Energy Balances"
729,Sudan,2001.0,4.46,EG_EGY_PRIM,,"IEA (2024), World Energy Balances"
729,Sudan,2002.0,4.52,EG_EGY_PRIM,,"IEA (2024), World Energy Balances"
729,Sudan,2003.0,4.13,EG_EGY_PRIM,,"IEA (2024), World Energy Balances"
729,Sudan,2004.0,3.93,EG_EGY_PRIM,,"IEA (2024), World Energy Balances"
729,Sudan,2005.0,3.84,EG_EGY_PRIM,,"IEA (2024), World Energy Balances"
729,Sudan,2006.0,3.86,EG_EGY_PRIM,,"IEA (2024), World Energy Balances"
729,Sudan,2007.0,3.51,EG_EGY_PRIM,,"IEA (2024), World Energy Balances"
729,Sudan,2008.0,3.44,EG_EGY_PRIM,,"IEA (2024), World Energy Balances"
729,Sudan,2009.0,3.7,EG_EGY_PRIM,,"IEA (2024), World Energy Balances"
729,Sudan,2010.0,3.37,EG_EGY_PRIM,,"IEA (2024), World Energy Balances"
729,Sudan,2011.0,3.74,EG_EGY_PRIM,,"IEA (2024), World Energy Balances"
729,Sudan,2012.0,3.85,EG_EGY_PRIM,,"IEA (2024), World Energy Balances"
729,Sudan,2013.0,4.69,EG_EGY_PRIM,,"IEA (2024), World Energy Balances"
729,Sudan,2014.0,4.61,EG_EGY_PRIM,,"IEA (2024), World Energy Balances"
729,Sudan,2015.0,4.42,EG_EGY_PRIM,,"IEA (2024), World Energy Balances"
729,Sudan,2016.0,4.21,EG_EGY_PRIM,,"IEA (2024), World Energy Balances"
729,Sudan,2017.0,4.27,EG_EGY_PRIM,,"IEA (2024), World Energy Balances"
729,Sudan,2018.0,4.45,EG_EGY_PRIM,,"IEA (2024), World Energy Balances"
729,Sudan,2019.0,4.7,EG_EGY_PRIM,,"IEA (2024), World Energy Balances"
729,Sudan,2020.0,4.86,EG_EGY_PRIM,,"IEA (2024), World Energy Balances"
729,Sudan,2021.0,5.01,EG_EGY_PRIM,,"IEA (2024), World Energy Balances"
729,Sudan,2022.0,5.1,EG_EGY_PRIM,,"IEA (2024), World Energy Balances"
740,Suriname,2000.0,3.36,EG_EGY_PRIM,,"IEA (2024), World Energy Balances"
740,Suriname,2001.0,3.45,EG_EGY_PRIM,,"IEA (2024), World Energy Balances"
740,Suriname,2002.0,2.42,EG_EGY_PRIM,,"IEA (2024), World Energy Balances"
740,Suriname,2003.0,2.42,EG_EGY_PRIM,,"IEA (2024), World Energy Balances"
740,Suriname,2004.0,2.48,EG_EGY_PRIM,,"IEA (2024), World Energy Balances"
740,Suriname,2005.0,2.7,EG_EGY_PRIM,,"IEA (2024), World Energy Balances"
740,Suriname,2006.0,2.46,EG_EGY_PRIM,,"IEA (2024), World Energy Balances"
740,Suriname,2007.0,2.26,EG_EGY_PRIM,,"IEA (2024), World Energy Balances"
740,Suriname,2008.0,2.31,EG_EGY_PRIM,,"IEA (2024), World Energy Balances"
740,Suriname,2009.0,2.24,EG_EGY_PRIM,,"IEA (2024), World Energy Balances"
740,Suriname,2010.0,2.5,EG_EGY_PRIM,,"IEA (2024), World Energy Balances"
740,Suriname,2011.0,2.97,EG_EGY_PRIM,,"IEA (2024), World Energy Balances"
740,Suriname,2012.0,2.46,EG_EGY_PRIM,,"IEA (2024), World Energy Balances"
740,Suriname,2013.0,2.94,EG_EGY_PRIM,,"IEA (2024), World Energy Balances"
740,Suriname,2014.0,3.09,EG_EGY_PRIM,,"IEA (2024), World Energy Balances"
740,Suriname,2015.0,2.85,EG_EGY_PRIM,,"IEA (2024), World Energy Balances"
740,Suriname,2016.0,3.32,EG_EGY_PRIM,,"IEA (2024), World Energy Balances"
740,Suriname,2017.0,3.09,EG_EGY_PRIM,,"IEA (2024), World Energy Balances"
740,Suriname,2018.0,2.8,EG_EGY_PRIM,,"IEA (2024), World Energy Balances"
740,Suriname,2019.0,3.18,EG_EGY_PRIM,,"IEA (2024), World Energy Balances"
740,Suriname,2020.0,3.73,EG_EGY_PRIM,,"IEA (2024), World Energy Balances"
740,Suriname,2021.0,3.88,EG_EGY_PRIM,,"IEA (2024), World Energy Balances"
740,Suriname,2022.0,3.92,EG_EGY_PRIM,,"IEA (2024), World Energy Balances"
752,Sweden,2000.0,4.67,EG_EGY_PRIM,,"IEA (2024), World Energy Balances"
752,Sweden,2001.0,4.9,EG_EGY_PRIM,,"IEA (2024), World Energy Balances"
752,Sweden,2002.0,4.91,EG_EGY_PRIM,,"IEA (2024), World Energy Balances"
752,Sweden,2003.0,4.72,EG_EGY_PRIM,,"IEA (2024), World Energy Balances"
752,Sweden,2004.0,4.7,EG_EGY_PRIM,,"IEA (2024), World Energy Balances"
752,Sweden,2005.0,4.47,EG_EGY_PRIM,,"IEA (2024), World Energy Balances"
752,Sweden,2006.0,4.16,EG_EGY_PRIM,,"IEA (2024), World Energy Balances"
752,Sweden,2007.0,4.01,EG_EGY_PRIM,,"IEA (2024), World Energy Balances"
752,Sweden,2008.0,4.02,EG_EGY_PRIM,,"IEA (2024), World Energy Balances"
752,Sweden,2009.0,3.84,EG_EGY_PRIM,,"IEA (2024), World Energy Balances"
752,Sweden,2010.0,4.08,EG_EGY_PRIM,,"IEA (2024), World Energy Balances"
752,Sweden,2011.0,3.87,EG_EGY_PRIM,,"IEA (2024), World Energy Balances"
752,Sweden,2012.0,3.92,EG_EGY_PRIM,,"IEA (2024), World Energy Balances"
752,Sweden,2013.0,3.82,EG_EGY_PRIM,,"IEA (2024), World Energy Balances"
752,Sweden,2014.0,3.64,EG_EGY_PRIM,,"IEA (2024), World Energy Balances"
752,Sweden,2015.0,3.23,EG_EGY_PRIM,,"IEA (2024), World Energy Balances"
752,Sweden,2016.0,3.39,EG_EGY_PRIM,,"IEA (2024), World Energy Balances"
752,Sweden,2017.0,3.42,EG_EGY_PRIM,,"IEA (2024), World Energy Balances"
752,Sweden,2018.0,3.43,EG_EGY_PRIM,,"IEA (2024), World Energy Balances"
752,Sweden,2019.0,3.25,EG_EGY_PRIM,,"IEA (2024), World Energy Balances"
752,Sweden,2020.0,2.99,EG_EGY_PRIM,,"IEA (2024), World Energy Balances"
752,Sweden,2021.0,3.02,EG_EGY_PRIM,,"IEA (2024), World Energy Balances"
752,Sweden,2022.0,2.85,EG_EGY_PRIM,,"IEA (2024), World Energy Balances"
756,Switzerland,2000.0,2.13,EG_EGY_PRIM,,"IEA (2024), World Energy Balances"
756,Switzerland,2001.0,2.23,EG_EGY_PRIM,,"IEA (2024), World Energy Balances"
756,Switzerland,2002.0,2.17,EG_EGY_PRIM,,"IEA (2024), World Energy Balances"
756,Switzerland,2003.0,2.18,EG_EGY_PRIM,,"IEA (2024), World Energy Balances"
756,Switzerland,2004.0,2.14,EG_EGY_PRIM,,"IEA (2024), World Energy Balances"
756,Switzerland,2005.0,2.06,EG_EGY_PRIM,,"IEA (2024), World Energy Balances"
756,Switzerland,2006.0,2.07,EG_EGY_PRIM,,"IEA (2024), World Energy Balances"
756,Switzerland,2007.0,1.89,EG_EGY_PRIM,,"IEA (2024), World Energy Balances"
756,Switzerland,2008.0,1.91,EG_EGY_PRIM,,"IEA (2024), World Energy Balances"
756,Switzerland,2009.0,1.97,EG_EGY_PRIM,,"IEA (2024), World Energy Balances"
756,Switzerland,2010.0,1.85,EG_EGY_PRIM,,"IEA (2024), World Energy Balances"
756,Switzerland,2011.0,1.76,EG_EGY_PRIM,,"IEA (2024), World Energy Balances"
756,Switzerland,2012.0,1.76,EG_EGY_PRIM,,"IEA (2024), World Energy Balances"
756,Switzerland,2013.0,1.8,EG_EGY_PRIM,,"IEA (2024), World Energy Balances"
756,Switzerland,2014.0,1.65,EG_EGY_PRIM,,"IEA (2024), World Energy Balances"
756,Switzerland,2015.0,1.58,EG_EGY_PRIM,,"IEA (2024), World Energy Balances"
756,Switzerland,2016.0,1.51,EG_EGY_PRIM,,"IEA (2024), World Energy Balances"
756,Switzerland,2017.0,1.5,EG_EGY_PRIM,,"IEA (2024), World Energy Balances"
756,Switzerland,2018.0,1.46,EG_EGY_PRIM,,"IEA (2024), World Energy Balances"
756,Switzerland,2019.0,1.48,EG_EGY_PRIM,,"IEA (2024), World Energy Balances"
756,Switzerland,2020.0,1.44,EG_EGY_PRIM,,"IEA (2024), World Energy Balances"
756,Switzerland,2021.0,1.34,EG_EGY_PRIM,,"IEA (2024), World Energy Balances"
756,Switzerland,2022.0,1.3,EG_EGY_PRIM,,"IEA (2024), World Energy Balances"
760,Syrian Arab Republic,2000.0,53.89,EG_EGY_PRIM,,"IEA (2024), World Energy Balances"
760,Syrian Arab Republic,2001.0,53.33,EG_EGY_PRIM,,"IEA (2024), World Energy Balances"
760,Syrian Arab Republic,2002.0,52.31,EG_EGY_PRIM,,"IEA (2024), World Energy Balances"
760,Syrian Arab Republic,2003.0,53.67,EG_EGY_PRIM,,"IEA (2024), World Energy Balances"
760,Syrian Arab Republic,2004.0,52.47,EG_EGY_PRIM,,"IEA (2024), World Energy Balances"
760,Syrian Arab Republic,2005.0,59.41,EG_EGY_PRIM,,"IEA (2024), World Energy Balances"
760,Syrian Arab Republic,2006.0,58.83,EG_EGY_PRIM,,"IEA (2024), World Energy Balances"
760,Syrian Arab Republic,2007.0,58.27,EG_EGY_PRIM,,"IEA (2024), World Energy Balances"
760,Syrian Arab Republic,2008.0,56.82,EG_EGY_PRIM,,"IEA (2024), World Energy Balances"
760,Syrian Arab Republic,2009.0,49.97,EG_EGY_PRIM,,"IEA (2024), World Energy Balances"
760,Syrian Arab Republic,2010.0,48.71,EG_EGY_PRIM,,"IEA (2024), World Energy Balances"
760,Syrian Arab Republic,2011.0,45.22,EG_EGY_PRIM,,"IEA (2024), World Energy Balances"
760,Syrian Arab Republic,2012.0,47.52,EG_EGY_PRIM,,"IEA (2024), World Energy Balances"
760,Syrian Arab Republic,2013.0,48.8,EG_EGY_PRIM,,"IEA (2024), World Energy Balances"
760,Syrian Arab Republic,2014.0,56.27,EG_EGY_PRIM,,"IEA (2024), World Energy Balances"
760,Syrian Arab Republic,2015.0,51.02,EG_EGY_PRIM,,"IEA (2024), World Energy Balances"
760,Syrian Arab Republic,2016.0,50.97,EG_EGY_PRIM,,"IEA (2024), World Energy Balances"
760,Syrian Arab Republic,2017.0,57.82,EG_EGY_PRIM,,"IEA (2024), World Energy Balances"
760,Syrian Arab Republic,2018.0,54.22,EG_EGY_PRIM,,"IEA (2024), World Energy Balances"
760,Syrian Arab Republic,2019.0,55.39,EG_EGY_PRIM,,"IEA (2024), World Energy Balances"
760,Syrian Arab Republic,2020.0,52.8,EG_EGY_PRIM,,"IEA (2024), World Energy Balances"
760,Syrian Arab Republic,2021.0,51.72,EG_EGY_PRIM,,"IEA (2024), World Energy Balances"
760,Syrian Arab Republic,2022.0,49.12,EG_EGY_PRIM,,"IEA (2024), World Energy Balances"
762,Tajikistan,2000.0,10.33,EG_EGY_PRIM,,"IEA (2024), World Energy Balances"
762,Tajikistan,2001.0,9.25,EG_EGY_PRIM,,"IEA (2024), World Energy Balances"
762,Tajikistan,2002.0,8.51,EG_EGY_PRIM,,"IEA (2024), World Energy Balances"
762,Tajikistan,2003.0,7.87,EG_EGY_PRIM,,"IEA (2024), World Energy Balances"
762,Tajikistan,2004.0,7.69,EG_EGY_PRIM,,"IEA (2024), World Energy Balances"
762,Tajikistan,2005.0,7.2,EG_EGY_PRIM,,"IEA (2024), World Energy Balances"
762,Tajikistan,2006.0,6.94,EG_EGY_PRIM,,"IEA (2024), World Energy Balances"
762,Tajikistan,2007.0,6.88,EG_EGY_PRIM,,"IEA (2024), World Energy Balances"
762,Tajikistan,2008.0,6.06,EG_EGY_PRIM,,"IEA (2024), World Energy Balances"
762,Tajikistan,2009.0,5.07,EG_EGY_PRIM,,"IEA (2024), World Energy Balances"
762,Tajikistan,2010.0,4.86,EG_EGY_PRIM,,"IEA (2024), World Energy Balances"
762,Tajikistan,2011.0,4.54,EG_EGY_PRIM,,"IEA (2024), World Energy Balances"
762,Tajikistan,2012.0,4.57,EG_EGY_PRIM,,"IEA (2024), World Energy Balances"
762,Tajikistan,2013.0,4.27,EG_EGY_PRIM,,"IEA (2024), World Energy Balances"
762,Tajikistan,2014.0,4.29,EG_EGY_PRIM,,"IEA (2024), World Energy Balances"
762,Tajikistan,2015.0,4.39,EG_EGY_PRIM,,"IEA (2024), World Energy Balances"
762,Tajikistan,2016.0,4.31,EG_EGY_PRIM,,"IEA (2024), World Energy Balances"
762,Tajikistan,2017.0,4.15,EG_EGY_PRIM,,"IEA (2024), World Energy Balances"
762,Tajikistan,2018.0,4.18,EG_EGY_PRIM,,"IEA (2024), World Energy Balances"
762,Tajikistan,2019.0,4.25,EG_EGY_PRIM,,"IEA (2024), World Energy Balances"
762,Tajikistan,2020.0,4.22,EG_EGY_PRIM,,"IEA (2024), World Energy Balances"
762,Tajikistan,2021.0,3.86,EG_EGY_PRIM,,"IEA (2024), World Energy Balances"
762,Tajikistan,2022.0,3.73,EG_EGY_PRIM,,"IEA (2024), World Energy Balances"
764,Thailand,2000.0,4.15,EG_EGY_PRIM,,"IEA (2024), World Energy Balances"
764,Thailand,2001.0,4.13,EG_EGY_PRIM,,"IEA (2024), World Energy Balances"
764,Thailand,2002.0,4.3,EG_EGY_PRIM,,"IEA (2024), World Energy Balances"
764,Thailand,2003.0,4.35,EG_EGY_PRIM,,"IEA (2024), World Energy Balances"
764,Thailand,2004.0,4.42,EG_EGY_PRIM,,"IEA (2024), World Energy Balances"
764,Thailand,2005.0,4.37,EG_EGY_PRIM,,"IEA (2024), World Energy Balances"
764,Thailand,2006.0,4.24,EG_EGY_PRIM,,"IEA (2024), World Energy Balances"
764,Thailand,2007.0,4.17,EG_EGY_PRIM,,"IEA (2024), World Energy Balances"
764,Thailand,2008.0,4.21,EG_EGY_PRIM,,"IEA (2024), World Energy Balances"
764,Thailand,2009.0,4.22,EG_EGY_PRIM,,"IEA (2024), World Energy Balances"
764,Thailand,2010.0,4.3,EG_EGY_PRIM,,"IEA (2024), World Energy Balances"
764,Thailand,2011.0,4.26,EG_EGY_PRIM,,"IEA (2024), World Energy Balances"
764,Thailand,2012.0,4.26,EG_EGY_PRIM,,"IEA (2024), World Energy Balances"
764,Thailand,2013.0,4.46,EG_EGY_PRIM,,"IEA (2024), World Energy Balances"
764,Thailand,2014.0,4.4,EG_EGY_PRIM,,"IEA (2024), World Energy Balances"
764,Thailand,2015.0,4.3,EG_EGY_PRIM,,"IEA (2024), World Energy Balances"
764,Thailand,2016.0,4.29,EG_EGY_PRIM,,"IEA (2024), World Energy Balances"
764,Thailand,2017.0,4.12,EG_EGY_PRIM,,"IEA (2024), World Energy Balances"
764,Thailand,2018.0,3.88,EG_EGY_PRIM,,"IEA (2024), World Energy Balances"
764,Thailand,2019.0,3.89,EG_EGY_PRIM,,"IEA (2024), World Energy Balances"
764,Thailand,2020.0,3.93,EG_EGY_PRIM,,"IEA (2024), World Energy Balances"
764,Thailand,2021.0,3.79,EG_EGY_PRIM,,"IEA (2024), World Energy Balances"
764,Thailand,2022.0,3.75,EG_EGY_PRIM,,"IEA (2024), World Energy Balances"
626,Timor-Leste,2000.0,,EG_EGY_PRIM,,"Energy Balances, UN Statistics Division (2024)"
626,Timor-Leste,2001.0,,EG_EGY_PRIM,,"Energy Balances, UN Statistics Division (2024)"
626,Timor-Leste,2002.0,0.7,EG_EGY_PRIM,,"Energy Balances, UN Statistics Division (2024)"
626,Timor-Leste,2003.0,0.71,EG_EGY_PRIM,,"Energy Balances, UN Statistics Division (2024)"
626,Timor-Leste,2004.0,0.74,EG_EGY_PRIM,,"Energy Balances, UN Statistics Division (2024)"
626,Timor-Leste,2005.0,0.71,EG_EGY_PRIM,,"Energy Balances, UN Statistics Division (2024)"
626,Timor-Leste,2006.0,0.74,EG_EGY_PRIM,,"Energy Balances, UN Statistics Division (2024)"
626,Timor-Leste,2007.0,0.68,EG_EGY_PRIM,,"Energy Balances, UN Statistics Division (2024)"
626,Timor-Leste,2008.0,0.64,EG_EGY_PRIM,,"Energy Balances, UN Statistics Division (2024)"
626,Timor-Leste,2009.0,0.62,EG_EGY_PRIM,,"Energy Balances, UN Statistics Division (2024)"
626,Timor-Leste,2010.0,0.58,EG_EGY_PRIM,,"Energy Balances, UN Statistics Division (2024)"
626,Timor-Leste,2011.0,0.56,EG_EGY_PRIM,,"Energy Balances, UN Statistics Division (2024)"
626,Timor-Leste,2012.0,0.6,EG_EGY_PRIM,,"Energy Balances, UN Statistics Division (2024)"
626,Timor-Leste,2013.0,0.68,EG_EGY_PRIM,,"Energy Balances, UN Statistics Division (2024)"
626,Timor-Leste,2014.0,0.77,EG_EGY_PRIM,,"Energy Balances, UN Statistics Division (2024)"
626,Timor-Leste,2015.0,0.73,EG_EGY_PRIM,,"Energy Balances, UN Statistics Division (2024)"
626,Timor-Leste,2016.0,0.82,EG_EGY_PRIM,,"Energy Balances, UN Statistics Division (2024)"
626,Timor-Leste,2017.0,0.91,EG_EGY_PRIM,,"Energy Balances, UN Statistics Division (2024)"
626,Timor-Leste,2018.0,0.86,EG_EGY_PRIM,,"Energy Balances, UN Statistics Division (2024)"
626,Timor-Leste,2019.0,1.0,EG_EGY_PRIM,,"Energy Balances, UN Statistics Division (2024)"
626,Timor-Leste,2020.0,1.03,EG_EGY_PRIM,,"Energy Balances, UN Statistics Division (2024)"
626,Timor-Leste,2021.0,0.99,EG_EGY_PRIM,,"Energy Balances, UN Statistics Division (2024)"
626,Timor-Leste,2022.0,0.99,EG_EGY_PRIM,,"Energy Balances, UN Statistics Division (2024)"
768,Togo,2000.0,8.53,EG_EGY_PRIM,,"IEA (2024), World Energy Balances"
768,Togo,2001.0,8.44,EG_EGY_PRIM,,"IEA (2024), World Energy Balances"
768,Togo,2002.0,8.42,EG_EGY_PRIM,,"IEA (2024), World Energy Balances"
768,Togo,2003.0,8.33,EG_EGY_PRIM,,"IEA (2024), World Energy Balances"
768,Togo,2004.0,8.5,EG_EGY_PRIM,,"IEA (2024), World Energy Balances"
768,Togo,2005.0,9.09,EG_EGY_PRIM,,"IEA (2024), World Energy Balances"
768,Togo,2006.0,8.84,EG_EGY_PRIM,,"IEA (2024), World Energy Balances"
768,Togo,2007.0,9.07,EG_EGY_PRIM,,"IEA (2024), World Energy Balances"
768,Togo,2008.0,9.08,EG_EGY_PRIM,,"IEA (2024), World Energy Balances"
768,Togo,2009.0,10.48,EG_EGY_PRIM,,"IEA (2024), World Energy Balances"
768,Togo,2010.0,9.9,EG_EGY_PRIM,,"IEA (2024), World Energy Balances"
768,Togo,2011.0,9.41,EG_EGY_PRIM,,"IEA (2024), World Energy Balances"
768,Togo,2012.0,8.82,EG_EGY_PRIM,,"IEA (2024), World Energy Balances"
768,Togo,2013.0,8.1,EG_EGY_PRIM,,"IEA (2024), World Energy Balances"
768,Togo,2014.0,7.99,EG_EGY_PRIM,,"IEA (2024), World Energy Balances"
768,Togo,2015.0,7.35,EG_EGY_PRIM,,"IEA (2024), World Energy Balances"
768,Togo,2016.0,7.52,EG_EGY_PRIM,,"IEA (2024), World Energy Balances"
768,Togo,2017.0,7.08,EG_EGY_PRIM,,"IEA (2024), World Energy Balances"
768,Togo,2018.0,7.05,EG_EGY_PRIM,,"IEA (2024), World Energy Balances"
768,Togo,2019.0,6.94,EG_EGY_PRIM,,"IEA (2024), World Energy Balances"
768,Togo,2020.0,7.15,EG_EGY_PRIM,,"IEA (2024), World Energy Balances"
768,Togo,2021.0,6.87,EG_EGY_PRIM,,"IEA (2024), World Energy Balances"
768,Togo,2022.0,6.69,EG_EGY_PRIM,,"IEA (2024), World Energy Balances"
776,Tonga,2000.0,2.77,EG_EGY_PRIM,,"Energy Balances, UN Statistics Division (2024)"
776,Tonga,2001.0,2.52,EG_EGY_PRIM,,"Energy Balances, UN Statistics Division (2024)"
776,Tonga,2002.0,2.55,EG_EGY_PRIM,,"Energy Balances, UN Statistics Division (2024)"
776,Tonga,2003.0,3.14,EG_EGY_PRIM,,"Energy Balances, UN Statistics Division (2024)"
776,Tonga,2004.0,3.03,EG_EGY_PRIM,,"Energy Balances, UN Statistics Division (2024)"
776,Tonga,2005.0,3.04,EG_EGY_PRIM,,"Energy Balances, UN Statistics Division (2024)"
776,Tonga,2006.0,3.56,EG_EGY_PRIM,,"Energy Balances, UN Statistics Division (2024)"
776,Tonga,2007.0,3.26,EG_EGY_PRIM,,"Energy Balances, UN Statistics Division (2024)"
776,Tonga,2008.0,2.88,EG_EGY_PRIM,,"Energy Balances, UN Statistics Division (2024)"
776,Tonga,2009.0,3.43,EG_EGY_PRIM,,"Energy Balances, UN Statistics Division (2024)"
776,Tonga,2010.0,3.32,EG_EGY_PRIM,,"Energy Balances, UN Statistics Division (2024)"
776,Tonga,2011.0,2.82,EG_EGY_PRIM,,"Energy Balances, UN Statistics Division (2024)"
776,Tonga,2012.0,2.77,EG_EGY_PRIM,,"Energy Balances, UN Statistics Division (2024)"
776,Tonga,2013.0,2.82,EG_EGY_PRIM,,"Energy Balances, UN Statistics Division (2024)"
776,Tonga,2014.0,2.69,EG_EGY_PRIM,,"Energy Balances, UN Statistics Division (2024)"
776,Tonga,2015.0,2.66,EG_EGY_PRIM,,"Energy Balances, UN Statistics Division (2024)"
776,Tonga,2016.0,3.2,EG_EGY_PRIM,,"Energy Balances, UN Statistics Division (2024)"
776,Tonga,2017.0,3.17,EG_EGY_PRIM,,"Energy Balances, UN Statistics Division (2024)"
776,Tonga,2018.0,2.92,EG_EGY_PRIM,,"Energy Balances, UN Statistics Division (2024)"
776,Tonga,2019.0,3.58,EG_EGY_PRIM,,"Energy Balances, UN Statistics Division (2024)"
776,Tonga,2020.0,3.07,EG_EGY_PRIM,,"Energy Balances, UN Statistics Division (2024)"
776,Tonga,2021.0,3.13,EG_EGY_PRIM,,"Energy Balances, UN Statistics Division (2024)"
776,Tonga,2022.0,3.24,EG_EGY_PRIM,,"Energy Balances, UN Statistics Division (2024)"
780,Trinidad and Tobago,2000.0,15.33,EG_EGY_PRIM,,"IEA (2024), World Energy Balances"
780,Trinidad and Tobago,2001.0,16.34,EG_EGY_PRIM,,"IEA (2024), World Energy Balances"
780,Trinidad and Tobago,2002.0,16.52,EG_EGY_PRIM,,"IEA (2024), World Energy Balances"
780,Trinidad and Tobago,2003.0,16.34,EG_EGY_PRIM,,"IEA (2024), World Energy Balances"
780,Trinidad and Tobago,2004.0,15.58,EG_EGY_PRIM,,"IEA (2024), World Energy Balances"
780,Trinidad and Tobago,2005.0,17.14,EG_EGY_PRIM,,"IEA (2024), World Energy Balances"
780,Trinidad and Tobago,2006.0,16.75,EG_EGY_PRIM,,"IEA (2024), World Energy Balances"
780,Trinidad and Tobago,2007.0,17.1,EG_EGY_PRIM,,"IEA (2024), World Energy Balances"
780,Trinidad and Tobago,2008.0,16.07,EG_EGY_PRIM,,"IEA (2024), World Energy Balances"
780,Trinidad and Tobago,2009.0,16.94,EG_EGY_PRIM,,"IEA (2024), World Energy Balances"
780,Trinidad and Tobago,2010.0,17.42,EG_EGY_PRIM,,"IEA (2024), World Energy Balances"
780,Trinidad and Tobago,2011.0,17.38,EG_EGY_PRIM,,"IEA (2024), World Energy Balances"
780,Trinidad and Tobago,2012.0,16.19,EG_EGY_PRIM,,"IEA (2024), World Energy Balances"
780,Trinidad and Tobago,2013.0,15.54,EG_EGY_PRIM,,"IEA (2024), World Energy Balances"
780,Trinidad and Tobago,2014.0,15.31,EG_EGY_PRIM,,"IEA (2024), World Energy Balances"
780,Trinidad and Tobago,2015.0,14.88,EG_EGY_PRIM,,"IEA (2024), World Energy Balances"
780,Trinidad and Tobago,2016.0,14.08,EG_EGY_PRIM,,"IEA (2024), World Energy Balances"
780,Trinidad and Tobago,2017.0,14.91,EG_EGY_PRIM,,"IEA (2024), World Energy Balances"
780,Trinidad and Tobago,2018.0,15.11,EG_EGY_PRIM,,"IEA (2024), World Energy Balances"
780,Trinidad and Tobago,2019.0,15.29,EG_EGY_PRIM,,"IEA (2024), World Energy Balances"
780,Trinidad and Tobago,2020.0,14.42,EG_EGY_PRIM,,"IEA (2024), World Energy Balances"
780,Trinidad and Tobago,2021.0,15.24,EG_EGY_PRIM,,"IEA (2024), World Energy Balances"
780,Trinidad and Tobago,2022.0,14.75,EG_EGY_PRIM,,"IEA (2024), World Energy Balances"
788,Tunisia,2000.0,3.47,EG_EGY_PRIM,,"IEA (2024), World Energy Balances"
788,Tunisia,2001.0,3.53,EG_EGY_PRIM,,"IEA (2024), World Energy Balances"
788,Tunisia,2002.0,3.53,EG_EGY_PRIM,,"IEA (2024), World Energy Balances"
788,Tunisia,2003.0,3.46,EG_EGY_PRIM,,"IEA (2024), World Energy Balances"
788,Tunisia,2004.0,3.43,EG_EGY_PRIM,,"IEA (2024), World Energy Balances"
788,Tunisia,2005.0,3.26,EG_EGY_PRIM,,"IEA (2024), World Energy Balances"
788,Tunisia,2006.0,3.26,EG_EGY_PRIM,,"IEA (2024), World Energy Balances"
788,Tunisia,2007.0,3.15,EG_EGY_PRIM,,"IEA (2024), World Energy Balances"
788,Tunisia,2008.0,3.16,EG_EGY_PRIM,,"IEA (2024), World Energy Balances"
788,Tunisia,2009.0,2.98,EG_EGY_PRIM,,"IEA (2024), World Energy Balances"
788,Tunisia,2010.0,3.23,EG_EGY_PRIM,,"IEA (2024), World Energy Balances"
788,Tunisia,2011.0,3.15,EG_EGY_PRIM,,"IEA (2024), World Energy Balances"
788,Tunisia,2012.0,3.15,EG_EGY_PRIM,,"IEA (2024), World Energy Balances"
788,Tunisia,2013.0,3.13,EG_EGY_PRIM,,"IEA (2024), World Energy Balances"
788,Tunisia,2014.0,3.09,EG_EGY_PRIM,,"IEA (2024), World Energy Balances"
788,Tunisia,2015.0,3.13,EG_EGY_PRIM,,"IEA (2024), World Energy Balances"
788,Tunisia,2016.0,3.14,EG_EGY_PRIM,,"IEA (2024), World Energy Balances"
788,Tunisia,2017.0,3.17,EG_EGY_PRIM,,"IEA (2024), World Energy Balances"
788,Tunisia,2018.0,3.11,EG_EGY_PRIM,,"IEA (2024), World Energy Balances"
788,Tunisia,2019.0,3.02,EG_EGY_PRIM,,"IEA (2024), World Energy Balances"
788,Tunisia,2020.0,3.16,EG_EGY_PRIM,,"IEA (2024), World Energy Balances"
788,Tunisia,2021.0,3.26,EG_EGY_PRIM,,"IEA (2024), World Energy Balances"
788,Tunisia,2022.0,3.17,EG_EGY_PRIM,,"IEA (2024), World Energy Balances"
792,Türkiye,2000.0,3.28,EG_EGY_PRIM,,"IEA (2024), World Energy Balances"
792,Türkiye,2001.0,3.21,EG_EGY_PRIM,,"IEA (2024), World Energy Balances"
792,Türkiye,2002.0,3.18,EG_EGY_PRIM,,"IEA (2024), World Energy Balances"
792,Türkiye,2003.0,3.19,EG_EGY_PRIM,,"IEA (2024), World Energy Balances"
792,Türkiye,2004.0,2.98,EG_EGY_PRIM,,"IEA (2024), World Energy Balances"
792,Türkiye,2005.0,2.84,EG_EGY_PRIM,,"IEA (2024), World Energy Balances"
792,Türkiye,2006.0,2.95,EG_EGY_PRIM,,"IEA (2024), World Energy Balances"
792,Türkiye,2007.0,3.02,EG_EGY_PRIM,,"IEA (2024), World Energy Balances"
792,Türkiye,2008.0,2.94,EG_EGY_PRIM,,"IEA (2024), World Energy Balances"
792,Türkiye,2009.0,3.09,EG_EGY_PRIM,,"IEA (2024), World Energy Balances"
792,Türkiye,2010.0,3.06,EG_EGY_PRIM,,"IEA (2024), World Energy Balances"
792,Türkiye,2011.0,2.93,EG_EGY_PRIM,,"IEA (2024), World Energy Balances"
792,Türkiye,2012.0,2.93,EG_EGY_PRIM,,"IEA (2024), World Energy Balances"
792,Türkiye,2013.0,2.64,EG_EGY_PRIM,,"IEA (2024), World Energy Balances"
792,Türkiye,2014.0,2.6,EG_EGY_PRIM,,"IEA (2024), World Energy Balances"
792,Türkiye,2015.0,2.65,EG_EGY_PRIM,,"IEA (2024), World Energy Balances"
792,Türkiye,2016.0,2.72,EG_EGY_PRIM,,"IEA (2024), World Energy Balances"
792,Türkiye,2017.0,2.72,EG_EGY_PRIM,,"IEA (2024), World Energy Balances"
792,Türkiye,2018.0,2.6,EG_EGY_PRIM,,"IEA (2024), World Energy Balances"
792,Türkiye,2019.0,2.62,EG_EGY_PRIM,,"IEA (2024), World Energy Balances"
792,Türkiye,2020.0,2.57,EG_EGY_PRIM,,"IEA (2024), World Energy Balances"
792,Türkiye,2021.0,2.51,EG_EGY_PRIM,,"IEA (2024), World Energy Balances"
792,Türkiye,2022.0,2.33,EG_EGY_PRIM,,"IEA (2024), World Energy Balances"
795,Turkmenistan,2000.0,19.74,EG_EGY_PRIM,,"IEA (2024), World Energy Balances"
795,Turkmenistan,2001.0,13.91,EG_EGY_PRIM,,"IEA (2024), World Energy Balances"
795,Turkmenistan,2002.0,10.05,EG_EGY_PRIM,,"IEA (2024), World Energy Balances"
795,Turkmenistan,2003.0,11.88,EG_EGY_PRIM,,"IEA (2024), World Energy Balances"
795,Turkmenistan,2004.0,13.05,EG_EGY_PRIM,,"IEA (2024), World Energy Balances"
795,Turkmenistan,2005.0,11.25,EG_EGY_PRIM,,"IEA (2024), World Energy Balances"
795,Turkmenistan,2006.0,10.48,EG_EGY_PRIM,,"IEA (2024), World Energy Balances"
795,Turkmenistan,2007.0,9.35,EG_EGY_PRIM,,"IEA (2024), World Energy Balances"
795,Turkmenistan,2008.0,10.04,EG_EGY_PRIM,,"IEA (2024), World Energy Balances"
795,Turkmenistan,2009.0,8.3,EG_EGY_PRIM,,"IEA (2024), World Energy Balances"
795,Turkmenistan,2010.0,8.17,EG_EGY_PRIM,,"IEA (2024), World Energy Balances"
795,Turkmenistan,2011.0,7.83,EG_EGY_PRIM,,"IEA (2024), World Energy Balances"
795,Turkmenistan,2012.0,7.33,EG_EGY_PRIM,,"IEA (2024), World Energy Balances"
795,Turkmenistan,2013.0,7.12,EG_EGY_PRIM,,"IEA (2024), World Energy Balances"
795,Turkmenistan,2014.0,6.68,EG_EGY_PRIM,,"IEA (2024), World Energy Balances"
795,Turkmenistan,2015.0,6.63,EG_EGY_PRIM,,"IEA (2024), World Energy Balances"
795,Turkmenistan,2016.0,6.57,EG_EGY_PRIM,,"IEA (2024), World Energy Balances"
795,Turkmenistan,2017.0,6.53,EG_EGY_PRIM,,"IEA (2024), World Energy Balances"
795,Turkmenistan,2018.0,6.32,EG_EGY_PRIM,,"IEA (2024), World Energy Balances"
795,Turkmenistan,2019.0,6.78,EG_EGY_PRIM,,"IEA (2024), World Energy Balances"
795,Turkmenistan,2020.0,6.93,EG_EGY_PRIM,,"IEA (2024), World Energy Balances"
795,Turkmenistan,2021.0,10.72,EG_EGY_PRIM,,"IEA (2024), World Energy Balances"
795,Turkmenistan,2022.0,11.39,EG_EGY_PRIM,,"IEA (2024), World Energy Balances"
796,Turks and Caicos Islands,2000.0,,EG_EGY_PRIM,,"Energy Balances, UN Statistics Division (2024)"
796,Turks and Caicos Islands,2001.0,,EG_EGY_PRIM,,"Energy Balances, UN Statistics Division (2024)"
796,Turks and Caicos Islands,2002.0,,EG_EGY_PRIM,,"Energy Balances, UN Statistics Division (2024)"
796,Turks and Caicos Islands,2003.0,,EG_EGY_PRIM,,"Energy Balances, UN Statistics Division (2024)"
796,Turks and Caicos Islands,2004.0,,EG_EGY_PRIM,,"Energy Balances, UN Statistics Division (2024)"
796,Turks and Caicos Islands,2005.0,,EG_EGY_PRIM,,"Energy Balances, UN Statistics Division (2024)"
796,Turks and Caicos Islands,2006.0,,EG_EGY_PRIM,,"Energy Balances, UN Statistics Division (2024)"
796,Turks and Caicos Islands,2007.0,,EG_EGY_PRIM,,"Energy Balances, UN Statistics Division (2024)"
796,Turks and Caicos Islands,2008.0,,EG_EGY_PRIM,,"Energy Balances, UN Statistics Division (2024)"
796,Turks and Caicos Islands,2009.0,,EG_EGY_PRIM,,"Energy Balances, UN Statistics Division (2024)"
796,Turks and Caicos Islands,2010.0,,EG_EGY_PRIM,,"Energy Balances, UN Statistics Division (2024)"
796,Turks and Caicos Islands,2011.0,4.79,EG_EGY_PRIM,,"Energy Balances, UN Statistics Division (2024)"
796,Turks and Caicos Islands,2012.0,4.84,EG_EGY_PRIM,,"Energy Balances, UN Statistics Division (2024)"
796,Turks and Caicos Islands,2013.0,4.83,EG_EGY_PRIM,,"Energy Balances, UN Statistics Division (2024)"
796,Turks and Caicos Islands,2014.0,4.78,EG_EGY_PRIM,,"Energy Balances, UN Statistics Division (2024)"
796,Turks and Caicos Islands,2015.0,4.42,EG_EGY_PRIM,,"Energy Balances, UN Statistics Division (2024)"
796,Turks and Caicos Islands,2016.0,4.28,EG_EGY_PRIM,,"Energy Balances, UN Statistics Division (2024)"
796,Turks and Caicos Islands,2017.0,4.73,EG_EGY_PRIM,,"Energy Balances, UN Statistics Division (2024)"
796,Turks and Caicos Islands,2018.0,4.57,EG_EGY_PRIM,,"Energy Balances, UN Statistics Division (2024)"
796,Turks and Caicos Islands,2019.0,4.39,EG_EGY_PRIM,,"Energy Balances, UN Statistics Division (2024)"
796,Turks and Caicos Islands,2020.0,5.89,EG_EGY_PRIM,,"Energy Balances, UN Statistics Division (2024)"
796,Turks and Caicos Islands,2021.0,5.53,EG_EGY_PRIM,,"Energy Balances, UN Statistics Division (2024)"
796,Turks and Caicos Islands,2022.0,5.18,EG_EGY_PRIM,,"Energy Balances, UN Statistics Division (2024)"
798,Tuvalu,2000.0,2.57,EG_EGY_PRIM,,"Energy Balances, UN Statistics Division (2024)"
798,Tuvalu,2001.0,3.46,EG_EGY_PRIM,,"Energy Balances, UN Statistics Division (2024)"
798,Tuvalu,2002.0,3.52,EG_EGY_PRIM,,"Energy Balances, UN Statistics Division (2024)"
798,Tuvalu,2003.0,3.54,EG_EGY_PRIM,,"Energy Balances, UN Statistics Division (2024)"
798,Tuvalu,2004.0,3.69,EG_EGY_PRIM,,"Energy Balances, UN Statistics Division (2024)"
798,Tuvalu,2005.0,3.98,EG_EGY_PRIM,,"Energy Balances, UN Statistics Division (2024)"
798,Tuvalu,2006.0,3.99,EG_EGY_PRIM,,"Energy Balances, UN Statistics Division (2024)"
798,Tuvalu,2007.0,4.58,EG_EGY_PRIM,,"Energy Balances, UN Statistics Division (2024)"
798,Tuvalu,2008.0,3.23,EG_EGY_PRIM,,"Energy Balances, UN Statistics Division (2024)"
798,Tuvalu,2009.0,3.85,EG_EGY_PRIM,,"Energy Balances, UN Statistics Division (2024)"
798,Tuvalu,2010.0,3.67,EG_EGY_PRIM,,"Energy Balances, UN Statistics Division (2024)"
798,Tuvalu,2011.0,3.54,EG_EGY_PRIM,,"Energy Balances, UN Statistics Division (2024)"
798,Tuvalu,2012.0,3.5,EG_EGY_PRIM,,"Energy Balances, UN Statistics Division (2024)"
798,Tuvalu,2013.0,3.03,EG_EGY_PRIM,,"Energy Balances, UN Statistics Division (2024)"
798,Tuvalu,2014.0,3.05,EG_EGY_PRIM,,"Energy Balances, UN Statistics Division (2024)"
798,Tuvalu,2015.0,2.74,EG_EGY_PRIM,,"Energy Balances, UN Statistics Division (2024)"
798,Tuvalu,2016.0,2.62,EG_EGY_PRIM,,"Energy Balances, UN Statistics Division (2024)"
798,Tuvalu,2017.0,2.64,EG_EGY_PRIM,,"Energy Balances, UN Statistics Division (2024)"
798,Tuvalu,2018.0,2.93,EG_EGY_PRIM,,"Energy Balances, UN Statistics Division (2024)"
798,Tuvalu,2019.0,2.65,EG_EGY_PRIM,,"Energy Balances, UN Statistics Division (2024)"
798,Tuvalu,2020.0,2.52,EG_EGY_PRIM,,"Energy Balances, UN Statistics Division (2024)"
798,Tuvalu,2021.0,2.56,EG_EGY_PRIM,,"Energy Balances, UN Statistics Division (2024)"
798,Tuvalu,2022.0,2.57,EG_EGY_PRIM,,"Energy Balances, UN Statistics Division (2024)"
800,Uganda,2000.0,11.2,EG_EGY_PRIM,,"Energy Balances, UN Statistics Division (2024)"
800,Uganda,2001.0,11.3,EG_EGY_PRIM,,"Energy Balances, UN Statistics Division (2024)"
800,Uganda,2002.0,10.97,EG_EGY_PRIM,,"Energy Balances, UN Statistics Division (2024)"
800,Uganda,2003.0,10.77,EG_EGY_PRIM,,"Energy Balances, UN Statistics Division (2024)"
800,Uganda,2004.0,10.61,EG_EGY_PRIM,,"Energy Balances, UN Statistics Division (2024)"
800,Uganda,2005.0,10.12,EG_EGY_PRIM,,"Energy Balances, UN Statistics Division (2024)"
800,Uganda,2006.0,9.89,EG_EGY_PRIM,,"Energy Balances, UN Statistics Division (2024)"
800,Uganda,2007.0,9.61,EG_EGY_PRIM,,"Energy Balances, UN Statistics Division (2024)"
800,Uganda,2008.0,9.02,EG_EGY_PRIM,,"Energy Balances, UN Statistics Division (2024)"
800,Uganda,2009.0,8.72,EG_EGY_PRIM,,"Energy Balances, UN Statistics Division (2024)"
800,Uganda,2010.0,8.51,EG_EGY_PRIM,,"Energy Balances, UN Statistics Division (2024)"
800,Uganda,2011.0,8.25,EG_EGY_PRIM,,"Energy Balances, UN Statistics Division (2024)"
800,Uganda,2012.0,8.37,EG_EGY_PRIM,,"Energy Balances, UN Statistics Division (2024)"
800,Uganda,2013.0,8.45,EG_EGY_PRIM,,"Energy Balances, UN Statistics Division (2024)"
800,Uganda,2014.0,8.32,EG_EGY_PRIM,,"Energy Balances, UN Statistics Division (2024)"
800,Uganda,2015.0,8.1,EG_EGY_PRIM,,"Energy Balances, UN Statistics Division (2024)"
800,Uganda,2016.0,8.39,EG_EGY_PRIM,,"Energy Balances, UN Statistics Division (2024)"
800,Uganda,2017.0,8.23,EG_EGY_PRIM,,"Energy Balances, UN Statistics Division (2024)"
800,Uganda,2018.0,8.24,EG_EGY_PRIM,,"Energy Balances, UN Statistics Division (2024)"
800,Uganda,2019.0,7.94,EG_EGY_PRIM,,"Energy Balances, UN Statistics Division (2024)"
800,Uganda,2020.0,8.94,EG_EGY_PRIM,,"Energy Balances, UN Statistics Division (2024)"
800,Uganda,2021.0,8.52,EG_EGY_PRIM,,"Energy Balances, UN Statistics Division (2024)"
800,Uganda,2022.0,8.21,EG_EGY_PRIM,,"Energy Balances, UN Statistics Division (2024)"
804,Ukraine,2000.0,11.34,EG_EGY_PRIM,,"IEA (2024), World Energy Balances"
804,Ukraine,2001.0,10.45,EG_EGY_PRIM,,"IEA (2024), World Energy Balances"
804,Ukraine,2002.0,10.03,EG_EGY_PRIM,,"IEA (2024), World Energy Balances"
804,Ukraine,2003.0,9.51,EG_EGY_PRIM,,"IEA (2024), World Energy Balances"
804,Ukraine,2004.0,8.58,EG_EGY_PRIM,,"IEA (2024), World Energy Balances"
804,Ukraine,2005.0,8.27,EG_EGY_PRIM,,"IEA (2024), World Energy Balances"
804,Ukraine,2006.0,7.38,EG_EGY_PRIM,,"IEA (2024), World Energy Balances"
804,Ukraine,2007.0,7.02,EG_EGY_PRIM,,"IEA (2024), World Energy Balances"
804,Ukraine,2008.0,6.63,EG_EGY_PRIM,,"IEA (2024), World Energy Balances"
804,Ukraine,2009.0,6.64,EG_EGY_PRIM,,"IEA (2024), World Energy Balances"
804,Ukraine,2010.0,7.38,EG_EGY_PRIM,,"IEA (2024), World Energy Balances"
804,Ukraine,2011.0,6.69,EG_EGY_PRIM,,"IEA (2024), World Energy Balances"
804,Ukraine,2012.0,6.46,EG_EGY_PRIM,,"IEA (2024), World Energy Balances"
804,Ukraine,2013.0,6.12,EG_EGY_PRIM,,"IEA (2024), World Energy Balances"
804,Ukraine,2014.0,5.96,EG_EGY_PRIM,,"IEA (2024), World Energy Balances"
804,Ukraine,2015.0,5.81,EG_EGY_PRIM,,"IEA (2024), World Energy Balances"
804,Ukraine,2016.0,5.59,EG_EGY_PRIM,,"IEA (2024), World Energy Balances"
804,Ukraine,2017.0,5.33,EG_EGY_PRIM,,"IEA (2024), World Energy Balances"
804,Ukraine,2018.0,5.39,EG_EGY_PRIM,,"IEA (2024), World Energy Balances"
804,Ukraine,2019.0,4.99,EG_EGY_PRIM,,"IEA (2024), World Energy Balances"
804,Ukraine,2020.0,5.01,EG_EGY_PRIM,,"IEA (2024), World Energy Balances"
804,Ukraine,2021.0,4.95,EG_EGY_PRIM,,"IEA (2024), World Energy Balances"
804,Ukraine,2022.0,4.82,EG_EGY_PRIM,,"IEA (2024), World Energy Balances"
784,United Arab Emirates,2000.0,4.2,EG_EGY_PRIM,,"IEA (2024), World Energy Balances"
784,United Arab Emirates,2001.0,5.77,EG_EGY_PRIM,,"IEA (2024), World Energy Balances"
784,United Arab Emirates,2002.0,5.55,EG_EGY_PRIM,,"IEA (2024), World Energy Balances"
784,United Arab Emirates,2003.0,5.03,EG_EGY_PRIM,,"IEA (2024), World Energy Balances"
784,United Arab Emirates,2004.0,4.53,EG_EGY_PRIM,,"IEA (2024), World Energy Balances"
784,United Arab Emirates,2005.0,4.6,EG_EGY_PRIM,,"IEA (2024), World Energy Balances"
784,United Arab Emirates,2006.0,4.35,EG_EGY_PRIM,,"IEA (2024), World Energy Balances"
784,United Arab Emirates,2007.0,4.58,EG_EGY_PRIM,,"IEA (2024), World Energy Balances"
784,United Arab Emirates,2008.0,5.25,EG_EGY_PRIM,,"IEA (2024), World Energy Balances"
784,United Arab Emirates,2009.0,5.93,EG_EGY_PRIM,,"IEA (2024), World Energy Balances"
784,United Arab Emirates,2010.0,5.44,EG_EGY_PRIM,,"IEA (2024), World Energy Balances"
784,United Arab Emirates,2011.0,5.07,EG_EGY_PRIM,,"IEA (2024), World Energy Balances"
784,United Arab Emirates,2012.0,5.21,EG_EGY_PRIM,,"IEA (2024), World Energy Balances"
784,United Arab Emirates,2013.0,5.31,EG_EGY_PRIM,,"IEA (2024), World Energy Balances"
784,United Arab Emirates,2014.0,5.81,EG_EGY_PRIM,,"IEA (2024), World Energy Balances"
784,United Arab Emirates,2015.0,6.05,EG_EGY_PRIM,,"IEA (2024), World Energy Balances"
784,United Arab Emirates,2016.0,6.14,EG_EGY_PRIM,,"IEA (2024), World Energy Balances"
784,United Arab Emirates,2017.0,5.18,EG_EGY_PRIM,,"IEA (2024), World Energy Balances"
784,United Arab Emirates,2018.0,5.16,EG_EGY_PRIM,,"IEA (2024), World Energy Balances"
784,United Arab Emirates,2019.0,5.36,EG_EGY_PRIM,,"IEA (2024), World Energy Balances"
784,United Arab Emirates,2020.0,5.19,EG_EGY_PRIM,,"IEA (2024), World Energy Balances"
784,United Arab Emirates,2021.0,5.39,EG_EGY_PRIM,,"IEA (2024), World Energy Balances"
784,United Arab Emirates,2022.0,5.07,EG_EGY_PRIM,,"IEA (2024), World Energy Balances"
826,United Kingdom of Great Britain and Northern Ireland,2000.0,3.53,EG_EGY_PRIM,,"IEA (2024), World Energy Balances"
826,United Kingdom of Great Britain and Northern Ireland,2001.0,3.46,EG_EGY_PRIM,,"IEA (2024), World Energy Balances"
826,United Kingdom of Great Britain and Northern Ireland,2002.0,3.35,EG_EGY_PRIM,,"IEA (2024), World Energy Balances"
826,United Kingdom of Great Britain and Northern Ireland,2003.0,3.3,EG_EGY_PRIM,,"IEA (2024), World Energy Balances"
826,United Kingdom of Great Britain and Northern Ireland,2004.0,3.19,EG_EGY_PRIM,,"IEA (2024), World Energy Balances"
826,United Kingdom of Great Britain and Northern Ireland,2005.0,3.12,EG_EGY_PRIM,,"IEA (2024), World Energy Balances"
826,United Kingdom of Great Britain and Northern Ireland,2006.0,2.99,EG_EGY_PRIM,,"IEA (2024), World Energy Balances"
826,United Kingdom of Great Britain and Northern Ireland,2007.0,2.81,EG_EGY_PRIM,,"IEA (2024), World Energy Balances"
826,United Kingdom of Great Britain and Northern Ireland,2008.0,2.78,EG_EGY_PRIM,,"IEA (2024), World Energy Balances"
826,United Kingdom of Great Britain and Northern Ireland,2009.0,2.74,EG_EGY_PRIM,,"IEA (2024), World Energy Balances"
826,United Kingdom of Great Britain and Northern Ireland,2010.0,2.78,EG_EGY_PRIM,,"IEA (2024), World Energy Balances"
826,United Kingdom of Great Britain and Northern Ireland,2011.0,2.54,EG_EGY_PRIM,,"IEA (2024), World Energy Balances"
826,United Kingdom of Great Britain and Northern Ireland,2012.0,2.57,EG_EGY_PRIM,,"IEA (2024), World Energy Balances"
826,United Kingdom of Great Britain and Northern Ireland,2013.0,2.49,EG_EGY_PRIM,,"IEA (2024), World Energy Balances"
826,United Kingdom of Great Britain and Northern Ireland,2014.0,2.27,EG_EGY_PRIM,,"IEA (2024), World Energy Balances"
826,United Kingdom of Great Britain and Northern Ireland,2015.0,2.24,EG_EGY_PRIM,,"IEA (2024), World Energy Balances"
826,United Kingdom of Great Britain and Northern Ireland,2016.0,2.15,EG_EGY_PRIM,,"IEA (2024), World Energy Balances"
826,United Kingdom of Great Britain and Northern Ireland,2017.0,2.08,EG_EGY_PRIM,,"IEA (2024), World Energy Balances"
826,United Kingdom of Great Britain and Northern Ireland,2018.0,2.04,EG_EGY_PRIM,,"IEA (2024), World Energy Balances"
826,United Kingdom of Great Britain and Northern Ireland,2019.0,1.93,EG_EGY_PRIM,,"IEA (2024), World Energy Balances"
826,United Kingdom of Great Britain and Northern Ireland,2020.0,1.98,EG_EGY_PRIM,,"IEA (2024), World Energy Balances"
826,United Kingdom of Great Britain and Northern Ireland,2021.0,1.88,EG_EGY_PRIM,,"IEA (2024), World Energy Balances"
826,United Kingdom of Great Britain and Northern Ireland,2022.0,1.72,EG_EGY_PRIM,,"IEA (2024), World Energy Balances"
834,United Republic of Tanzania,2000.0,10.23,EG_EGY_PRIM,,"IEA (2024), World Energy Balances"
834,United Republic of Tanzania,2001.0,10.0,EG_EGY_PRIM,,"IEA (2024), World Energy Balances"
834,United Republic of Tanzania,2002.0,9.79,EG_EGY_PRIM,,"IEA (2024), World Energy Balances"
834,United Republic of Tanzania,2003.0,9.52,EG_EGY_PRIM,,"IEA (2024), World Energy Balances"
834,United Republic of Tanzania,2004.0,9.15,EG_EGY_PRIM,,"IEA (2024), World Energy Balances"
834,United Republic of Tanzania,2005.0,9.01,EG_EGY_PRIM,,"IEA (2024), World Energy Balances"
834,United Republic of Tanzania,2006.0,8.92,EG_EGY_PRIM,,"IEA (2024), World Energy Balances"
834,United Republic of Tanzania,2007.0,8.25,EG_EGY_PRIM,,"IEA (2024), World Energy Balances"
834,United Republic of Tanzania,2008.0,7.95,EG_EGY_PRIM,,"IEA (2024), World Energy Balances"
834,United Republic of Tanzania,2009.0,7.73,EG_EGY_PRIM,,"IEA (2024), World Energy Balances"
834,United Republic of Tanzania,2010.0,7.56,EG_EGY_PRIM,,"IEA (2024), World Energy Balances"
834,United Republic of Tanzania,2011.0,7.41,EG_EGY_PRIM,,"IEA (2024), World Energy Balances"
834,United Republic of Tanzania,2012.0,7.12,EG_EGY_PRIM,,"IEA (2024), World Energy Balances"
834,United Republic of Tanzania,2013.0,6.99,EG_EGY_PRIM,,"IEA (2024), World Energy Balances"
834,United Republic of Tanzania,2014.0,6.48,EG_EGY_PRIM,,"IEA (2024), World Energy Balances"
834,United Republic of Tanzania,2015.0,6.39,EG_EGY_PRIM,,"IEA (2024), World Energy Balances"
834,United Republic of Tanzania,2016.0,6.13,EG_EGY_PRIM,,"IEA (2024), World Energy Balances"
834,United Republic of Tanzania,2017.0,5.8,EG_EGY_PRIM,,"IEA (2024), World Energy Balances"
834,United Republic of Tanzania,2018.0,5.55,EG_EGY_PRIM,,"IEA (2024), World Energy Balances"
834,United Republic of Tanzania,2019.0,5.5,EG_EGY_PRIM,,"IEA (2024), World Energy Balances"
834,United Republic of Tanzania,2020.0,5.3,EG_EGY_PRIM,,"IEA (2024), World Energy Balances"
834,United Republic of Tanzania,2021.0,5.2,EG_EGY_PRIM,,"IEA (2024), World Energy Balances"
834,United Republic of Tanzania,2022.0,5.12,EG_EGY_PRIM,,"IEA (2024), World Energy Balances"
840,United States of America,2000.0,6.13,EG_EGY_PRIM,,"IEA (2024), World Energy Balances"
840,United States of America,2001.0,5.95,EG_EGY_PRIM,,"IEA (2024), World Energy Balances"
840,United States of America,2002.0,5.92,EG_EGY_PRIM,,"IEA (2024), World Energy Balances"
840,United States of America,2003.0,5.77,EG_EGY_PRIM,,"IEA (2024), World Energy Balances"
840,United States of America,2004.0,5.67,EG_EGY_PRIM,,"IEA (2024), World Energy Balances"
840,United States of America,2005.0,5.51,EG_EGY_PRIM,,"IEA (2024), World Energy Balances"
840,United States of America,2006.0,5.31,EG_EGY_PRIM,,"IEA (2024), World Energy Balances"
840,United States of America,2007.0,5.3,EG_EGY_PRIM,,"IEA (2024), World Energy Balances"
840,United States of America,2008.0,5.15,EG_EGY_PRIM,,"IEA (2024), World Energy Balances"
840,United States of America,2009.0,5.03,EG_EGY_PRIM,,"IEA (2024), World Energy Balances"
840,United States of America,2010.0,5.02,EG_EGY_PRIM,,"IEA (2024), World Energy Balances"
840,United States of America,2011.0,4.87,EG_EGY_PRIM,,"IEA (2024), World Energy Balances"
840,United States of America,2012.0,4.67,EG_EGY_PRIM,,"IEA (2024), World Energy Balances"
840,United States of America,2013.0,4.65,EG_EGY_PRIM,,"IEA (2024), World Energy Balances"
840,United States of America,2014.0,4.59,EG_EGY_PRIM,,"IEA (2024), World Energy Balances"
840,United States of America,2015.0,4.42,EG_EGY_PRIM,,"IEA (2024), World Energy Balances"
840,United States of America,2016.0,4.29,EG_EGY_PRIM,,"IEA (2024), World Energy Balances"
840,United States of America,2017.0,4.17,EG_EGY_PRIM,,"IEA (2024), World Energy Balances"
840,United States of America,2018.0,4.16,EG_EGY_PRIM,,"IEA (2024), World Energy Balances"
840,United States of America,2019.0,4.06,EG_EGY_PRIM,,"IEA (2024), World Energy Balances"
840,United States of America,2020.0,3.82,EG_EGY_PRIM,,"IEA (2024), World Energy Balances"
840,United States of America,2021.0,3.78,EG_EGY_PRIM,,"IEA (2024), World Energy Balances"
840,United States of America,2022.0,3.75,EG_EGY_PRIM,,"IEA (2024), World Energy Balances"
850,United States Virgin Islands,2000.0,,EG_EGY_PRIM,,"Energy Balances, UN Statistics Division (2024)"
850,United States Virgin Islands,2001.0,,EG_EGY_PRIM,,"Energy Balances, UN Statistics Division (2024)"
850,United States Virgin Islands,2002.0,0.0,EG_EGY_PRIM,,"Energy Balances, UN Statistics Division (2024)"
850,United States Virgin Islands,2003.0,0.0,EG_EGY_PRIM,,"Energy Balances, UN Statistics Division (2024)"
850,United States Virgin Islands,2004.0,0.0,EG_EGY_PRIM,,"Energy Balances, UN Statistics Division (2024)"
850,United States Virgin Islands,2005.0,0.0,EG_EGY_PRIM,,"Energy Balances, UN Statistics Division (2024)"
850,United States Virgin Islands,2006.0,0.0,EG_EGY_PRIM,,"Energy Balances, UN Statistics Division (2024)"
850,United States Virgin Islands,2007.0,0.0,EG_EGY_PRIM,,"Energy Balances, UN Statistics Division (2024)"
850,United States Virgin Islands,2008.0,0.0,EG_EGY_PRIM,,"Energy Balances, UN Statistics Division (2024)"
850,United States Virgin Islands,2009.0,0.0,EG_EGY_PRIM,,"Energy Balances, UN Statistics Division (2024)"
850,United States Virgin Islands,2010.0,0.0,EG_EGY_PRIM,,"Energy Balances, UN Statistics Division (2024)"
850,United States Virgin Islands,2011.0,0.01,EG_EGY_PRIM,,"Energy Balances, UN Statistics Division (2024)"
850,United States Virgin Islands,2012.0,0.01,EG_EGY_PRIM,,"Energy Balances, UN Statistics Division (2024)"
850,United States Virgin Islands,2013.0,0.02,EG_EGY_PRIM,,"Energy Balances, UN Statistics Division (2024)"
850,United States Virgin Islands,2014.0,0.02,EG_EGY_PRIM,,"Energy Balances, UN Statistics Division (2024)"
850,United States Virgin Islands,2015.0,0.03,EG_EGY_PRIM,,"Energy Balances, UN Statistics Division (2024)"
850,United States Virgin Islands,2016.0,0.03,EG_EGY_PRIM,,"Energy Balances, UN Statistics Division (2024)"
850,United States Virgin Islands,2017.0,0.02,EG_EGY_PRIM,,"Energy Balances, UN Statistics Division (2024)"
850,United States Virgin Islands,2018.0,0.03,EG_EGY_PRIM,,"Energy Balances, UN Statistics Division (2024)"
850,United States Virgin Islands,2019.0,0.03,EG_EGY_PRIM,,"Energy Balances, UN Statistics Division (2024)"
850,United States Virgin Islands,2020.0,0.03,EG_EGY_PRIM,,"Energy Balances, UN Statistics Division (2024)"
850,United States Virgin Islands,2021.0,0.03,EG_EGY_PRIM,,"Energy Balances, UN Statistics Division (2024)"
850,United States Virgin Islands,2022.0,,EG_EGY_PRIM,,"Energy Balances, UN Statistics Division (2024)"
858,Uruguay,2000.0,2.11,EG_EGY_PRIM,,"IEA (2024), World Energy Balances"
858,Uruguay,2001.0,1.93,EG_EGY_PRIM,,"IEA (2024), World Energy Balances"
858,Uruguay,2002.0,1.94,EG_EGY_PRIM,,"IEA (2024), World Energy Balances"
858,Uruguay,2003.0,1.94,EG_EGY_PRIM,,"IEA (2024), World Energy Balances"
858,Uruguay,2004.0,2.11,EG_EGY_PRIM,,"IEA (2024), World Energy Balances"
858,Uruguay,2005.0,2.03,EG_EGY_PRIM,,"IEA (2024), World Energy Balances"
858,Uruguay,2006.0,2.11,EG_EGY_PRIM,,"IEA (2024), World Energy Balances"
858,Uruguay,2007.0,1.98,EG_EGY_PRIM,,"IEA (2024), World Energy Balances"
858,Uruguay,2008.0,2.39,EG_EGY_PRIM,,"IEA (2024), World Energy Balances"
858,Uruguay,2009.0,2.26,EG_EGY_PRIM,,"IEA (2024), World Energy Balances"
858,Uruguay,2010.0,2.06,EG_EGY_PRIM,,"IEA (2024), World Energy Balances"
858,Uruguay,2011.0,2.12,EG_EGY_PRIM,,"IEA (2024), World Energy Balances"
858,Uruguay,2012.0,2.18,EG_EGY_PRIM,,"IEA (2024), World Energy Balances"
858,Uruguay,2013.0,2.05,EG_EGY_PRIM,,"IEA (2024), World Energy Balances"
858,Uruguay,2014.0,2.02,EG_EGY_PRIM,,"IEA (2024), World Energy Balances"
858,Uruguay,2015.0,2.15,EG_EGY_PRIM,,"IEA (2024), World Energy Balances"
858,Uruguay,2016.0,2.21,EG_EGY_PRIM,,"IEA (2024), World Energy Balances"
858,Uruguay,2017.0,2.12,EG_EGY_PRIM,,"IEA (2024), World Energy Balances"
858,Uruguay,2018.0,2.19,EG_EGY_PRIM,,"IEA (2024), World Energy Balances"
858,Uruguay,2019.0,2.14,EG_EGY_PRIM,,"IEA (2024), World Energy Balances"
858,Uruguay,2020.0,2.3,EG_EGY_PRIM,,"IEA (2024), World Energy Balances"
858,Uruguay,2021.0,2.34,EG_EGY_PRIM,,"IEA (2024), World Energy Balances"
858,Uruguay,2022.0,2.2,EG_EGY_PRIM,,"IEA (2024), World Energy Balances"
860,Uzbekistan,2000.0,22.83,EG_EGY_PRIM,,"IEA (2024), World Energy Balances"
860,Uzbekistan,2001.0,22.15,EG_EGY_PRIM,,"IEA (2024), World Energy Balances"
860,Uzbekistan,2002.0,22.07,EG_EGY_PRIM,,"IEA (2024), World Energy Balances"
860,Uzbekistan,2003.0,20.49,EG_EGY_PRIM,,"IEA (2024), World Energy Balances"
860,Uzbekistan,2004.0,18.86,EG_EGY_PRIM,,"IEA (2024), World Energy Balances"
860,Uzbekistan,2005.0,16.66,EG_EGY_PRIM,,"IEA (2024), World Energy Balances"
860,Uzbekistan,2006.0,16.01,EG_EGY_PRIM,,"IEA (2024), World Energy Balances"
860,Uzbekistan,2007.0,14.3,EG_EGY_PRIM,,"IEA (2024), World Energy Balances"
860,Uzbekistan,2008.0,13.5,EG_EGY_PRIM,,"IEA (2024), World Energy Balances"
860,Uzbekistan,2009.0,11.4,EG_EGY_PRIM,,"IEA (2024), World Energy Balances"
860,Uzbekistan,2010.0,11.58,EG_EGY_PRIM,,"IEA (2024), World Energy Balances"
860,Uzbekistan,2011.0,11.0,EG_EGY_PRIM,,"IEA (2024), World Energy Balances"
860,Uzbekistan,2012.0,9.03,EG_EGY_PRIM,,"IEA (2024), World Energy Balances"
860,Uzbekistan,2013.0,8.32,EG_EGY_PRIM,,"IEA (2024), World Energy Balances"
860,Uzbekistan,2014.0,7.27,EG_EGY_PRIM,,"IEA (2024), World Energy Balances"
860,Uzbekistan,2015.0,6.48,EG_EGY_PRIM,,"IEA (2024), World Energy Balances"
860,Uzbekistan,2016.0,6.46,EG_EGY_PRIM,,"IEA (2024), World Energy Balances"
860,Uzbekistan,2017.0,6.52,EG_EGY_PRIM,,"IEA (2024), World Energy Balances"
860,Uzbekistan,2018.0,6.38,EG_EGY_PRIM,,"IEA (2024), World Energy Balances"
860,Uzbekistan,2019.0,6.15,EG_EGY_PRIM,,"IEA (2024), World Energy Balances"
860,Uzbekistan,2020.0,6.48,EG_EGY_PRIM,,"IEA (2024), World Energy Balances"
860,Uzbekistan,2021.0,6.63,EG_EGY_PRIM,,"IEA (2024), World Energy Balances"
860,Uzbekistan,2022.0,6.02,EG_EGY_PRIM,,"IEA (2024), World Energy Balances"
548,Vanuatu,2000.0,3.75,EG_EGY_PRIM,,"Energy Balances, UN Statistics Division (2024)"
548,Vanuatu,2001.0,3.78,EG_EGY_PRIM,,"Energy Balances, UN Statistics Division (2024)"
548,Vanuatu,2002.0,3.88,EG_EGY_PRIM,,"Energy Balances, UN Statistics Division (2024)"
548,Vanuatu,2003.0,3.78,EG_EGY_PRIM,,"Energy Balances, UN Statistics Division (2024)"
548,Vanuatu,2004.0,3.51,EG_EGY_PRIM,,"Energy Balances, UN Statistics Division (2024)"
548,Vanuatu,2005.0,3.36,EG_EGY_PRIM,,"Energy Balances, UN Statistics Division (2024)"
548,Vanuatu,2006.0,3.07,EG_EGY_PRIM,,"Energy Balances, UN Statistics Division (2024)"
548,Vanuatu,2007.0,3.06,EG_EGY_PRIM,,"Energy Balances, UN Statistics Division (2024)"
548,Vanuatu,2008.0,3.19,EG_EGY_PRIM,,"Energy Balances, UN Statistics Division (2024)"
548,Vanuatu,2009.0,3.83,EG_EGY_PRIM,,"Energy Balances, UN Statistics Division (2024)"
548,Vanuatu,2010.0,3.83,EG_EGY_PRIM,,"Energy Balances, UN Statistics Division (2024)"
548,Vanuatu,2011.0,3.85,EG_EGY_PRIM,,"Energy Balances, UN Statistics Division (2024)"
548,Vanuatu,2012.0,3.58,EG_EGY_PRIM,,"Energy Balances, UN Statistics Division (2024)"
548,Vanuatu,2013.0,3.48,EG_EGY_PRIM,,"Energy Balances, UN Statistics Division (2024)"
548,Vanuatu,2014.0,4.18,EG_EGY_PRIM,,"Energy Balances, UN Statistics Division (2024)"
548,Vanuatu,2015.0,3.74,EG_EGY_PRIM,,"Energy Balances, UN Statistics Division (2024)"
548,Vanuatu,2016.0,3.85,EG_EGY_PRIM,,"Energy Balances, UN Statistics Division (2024)"
548,Vanuatu,2017.0,3.45,EG_EGY_PRIM,,"Energy Balances, UN Statistics Division (2024)"
548,Vanuatu,2018.0,3.95,EG_EGY_PRIM,,"Energy Balances, UN Statistics Division (2024)"
548,Vanuatu,2019.0,3.66,EG_EGY_PRIM,,"Energy Balances, UN Statistics Division (2024)"
548,Vanuatu,2020.0,4.51,EG_EGY_PRIM,,"Energy Balances, UN Statistics Division (2024)"
548,Vanuatu,2021.0,4.79,EG_EGY_PRIM,,"Energy Balances, UN Statistics Division (2024)"
548,Vanuatu,2022.0,4.21,EG_EGY_PRIM,,"Energy Balances, UN Statistics Division (2024)"
862,Venezuela (Bolivarian Republic of),2000.0,5.71,EG_EGY_PRIM,,"IEA (2024), World Energy Balances"
862,Venezuela (Bolivarian Republic of),2001.0,5.15,EG_EGY_PRIM,,"IEA (2024), World Energy Balances"
862,Venezuela (Bolivarian Republic of),2002.0,6.96,EG_EGY_PRIM,,"IEA (2024), World Energy Balances"
862,Venezuela (Bolivarian Republic of),2003.0,7.05,EG_EGY_PRIM,,"IEA (2024), World Energy Balances"
862,Venezuela (Bolivarian Republic of),2004.0,5.75,EG_EGY_PRIM,,"IEA (2024), World Energy Balances"
862,Venezuela (Bolivarian Republic of),2005.0,5.45,EG_EGY_PRIM,,"IEA (2024), World Energy Balances"
862,Venezuela (Bolivarian Republic of),2006.0,5.05,EG_EGY_PRIM,,"IEA (2024), World Energy Balances"
862,Venezuela (Bolivarian Republic of),2007.0,4.75,EG_EGY_PRIM,,"IEA (2024), World Energy Balances"
862,Venezuela (Bolivarian Republic of),2008.0,4.49,EG_EGY_PRIM,,"IEA (2024), World Energy Balances"
862,Venezuela (Bolivarian Republic of),2009.0,4.48,EG_EGY_PRIM,,"IEA (2024), World Energy Balances"
862,Venezuela (Bolivarian Republic of),2010.0,5.4,EG_EGY_PRIM,,"IEA (2024), World Energy Balances"
862,Venezuela (Bolivarian Republic of),2011.0,4.63,EG_EGY_PRIM,,"IEA (2024), World Energy Balances"
862,Venezuela (Bolivarian Republic of),2012.0,4.44,EG_EGY_PRIM,,"IEA (2024), World Energy Balances"
862,Venezuela (Bolivarian Republic of),2013.0,4.85,EG_EGY_PRIM,,"IEA (2024), World Energy Balances"
862,Venezuela (Bolivarian Republic of),2014.0,4.39,EG_EGY_PRIM,,"IEA (2024), World Energy Balances"
862,Venezuela (Bolivarian Republic of),2015.0,4.55,EG_EGY_PRIM,,"IEA (2024), World Energy Balances"
862,Venezuela (Bolivarian Republic of),2016.0,5.02,EG_EGY_PRIM,,"IEA (2024), World Energy Balances"
862,Venezuela (Bolivarian Republic of),2017.0,5.59,EG_EGY_PRIM,,"IEA (2024), World Energy Balances"
862,Venezuela (Bolivarian Republic of),2018.0,5.23,EG_EGY_PRIM,,"IEA (2024), World Energy Balances"
862,Venezuela (Bolivarian Republic of),2019.0,7.08,EG_EGY_PRIM,,"IEA (2024), World Energy Balances"
862,Venezuela (Bolivarian Republic of),2020.0,7.86,EG_EGY_PRIM,,"IEA (2024), World Energy Balances"
862,Venezuela (Bolivarian Republic of),2021.0,9.21,EG_EGY_PRIM,,"IEA (2024), World Energy Balances"
862,Venezuela (Bolivarian Republic of),2022.0,9.56,EG_EGY_PRIM,,"IEA (2024), World Energy Balances"
704,Viet Nam,2000.0,3.66,EG_EGY_PRIM,,"IEA (2024), World Energy Balances"
704,Viet Nam,2001.0,3.65,EG_EGY_PRIM,,"IEA (2024), World Energy Balances"
704,Viet Nam,2002.0,3.72,EG_EGY_PRIM,,"IEA (2024), World Energy Balances"
704,Viet Nam,2003.0,3.64,EG_EGY_PRIM,,"IEA (2024), World Energy Balances"
704,Viet Nam,2004.0,3.75,EG_EGY_PRIM,,"IEA (2024), World Energy Balances"
704,Viet Nam,2005.0,3.69,EG_EGY_PRIM,,"IEA (2024), World Energy Balances"
704,Viet Nam,2006.0,3.54,EG_EGY_PRIM,,"IEA (2024), World Energy Balances"
704,Viet Nam,2007.0,3.55,EG_EGY_PRIM,,"IEA (2024), World Energy Balances"
704,Viet Nam,2008.0,3.6,EG_EGY_PRIM,,"IEA (2024), World Energy Balances"
704,Viet Nam,2009.0,3.72,EG_EGY_PRIM,,"IEA (2024), World Energy Balances"
704,Viet Nam,2010.0,3.86,EG_EGY_PRIM,,"IEA (2024), World Energy Balances"
704,Viet Nam,2011.0,3.63,EG_EGY_PRIM,,"IEA (2024), World Energy Balances"
704,Viet Nam,2012.0,3.49,EG_EGY_PRIM,,"IEA (2024), World Energy Balances"
704,Viet Nam,2013.0,3.39,EG_EGY_PRIM,,"IEA (2024), World Energy Balances"
704,Viet Nam,2014.0,3.57,EG_EGY_PRIM,,"IEA (2024), World Energy Balances"
704,Viet Nam,2015.0,3.08,EG_EGY_PRIM,,"IEA (2024), World Energy Balances"
704,Viet Nam,2016.0,3.18,EG_EGY_PRIM,,"IEA (2024), World Energy Balances"
704,Viet Nam,2017.0,3.08,EG_EGY_PRIM,,"IEA (2024), World Energy Balances"
704,Viet Nam,2018.0,3.39,EG_EGY_PRIM,,"IEA (2024), World Energy Balances"
704,Viet Nam,2019.0,3.55,EG_EGY_PRIM,,"IEA (2024), World Energy Balances"
704,Viet Nam,2020.0,3.5,EG_EGY_PRIM,,"IEA (2024), World Energy Balances"
704,Viet Nam,2021.0,3.34,EG_EGY_PRIM,,"IEA (2024), World Energy Balances"
704,Viet Nam,2022.0,3.31,EG_EGY_PRIM,,"IEA (2024), World Energy Balances"
876,Wallis and Futuna Islands,2000.0,,EG_EGY_PRIM,,"Energy Balances, UN Statistics Division (2024)"
876,Wallis and Futuna Islands,2001.0,,EG_EGY_PRIM,,"Energy Balances, UN Statistics Division (2024)"
876,Wallis and Futuna Islands,2002.0,,EG_EGY_PRIM,,"Energy Balances, UN Statistics Division (2024)"
876,Wallis and Futuna Islands,2003.0,,EG_EGY_PRIM,,"Energy Balances, UN Statistics Division (2024)"
876,Wallis and Futuna Islands,2004.0,,EG_EGY_PRIM,,"Energy Balances, UN Statistics Division (2024)"
876,Wallis and Futuna Islands,2005.0,,EG_EGY_PRIM,,"Energy Balances, UN Statistics Division (2024)"
876,Wallis and Futuna Islands,2006.0,,EG_EGY_PRIM,,"Energy Balances, UN Statistics Division (2024)"
876,Wallis and Futuna Islands,2007.0,,EG_EGY_PRIM,,"Energy Balances, UN Statistics Division (2024)"
876,Wallis and Futuna Islands,2008.0,,EG_EGY_PRIM,,"Energy Balances, UN Statistics Division (2024)"
876,Wallis and Futuna Islands,2009.0,,EG_EGY_PRIM,,"Energy Balances, UN Statistics Division (2024)"
876,Wallis and Futuna Islands,2010.0,,EG_EGY_PRIM,,"Energy Balances, UN Statistics Division (2024)"
876,Wallis and Futuna Islands,2011.0,,EG_EGY_PRIM,,"Energy Balances, UN Statistics Division (2024)"
876,Wallis and Futuna Islands,2012.0,,EG_EGY_PRIM,,"Energy Balances, UN Statistics Division (2024)"
876,Wallis and Futuna Islands,2013.0,,EG_EGY_PRIM,,"Energy Balances, UN Statistics Division (2024)"
876,Wallis and Futuna Islands,2014.0,,EG_EGY_PRIM,,"Energy Balances, UN Statistics Division (2024)"
876,Wallis and Futuna Islands,2015.0,,EG_EGY_PRIM,,"Energy Balances, UN Statistics Division (2024)"
876,Wallis and Futuna Islands,2016.0,,EG_EGY_PRIM,,"Energy Balances, UN Statistics Division (2024)"
876,Wallis and Futuna Islands,2017.0,,EG_EGY_PRIM,,"Energy Balances, UN Statistics Division (2024)"
876,Wallis and Futuna Islands,2018.0,,EG_EGY_PRIM,,"Energy Balances, UN Statistics Division (2024)"
876,Wallis and Futuna Islands,2019.0,,EG_EGY_PRIM,,"Energy Balances, UN Statistics Division (2024)"
876,Wallis and Futuna Islands,2020.0,,EG_EGY_PRIM,,"Energy Balances, UN Statistics Division (2024)"
876,Wallis and Futuna Islands,2021.0,,EG_EGY_PRIM,,"Energy Balances, UN Statistics Division (2024)"
876,Wallis and Futuna Islands,2022.0,,EG_EGY_PRIM,,"Energy Balances, UN Statistics Division (2024)"
11,Western Africa,2000.0,3.93,EG_EGY_PRIM,,"IEA (2024), World Energy Balances; Energy Balances, UN Statistics Division (2024)"
11,Western Africa,2001.0,3.87,EG_EGY_PRIM,,"IEA (2024), World Energy Balances; Energy Balances, UN Statistics Division (2024)"
11,Western Africa,2002.0,3.67,EG_EGY_PRIM,,"IEA (2024), World Energy Balances; Energy Balances, UN Statistics Division (2024)"
11,Western Africa,2003.0,3.57,EG_EGY_PRIM,,"IEA (2024), World Energy Balances; Energy Balances, UN Statistics Division (2024)"
11,Western Africa,2004.0,3.46,EG_EGY_PRIM,,"IEA (2024), World Energy Balances; Energy Balances, UN Statistics Division (2024)"
11,Western Africa,2005.0,3.48,EG_EGY_PRIM,,"IEA (2024), World Energy Balances; Energy Balances, UN Statistics Division (2024)"
11,Western Africa,2006.0,3.28,EG_EGY_PRIM,,"IEA (2024), World Energy Balances; Energy Balances, UN Statistics Division (2024)"
11,Western Africa,2007.0,3.18,EG_EGY_PRIM,,"IEA (2024), World Energy Balances; Energy Balances, UN Statistics Division (2024)"
11,Western Africa,2008.0,3.11,EG_EGY_PRIM,,"IEA (2024), World Energy Balances; Energy Balances, UN Statistics Division (2024)"
11,Western Africa,2009.0,2.86,EG_EGY_PRIM,,"IEA (2024), World Energy Balances; Energy Balances, UN Statistics Division (2024)"
11,Western Africa,2010.0,3.08,EG_EGY_PRIM,,"IEA (2024), World Energy Balances; Energy Balances, UN Statistics Division (2024)"
11,Western Africa,2011.0,3.25,EG_EGY_PRIM,,"IEA (2024), World Energy Balances; Energy Balances, UN Statistics Division (2024)"
11,Western Africa,2012.0,3.12,EG_EGY_PRIM,,"IEA (2024), World Energy Balances; Energy Balances, UN Statistics Division (2024)"
11,Western Africa,2013.0,3.0,EG_EGY_PRIM,,"IEA (2024), World Energy Balances; Energy Balances, UN Statistics Division (2024)"
11,Western Africa,2014.0,2.9,EG_EGY_PRIM,,"IEA (2024), World Energy Balances; Energy Balances, UN Statistics Division (2024)"
11,Western Africa,2015.0,2.74,EG_EGY_PRIM,,"IEA (2024), World Energy Balances; Energy Balances, UN Statistics Division (2024)"
11,Western Africa,2016.0,2.85,EG_EGY_PRIM,,"IEA (2024), World Energy Balances; Energy Balances, UN Statistics Division (2024)"
11,Western Africa,2017.0,2.79,EG_EGY_PRIM,,"IEA (2024), World Energy Balances; Energy Balances, UN Statistics Division (2024)"
11,Western Africa,2018.0,2.69,EG_EGY_PRIM,,"IEA (2024), World Energy Balances; Energy Balances, UN Statistics Division (2024)"
11,Western Africa,2019.0,2.82,EG_EGY_PRIM,,"IEA (2024), World Energy Balances; Energy Balances, UN Statistics Division (2024)"
11,Western Africa,2020.0,2.88,EG_EGY_PRIM,,"IEA (2024), World Energy Balances; Energy Balances, UN Statistics Division (2024)"
11,Western Africa,2021.0,2.92,EG_EGY_PRIM,,"IEA (2024), World Energy Balances; Energy Balances, UN Statistics Division (2024)"
11,Western Africa,2022.0,2.88,EG_EGY_PRIM,,"IEA (2024), World Energy Balances; Energy Balances, UN Statistics Division (2024)"
145,Western Asia,2000.0,4.54,EG_EGY_PRIM,,"IEA (2024), World Energy Balances; Energy Balances, UN Statistics Division (2024)"
145,Western Asia,2001.0,4.79,EG_EGY_PRIM,,"IEA (2024), World Energy Balances; Energy Balances, UN Statistics Division (2024)"
145,Western Asia,2002.0,4.94,EG_EGY_PRIM,,"IEA (2024), World Energy Balances; Energy Balances, UN Statistics Division (2024)"
145,Western Asia,2003.0,4.9,EG_EGY_PRIM,,"IEA (2024), World Energy Balances; Energy Balances, UN Statistics Division (2024)"
145,Western Asia,2004.0,4.55,EG_EGY_PRIM,,"IEA (2024), World Energy Balances; Energy Balances, UN Statistics Division (2024)"
145,Western Asia,2005.0,4.5,EG_EGY_PRIM,,"IEA (2024), World Energy Balances; Energy Balances, UN Statistics Division (2024)"
145,Western Asia,2006.0,4.48,EG_EGY_PRIM,,"IEA (2024), World Energy Balances; Energy Balances, UN Statistics Division (2024)"
145,Western Asia,2007.0,4.5,EG_EGY_PRIM,,"IEA (2024), World Energy Balances; Energy Balances, UN Statistics Division (2024)"
145,Western Asia,2008.0,4.57,EG_EGY_PRIM,,"IEA (2024), World Energy Balances; Energy Balances, UN Statistics Division (2024)"
145,Western Asia,2009.0,4.77,EG_EGY_PRIM,,"IEA (2024), World Energy Balances; Energy Balances, UN Statistics Division (2024)"
145,Western Asia,2010.0,4.8,EG_EGY_PRIM,,"IEA (2024), World Energy Balances; Energy Balances, UN Statistics Division (2024)"
145,Western Asia,2011.0,4.59,EG_EGY_PRIM,,"IEA (2024), World Energy Balances; Energy Balances, UN Statistics Division (2024)"
145,Western Asia,2012.0,4.59,EG_EGY_PRIM,,"IEA (2024), World Energy Balances; Energy Balances, UN Statistics Division (2024)"
145,Western Asia,2013.0,4.38,EG_EGY_PRIM,,"IEA (2024), World Energy Balances; Energy Balances, UN Statistics Division (2024)"
145,Western Asia,2014.0,4.43,EG_EGY_PRIM,,"IEA (2024), World Energy Balances; Energy Balances, UN Statistics Division (2024)"
145,Western Asia,2015.0,4.44,EG_EGY_PRIM,,"IEA (2024), World Energy Balances; Energy Balances, UN Statistics Division (2024)"
145,Western Asia,2016.0,4.38,EG_EGY_PRIM,,"IEA (2024), World Energy Balances; Energy Balances, UN Statistics Division (2024)"
145,Western Asia,2017.0,4.37,EG_EGY_PRIM,,"IEA (2024), World Energy Balances; Energy Balances, UN Statistics Division (2024)"
145,Western Asia,2018.0,4.23,EG_EGY_PRIM,,"IEA (2024), World Energy Balances; Energy Balances, UN Statistics Division (2024)"
145,Western Asia,2019.0,4.19,EG_EGY_PRIM,,"IEA (2024), World Energy Balances; Energy Balances, UN Statistics Division (2024)"
145,Western Asia,2020.0,4.23,EG_EGY_PRIM,,"IEA (2024), World Energy Balances; Energy Balances, UN Statistics Division (2024)"
145,Western Asia,2021.0,4.13,EG_EGY_PRIM,,"IEA (2024), World Energy Balances; Energy Balances, UN Statistics Division (2024)"
145,Western Asia,2022.0,4.02,EG_EGY_PRIM,,"IEA (2024), World Energy Balances; Energy Balances, UN Statistics Division (2024)"
155,Western Europe,2000.0,3.46,EG_EGY_PRIM,,"IEA (2024), World Energy Balances; Energy Balances, UN Statistics Division (2024)"
155,Western Europe,2001.0,3.5,EG_EGY_PRIM,,"IEA (2024), World Energy Balances; Energy Balances, UN Statistics Division (2024)"
155,Western Europe,2002.0,3.45,EG_EGY_PRIM,,"IEA (2024), World Energy Balances; Energy Balances, UN Statistics Division (2024)"
155,Western Europe,2003.0,3.5,EG_EGY_PRIM,,"IEA (2024), World Energy Balances; Energy Balances, UN Statistics Division (2024)"
155,Western Europe,2004.0,3.47,EG_EGY_PRIM,,"IEA (2024), World Energy Balances; Energy Balances, UN Statistics Division (2024)"
155,Western Europe,2005.0,3.41,EG_EGY_PRIM,,"IEA (2024), World Energy Balances; Energy Balances, UN Statistics Division (2024)"
155,Western Europe,2006.0,3.32,EG_EGY_PRIM,,"IEA (2024), World Energy Balances; Energy Balances, UN Statistics Division (2024)"
155,Western Europe,2007.0,3.12,EG_EGY_PRIM,,"IEA (2024), World Energy Balances; Energy Balances, UN Statistics Division (2024)"
155,Western Europe,2008.0,3.12,EG_EGY_PRIM,,"IEA (2024), World Energy Balances; Energy Balances, UN Statistics Division (2024)"
155,Western Europe,2009.0,3.1,EG_EGY_PRIM,,"IEA (2024), World Energy Balances; Energy Balances, UN Statistics Division (2024)"
155,Western Europe,2010.0,3.15,EG_EGY_PRIM,,"IEA (2024), World Energy Balances; Energy Balances, UN Statistics Division (2024)"
155,Western Europe,2011.0,2.93,EG_EGY_PRIM,,"IEA (2024), World Energy Balances; Energy Balances, UN Statistics Division (2024)"
155,Western Europe,2012.0,2.92,EG_EGY_PRIM,,"IEA (2024), World Energy Balances; Energy Balances, UN Statistics Division (2024)"
155,Western Europe,2013.0,2.94,EG_EGY_PRIM,,"IEA (2024), World Energy Balances; Energy Balances, UN Statistics Division (2024)"
155,Western Europe,2014.0,2.77,EG_EGY_PRIM,,"IEA (2024), World Energy Balances; Energy Balances, UN Statistics Division (2024)"
155,Western Europe,2015.0,2.73,EG_EGY_PRIM,,"IEA (2024), World Energy Balances; Energy Balances, UN Statistics Division (2024)"
155,Western Europe,2016.0,2.7,EG_EGY_PRIM,,"IEA (2024), World Energy Balances; Energy Balances, UN Statistics Division (2024)"
155,Western Europe,2017.0,2.63,EG_EGY_PRIM,,"IEA (2024), World Energy Balances; Energy Balances, UN Statistics Division (2024)"
155,Western Europe,2018.0,2.54,EG_EGY_PRIM,,"IEA (2024), World Energy Balances; Energy Balances, UN Statistics Division (2024)"
155,Western Europe,2019.0,2.49,EG_EGY_PRIM,,"IEA (2024), World Energy Balances; Energy Balances, UN Statistics Division (2024)"
155,Western Europe,2020.0,2.44,EG_EGY_PRIM,,"IEA (2024), World Energy Balances; Energy Balances, UN Statistics Division (2024)"
155,Western Europe,2021.0,2.44,EG_EGY_PRIM,,"IEA (2024), World Energy Balances; Energy Balances, UN Statistics Division (2024)"
155,Western Europe,2022.0,2.19,EG_EGY_PRIM,,"IEA (2024), World Energy Balances; Energy Balances, UN Statistics Division (2024)"
1,World,2000.0,5.28,EG_EGY_PRIM,,"IEA (2024), World Energy Balances; Energy Balances, UN Statistics Division (2024)"
1,World,2001.0,5.19,EG_EGY_PRIM,,"IEA (2024), World Energy Balances; Energy Balances, UN Statistics Division (2024)"
1,World,2002.0,5.16,EG_EGY_PRIM,,"IEA (2024), World Energy Balances; Energy Balances, UN Statistics Division (2024)"
1,World,2003.0,5.16,EG_EGY_PRIM,,"IEA (2024), World Energy Balances; Energy Balances, UN Statistics Division (2024)"
1,World,2004.0,5.13,EG_EGY_PRIM,,"IEA (2024), World Energy Balances; Energy Balances, UN Statistics Division (2024)"
1,World,2005.0,5.05,EG_EGY_PRIM,,"IEA (2024), World Energy Balances; Energy Balances, UN Statistics Division (2024)"
1,World,2006.0,4.94,EG_EGY_PRIM,,"IEA (2024), World Energy Balances; Energy Balances, UN Statistics Division (2024)"
1,World,2007.0,4.82,EG_EGY_PRIM,,"IEA (2024), World Energy Balances; Energy Balances, UN Statistics Division (2024)"
1,World,2008.0,4.74,EG_EGY_PRIM,,"IEA (2024), World Energy Balances; Energy Balances, UN Statistics Division (2024)"
1,World,2009.0,4.73,EG_EGY_PRIM,,"IEA (2024), World Energy Balances; Energy Balances, UN Statistics Division (2024)"
1,World,2010.0,4.75,EG_EGY_PRIM,,"IEA (2024), World Energy Balances; Energy Balances, UN Statistics Division (2024)"
1,World,2011.0,4.65,EG_EGY_PRIM,,"IEA (2024), World Energy Balances; Energy Balances, UN Statistics Division (2024)"
1,World,2012.0,4.56,EG_EGY_PRIM,,"IEA (2024), World Energy Balances; Energy Balances, UN Statistics Division (2024)"
1,World,2013.0,4.48,EG_EGY_PRIM,,"IEA (2024), World Energy Balances; Energy Balances, UN Statistics Division (2024)"
1,World,2014.0,4.39,EG_EGY_PRIM,,"IEA (2024), World Energy Balances; Energy Balances, UN Statistics Division (2024)"
1,World,2015.0,4.26,EG_EGY_PRIM,,"IEA (2024), World Energy Balances; Energy Balances, UN Statistics Division (2024)"
1,World,2016.0,4.17,EG_EGY_PRIM,,"IEA (2024), World Energy Balances; Energy Balances, UN Statistics Division (2024)"
1,World,2017.0,4.11,EG_EGY_PRIM,,"IEA (2024), World Energy Balances; Energy Balances, UN Statistics Division (2024)"
1,World,2018.0,4.06,EG_EGY_PRIM,,"IEA (2024), World Energy Balances; Energy Balances, UN Statistics Division (2024)"
1,World,2019.0,4.0,EG_EGY_PRIM,,"IEA (2024), World Energy Balances; Energy Balances, UN Statistics Division (2024)"
1,World,2020.0,3.97,EG_EGY_PRIM,,"IEA (2024), World Energy Balances; Energy Balances, UN Statistics Division (2024)"
1,World,2021.0,3.95,EG_EGY_PRIM,,"IEA (2024), World Energy Balances; Energy Balances, UN Statistics Division (2024)"
1,World,2022.0,3.87,EG_EGY_PRIM,,"IEA (2024), World Energy Balances; Energy Balances, UN Statistics Division (2024)"
887,Yemen,2000.0,2.62,EG_EGY_PRIM,,"IEA (2024), World Energy Balances"
887,Yemen,2001.0,2.8,EG_EGY_PRIM,,"IEA (2024), World Energy Balances"
887,Yemen,2002.0,2.61,EG_EGY_PRIM,,"IEA (2024), World Energy Balances"
887,Yemen,2003.0,2.8,EG_EGY_PRIM,,"IEA (2024), World Energy Balances"
887,Yemen,2004.0,2.94,EG_EGY_PRIM,,"IEA (2024), World Energy Balances"
887,Yemen,2005.0,2.96,EG_EGY_PRIM,,"IEA (2024), World Energy Balances"
887,Yemen,2006.0,3.07,EG_EGY_PRIM,,"IEA (2024), World Energy Balances"
887,Yemen,2007.0,2.91,EG_EGY_PRIM,,"IEA (2024), World Energy Balances"
887,Yemen,2008.0,2.96,EG_EGY_PRIM,,"IEA (2024), World Energy Balances"
887,Yemen,2009.0,3.16,EG_EGY_PRIM,,"IEA (2024), World Energy Balances"
887,Yemen,2010.0,2.84,EG_EGY_PRIM,,"IEA (2024), World Energy Balances"
887,Yemen,2011.0,2.76,EG_EGY_PRIM,,"IEA (2024), World Energy Balances"
887,Yemen,2012.0,2.44,EG_EGY_PRIM,,"IEA (2024), World Energy Balances"
887,Yemen,2013.0,3.21,EG_EGY_PRIM,,"IEA (2024), World Energy Balances"
887,Yemen,2014.0,3.06,EG_EGY_PRIM,,"IEA (2024), World Energy Balances"
887,Yemen,2015.0,2.02,EG_EGY_PRIM,,"IEA (2024), World Energy Balances"
887,Yemen,2016.0,1.6,EG_EGY_PRIM,,"IEA (2024), World Energy Balances"
887,Yemen,2017.0,1.5,EG_EGY_PRIM,,"IEA (2024), World Energy Balances"
887,Yemen,2018.0,2.0,EG_EGY_PRIM,,"IEA (2024), World Energy Balances"
887,Yemen,2019.0,1.99,EG_EGY_PRIM,,"IEA (2024), World Energy Balances"
887,Yemen,2020.0,1.87,EG_EGY_PRIM,,"IEA (2024), World Energy Balances"
887,Yemen,2021.0,1.79,EG_EGY_PRIM,,"IEA (2024), World Energy Balances"
887,Yemen,2022.0,1.75,EG_EGY_PRIM,,"IEA (2024), World Energy Balances"
894,Zambia,2000.0,11.23,EG_EGY_PRIM,,"IEA (2024), World Energy Balances"
894,Zambia,2001.0,11.0,EG_EGY_PRIM,,"IEA (2024), World Energy Balances"
894,Zambia,2002.0,10.99,EG_EGY_PRIM,,"IEA (2024), World Energy Balances"
894,Zambia,2003.0,10.73,EG_EGY_PRIM,,"IEA (2024), World Energy Balances"
894,Zambia,2004.0,10.36,EG_EGY_PRIM,,"IEA (2024), World Energy Balances"
894,Zambia,2005.0,9.93,EG_EGY_PRIM,,"IEA (2024), World Energy Balances"
894,Zambia,2006.0,9.47,EG_EGY_PRIM,,"IEA (2024), World Energy Balances"
894,Zambia,2007.0,8.94,EG_EGY_PRIM,,"IEA (2024), World Energy Balances"
894,Zambia,2008.0,8.88,EG_EGY_PRIM,,"IEA (2024), World Energy Balances"
894,Zambia,2009.0,8.47,EG_EGY_PRIM,,"IEA (2024), World Energy Balances"
894,Zambia,2010.0,8.06,EG_EGY_PRIM,,"IEA (2024), World Energy Balances"
894,Zambia,2011.0,8.11,EG_EGY_PRIM,,"IEA (2024), World Energy Balances"
894,Zambia,2012.0,7.98,EG_EGY_PRIM,,"IEA (2024), World Energy Balances"
894,Zambia,2013.0,7.96,EG_EGY_PRIM,,"IEA (2024), World Energy Balances"
894,Zambia,2014.0,7.97,EG_EGY_PRIM,,"IEA (2024), World Energy Balances"
894,Zambia,2015.0,8.04,EG_EGY_PRIM,,"IEA (2024), World Energy Balances"
894,Zambia,2016.0,7.95,EG_EGY_PRIM,,"IEA (2024), World Energy Balances"
894,Zambia,2017.0,8.14,EG_EGY_PRIM,,"IEA (2024), World Energy Balances"
894,Zambia,2018.0,8.34,EG_EGY_PRIM,,"IEA (2024), World Energy Balances"
894,Zambia,2019.0,8.65,EG_EGY_PRIM,,"IEA (2024), World Energy Balances"
894,Zambia,2020.0,9.37,EG_EGY_PRIM,,"IEA (2024), World Energy Balances"
894,Zambia,2021.0,9.2,EG_EGY_PRIM,,"IEA (2024), World Energy Balances"
894,Zambia,2022.0,9.35,EG_EGY_PRIM,,"IEA (2024), World Energy Balances"
716,Zimbabwe,2000.0,4.13,EG_EGY_PRIM,,"IEA (2024), World Energy Balances"
716,Zimbabwe,2001.0,4.06,EG_EGY_PRIM,,"IEA (2024), World Energy Balances"
716,Zimbabwe,2002.0,4.27,EG_EGY_PRIM,,"IEA (2024), World Energy Balances"
716,Zimbabwe,2003.0,4.73,EG_EGY_PRIM,,"IEA (2024), World Energy Balances"
716,Zimbabwe,2004.0,4.81,EG_EGY_PRIM,,"IEA (2024), World Energy Balances"
716,Zimbabwe,2005.0,5.59,EG_EGY_PRIM,,"IEA (2024), World Energy Balances"
716,Zimbabwe,2006.0,6.05,EG_EGY_PRIM,,"IEA (2024), World Energy Balances"
716,Zimbabwe,2007.0,6.07,EG_EGY_PRIM,,"IEA (2024), World Energy Balances"
716,Zimbabwe,2008.0,6.46,EG_EGY_PRIM,,"IEA (2024), World Energy Balances"
716,Zimbabwe,2009.0,6.13,EG_EGY_PRIM,,"IEA (2024), World Energy Balances"
716,Zimbabwe,2010.0,5.22,EG_EGY_PRIM,,"IEA (2024), World Energy Balances"
716,Zimbabwe,2011.0,4.93,EG_EGY_PRIM,,"IEA (2024), World Energy Balances"
716,Zimbabwe,2012.0,4.39,EG_EGY_PRIM,,"IEA (2024), World Energy Balances"
716,Zimbabwe,2013.0,4.44,EG_EGY_PRIM,,"IEA (2024), World Energy Balances"
716,Zimbabwe,2014.0,4.37,EG_EGY_PRIM,,"IEA (2024), World Energy Balances"
716,Zimbabwe,2015.0,4.29,EG_EGY_PRIM,,"IEA (2024), World Energy Balances"
716,Zimbabwe,2016.0,4.02,EG_EGY_PRIM,,"IEA (2024), World Energy Balances"
716,Zimbabwe,2017.0,3.82,EG_EGY_PRIM,,"IEA (2024), World Energy Balances"
716,Zimbabwe,2018.0,3.95,EG_EGY_PRIM,,"IEA (2024), World Energy Balances"
716,Zimbabwe,2019.0,3.96,EG_EGY_PRIM,,"IEA (2024), World Energy Balances"
716,Zimbabwe,2020.0,3.96,EG_EGY_PRIM,,"IEA (2024), World Energy Balances"
716,Zimbabwe,2021.0,4.03,EG_EGY_PRIM,,"IEA (2024), World Energy Balances"
716,Zimbabwe,2022.0,3.97,EG_EGY_PRIM,,"IEA (2024), World Energy Balances"
